s,iter,model,Estimation method,MSE,MSE_0,Feature importance
1,7,Interaction,Causal Forest,0.03855436949529039,0.24993329616699841,"[0.31710949348512174, 0.3609578073087808, 0.11560841610741225, 0.09404016413874836, 0.11228411895993685]"
1,7,LSS confounding,Causal Forest,0.26044654747117985,0.560572398682768,"[0.4755919325923102, 0.08852193249155395, 0.13325584268224056, 0.17769088378055042, 0.12493940845334502]"
1,7,Linear,Causal Forest,0.02776053554116221,0.10471159578741017,"[0.06945198346214164, 0.4822978883205637, 0.15145028741345173, 0.13236750991426616, 0.1644323308895767]"
1,7,Mixed,Causal Forest,0.13195961942682843,0.2397196061217335,"[0.12153122265897717, 0.08679232439757949, 0.574958840347124, 0.11569176130687804, 0.10102585128944132]"
1,2,Interaction,Causal Forest,0.041574849894303316,0.25220987527336414,"[0.3447693713254811, 0.34477445025949705, 0.10677332985544345, 0.10176013227122585, 0.10192271628835262]"
1,2,LSS confounding,Causal Forest,0.30115576335000327,0.602416891730377,"[0.5347984800911783, 0.08912930782992257, 0.141081227550667, 0.10297099975714956, 0.13201998477108273]"
1,2,Linear,Causal Forest,0.014262198004481724,0.10017619723077562,"[0.08627453090202111, 0.5515912324836661, 0.12153349347446545, 0.12722747756238856, 0.11337326557745861]"
1,2,Mixed,Causal Forest,0.10448521089427111,0.28943064289747433,"[0.15785403291499575, 0.10833823786570392, 0.5631604642575375, 0.09649818229674594, 0.07414908266501687]"
1,3,Interaction,Causal Forest,0.02312545012644254,0.2547347776337269,"[0.31832881639194893, 0.3846849070052326, 0.08423402313073446, 0.08875658102193584, 0.1239956724501482]"
1,3,LSS confounding,Causal Forest,0.4900834845093092,0.7904487906130103,"[0.523249895478842, 0.10140037040044328, 0.13079737135532007, 0.12625587045539347, 0.11829649231000129]"
1,3,Linear,Causal Forest,0.06544325328887131,0.1487171532797302,"[0.06431396660114595, 0.5019445574327034, 0.1296419472301903, 0.1625070232054429, 0.14159250553051753]"
1,3,Mixed,Causal Forest,0.14498286896881568,0.27178091639944474,"[0.10294807791750321, 0.10159632471301215, 0.5927605883883649, 0.09503325384933085, 0.10766175513178888]"
1,19,Interaction,Causal Forest,0.06291843539229335,0.2509725259455361,"[0.3016334147431285, 0.3910209462725887, 0.09391112464836246, 0.10836509136136412, 0.10506942297455618]"
1,19,LSS confounding,Causal Forest,0.36650798403640095,0.6524850839735077,"[0.44578670034091405, 0.10853010847912485, 0.123083525734255, 0.15999431028578381, 0.1626053551599223]"
1,19,Linear,Causal Forest,0.039837508689484304,0.11246446316592328,"[0.06259336808328907, 0.5068035584293036, 0.14084821132300898, 0.17907014379820088, 0.11068471836619752]"
1,19,Mixed,Causal Forest,0.13115866900074957,0.3324634459148439,"[0.15775248433240957, 0.10543664378234777, 0.5401190157633224, 0.09878958917813797, 0.09790226694378215]"
1,8,Interaction,Causal Forest,0.06012218850866886,0.258748405882699,"[0.3030403337991346, 0.3497287841102919, 0.1272726347714042, 0.09849211789534479, 0.12146612942382466]"
1,8,LSS confounding,Causal Forest,0.40727718831726284,0.6670081083566926,"[0.4508372696455845, 0.08062508389539845, 0.13650256266606375, 0.18004092481130346, 0.15199415898164984]"
1,8,Linear,Causal Forest,0.04253409377400551,0.10511572892976215,"[0.07450112276195969, 0.3917492369491995, 0.21418880622036143, 0.13585471013930353, 0.18370612392917576]"
1,8,Mixed,Causal Forest,0.13959968899860586,0.3137054814439128,"[0.14069491434820386, 0.07085238594537961, 0.5869518540443718, 0.11636097119087646, 0.08513987447116814]"
1,16,Interaction,Causal Forest,0.04184256065652735,0.2580702049473687,"[0.3098134842974847, 0.38577984547338146, 0.11317814761723914, 0.105400642381284, 0.08582788023061079]"
1,16,LSS confounding,Causal Forest,0.3917698463657127,0.7736925154314731,"[0.5281887750028451, 0.08461288028211454, 0.13652823728029445, 0.1293836413099134, 0.12128646612483253]"
1,16,Linear,Causal Forest,0.04095656551232243,0.12380846132784301,"[0.10668127245601572, 0.4349392584937572, 0.15170279139578396, 0.16917938509265487, 0.13749729256178822]"
1,16,Mixed,Causal Forest,0.1329231707963653,0.26063900652553706,"[0.13489043279684396, 0.09268424317423042, 0.581200257520996, 0.09942131790989722, 0.09180374859803234]"
1,5,Interaction,Causal Forest,0.04166294894632181,0.24989731519061895,"[0.3338633257447902, 0.3620986318544406, 0.10486935207519929, 0.091104955146414, 0.10806373517915592]"
1,5,LSS confounding,Causal Forest,0.3455322481685924,0.6630313460059525,"[0.4068171931036535, 0.11573246566741217, 0.1691519716705713, 0.136482489487415, 0.171815880070948]"
1,5,Linear,Causal Forest,0.031180884544412833,0.11764622348162397,"[0.06457595661186426, 0.5009499343300885, 0.155328886737054, 0.13435557412225993, 0.14478964819873333]"
1,5,Mixed,Causal Forest,0.10966113709233305,0.24305908976730886,"[0.15262086830880245, 0.07192443777612914, 0.6297153817033725, 0.07880894837005668, 0.06693036384163925]"
1,12,Interaction,Causal Forest,0.03275304259026578,0.25599805087540956,"[0.34987363635729607, 0.37364197079467704, 0.08718026763835404, 0.09025643652187537, 0.09904768868779754]"
1,12,LSS confounding,Causal Forest,0.3068016239399133,0.5966050439060339,"[0.5127908030974081, 0.08019265734470707, 0.13254165634079476, 0.1304783185962594, 0.14399656462083066]"
1,12,Linear,Causal Forest,0.04475456303981988,0.12862261693335306,"[0.06342129932187401, 0.49048786751177376, 0.14324613716777354, 0.13946668077784255, 0.1633780152207361]"
1,12,Mixed,Causal Forest,0.1310438707153702,0.263185980441964,"[0.12299951808185183, 0.09564480525033224, 0.5985636871083194, 0.09368003493434947, 0.08911195462514691]"
1,0,Interaction,Causal Forest,0.032066436738663356,0.2498919112461471,"[0.3297060092988931, 0.34005874832539373, 0.09545184561186823, 0.12338281841228975, 0.11140057835155513]"
1,0,LSS confounding,Causal Forest,0.30660839161772724,0.6267075919391245,"[0.43096189992637746, 0.14860079991609973, 0.15375163066412667, 0.1304066868390716, 0.13627898265432456]"
1,0,Linear,Causal Forest,0.023303829305970688,0.10513420900190604,"[0.06700384262566964, 0.5098994621151725, 0.14864795473081097, 0.1425866055765849, 0.13186213495176197]"
1,0,Mixed,Causal Forest,0.10647656251867167,0.3253761999738379,"[0.18160998359947325, 0.09231485332254163, 0.5716484605493306, 0.08361860414133361, 0.0708080983873209]"
1,4,Interaction,Causal Forest,0.03802091900613945,0.2507080936070131,"[0.36963621487665504, 0.31309559976404067, 0.1108060254978715, 0.09510606154341347, 0.11135609831801928]"
1,4,LSS confounding,Causal Forest,0.4267150506452678,0.6704044046293761,"[0.40068981405694215, 0.09353777739395966, 0.15204004550421735, 0.1578760046310373, 0.19585635841384363]"
1,4,Linear,Causal Forest,0.04132208479024056,0.11870387794977982,"[0.05777101459806508, 0.46383411025493515, 0.1636466912281428, 0.15891005176175388, 0.1558381321571031]"
1,4,Mixed,Causal Forest,0.15333730744833984,0.21841133961566458,"[0.12352098507298448, 0.09785166878976018, 0.6157354108926982, 0.07933288614177478, 0.08355904910278224]"
1,18,Interaction,Causal Forest,0.0421047943781292,0.24992728489612717,"[0.3980713682748899, 0.3001081651672313, 0.10465374861424333, 0.08641728660569992, 0.11074943133793569]"
1,18,LSS confounding,Causal Forest,0.20796845580686754,0.49026547689529043,"[0.5024107213380501, 0.1034852987364967, 0.13609004737617372, 0.12253017675061496, 0.1354837557986644]"
1,18,Linear,Causal Forest,0.04583101764394493,0.10444744955227174,"[0.05418690667780884, 0.4734194997545974, 0.15683352382734533, 0.14970142423204374, 0.16585864550820467]"
1,18,Mixed,Causal Forest,0.10876440057008242,0.23387309934853975,"[0.18959778699166346, 0.11626049662813515, 0.4987640527323719, 0.099042199148801, 0.09633546449902852]"
1,17,Interaction,Causal Forest,0.01771419070885114,0.2500170772123246,"[0.29320909672126855, 0.41140676894699874, 0.09636705777429817, 0.10666264701640756, 0.09235442954102704]"
1,17,LSS confounding,Causal Forest,0.3541363295735062,0.6373897202482747,"[0.4754071822850691, 0.1037832414311471, 0.13946198820022832, 0.13979544078577308, 0.14155214729778234]"
1,17,Linear,Causal Forest,0.03144463958666224,0.11702328879648675,"[0.06809546464323091, 0.48013604864559634, 0.13033117239996897, 0.16910715836689447, 0.15233015594430926]"
1,17,Mixed,Causal Forest,0.14948492260641702,0.2763588088700175,"[0.14126147190286661, 0.09389454492943061, 0.5692095595397463, 0.0975400822284933, 0.0980943413994632]"
1,11,Interaction,Causal Forest,0.010783618107627985,0.24989244122461474,"[0.34020315458897943, 0.3723055646321326, 0.09684268788236348, 0.08564322688721168, 0.1050053660093128]"
1,11,LSS confounding,Causal Forest,0.26993158565829245,0.5613027290493262,"[0.4857730080381517, 0.092158422421965, 0.15149571913619045, 0.1267326598477198, 0.1438401905559732]"
1,11,Linear,Causal Forest,0.011888708071193063,0.08863398338736772,"[0.07795064250881727, 0.5281271642622325, 0.12127963615021263, 0.11548832681452426, 0.15715423026421343]"
1,11,Mixed,Causal Forest,0.13625614645480927,0.29524822879995744,"[0.1414116283560467, 0.0915740261155831, 0.6061880275548983, 0.07779672978616271, 0.08302958818730938]"
1,13,Interaction,Causal Forest,0.03378624944925169,0.25053314345465433,"[0.3449740125200871, 0.33626061323702844, 0.10349729814269394, 0.09449915472329855, 0.12076892137689195]"
1,13,LSS confounding,Causal Forest,0.45566877735452205,0.7573541082293632,"[0.49095458315566115, 0.08518654947284195, 0.14889860149540435, 0.14086874486307505, 0.13409152101301758]"
1,13,Linear,Causal Forest,0.03638166667003199,0.10670193126516828,"[0.07536605348571111, 0.4293912897680081, 0.16196389163679892, 0.15486636272102838, 0.17841240238845352]"
1,13,Mixed,Causal Forest,0.16721731613782922,0.27338085159518816,"[0.09221454396208073, 0.0740589990350751, 0.6586690891730678, 0.09880616747710214, 0.07625120035267428]"
1,15,Interaction,Causal Forest,0.04973168136625893,0.2510723230433706,"[0.2846521167117101, 0.3906656276396031, 0.10759603273070503, 0.10642665014170247, 0.11065957277627929]"
1,15,LSS confounding,Causal Forest,0.23237507832085613,0.47886027025721944,"[0.4686596508862859, 0.07184681000469692, 0.1444948241920497, 0.1692675109655897, 0.1457312039513776]"
1,15,Linear,Causal Forest,0.039860842628297706,0.11028128179449115,"[0.08067188127409762, 0.43623633815928686, 0.16333788056481793, 0.17437641829717548, 0.14537748170462206]"
1,15,Mixed,Causal Forest,0.15565883494499488,0.2830196710582708,"[0.12371110633503081, 0.08161685985475767, 0.592417912096711, 0.09920217192501077, 0.10305194978848975]"
1,9,Interaction,Causal Forest,0.05075177642902317,0.25737482439504816,"[0.30793499536743474, 0.37240735012966064, 0.11730439196594274, 0.10133219326425863, 0.10102106927270321]"
1,9,LSS confounding,Causal Forest,0.3365676506806146,0.6153332510875809,"[0.4487952415225335, 0.10345832932892317, 0.151011312658579, 0.14889731065593337, 0.14783780583403108]"
1,9,Linear,Causal Forest,0.04695436432971829,0.13077023054581857,"[0.05985443260391495, 0.5501268802298167, 0.14152530209384526, 0.14523346415007343, 0.10325992092234974]"
1,9,Mixed,Causal Forest,0.14587370976832362,0.2936005309296329,"[0.12111346428381146, 0.10141050867586376, 0.6146340609711468, 0.0786677956612687, 0.0841741704079092]"
1,10,Interaction,Causal Forest,0.024685897007051823,0.2507887096649976,"[0.3661111633512494, 0.35787500980884185, 0.09145596741954001, 0.07968506455647098, 0.10487279486389767]"
1,10,LSS confounding,Causal Forest,0.337582961420583,0.6393905191319593,"[0.4884689732872263, 0.10497447552434112, 0.11859721909431328, 0.12614481691891377, 0.16181451517520562]"
1,10,Linear,Causal Forest,0.024799845982906053,0.10784362711708355,"[0.07232240724211925, 0.5168060998932573, 0.11079420400831573, 0.14348136350114557, 0.15659592535516206]"
1,10,Mixed,Causal Forest,0.15471629036262516,0.24043651634856433,"[0.12278337605166488, 0.08888010495109658, 0.6046193920191559, 0.0907682310071138, 0.09294889597096877]"
1,6,Interaction,Causal Forest,0.03138002750110273,0.25491665435860184,"[0.2975251072679413, 0.4242834533315907, 0.08403297795923244, 0.08639752275700535, 0.10776093868423019]"
1,6,LSS confounding,Causal Forest,0.3972490595411437,0.6476927045702402,"[0.4373059701378431, 0.0841651914347534, 0.13258906667640383, 0.1743575340216642, 0.17158223772933545]"
1,6,Linear,Causal Forest,0.03404176196961083,0.10533533696538572,"[0.06423335438304209, 0.44959101871360696, 0.20143109818058225, 0.13933633614809954, 0.14540819257466897]"
1,6,Mixed,Causal Forest,0.14143933516667526,0.2970603746802364,"[0.10820312426733375, 0.08529327488464218, 0.6405043905853639, 0.0912319535648257, 0.07476725669783454]"
1,14,Interaction,Causal Forest,0.03203818481880215,0.2506847698423899,"[0.3370285670123598, 0.36300277596106256, 0.11051931468621472, 0.10029668846081564, 0.08915265387954738]"
1,14,LSS confounding,Causal Forest,0.26646211511812146,0.5645039835660529,"[0.4725166889828622, 0.08932480333058856, 0.13315033767093676, 0.14328810404942086, 0.1617200659661916]"
1,14,Linear,Causal Forest,0.02519418537044337,0.10872790091175114,"[0.08190164326790647, 0.5468388058926978, 0.12500113774890179, 0.11822142243616021, 0.12803699065433358]"
1,14,Mixed,Causal Forest,0.12594978853334185,0.26876989382060185,"[0.15029079409074209, 0.11959390416916404, 0.514951306183537, 0.1006623967812174, 0.11450159877533947]"
1,1,Interaction,Causal Forest,0.01659866649168446,0.25050111787149987,"[0.35192899437527597, 0.35879323939205204, 0.08836371679332977, 0.09454800565542396, 0.10636604378391824]"
1,1,LSS confounding,Causal Forest,0.3376447417684982,0.6142001652522239,"[0.5019051729946675, 0.10697804366902687, 0.12577207721489775, 0.1368575978097239, 0.128487108311684]"
1,1,Linear,Causal Forest,0.03610279450145366,0.12148392649614931,"[0.08597185102839246, 0.4443506154513513, 0.15242903651553924, 0.16822745598065747, 0.14902104102405947]"
1,1,Mixed,Causal Forest,0.13915643326835112,0.2697752345781548,"[0.10928310674072948, 0.07365750204999465, 0.630013074967729, 0.09658122827619722, 0.09046508796534972]"
2,5,Interaction,Causal Forest,0.1588109099292709,0.5018766858465744,"[0.24737530455177142, 0.14320062655103488, 0.12653787277771708, 0.13170735184849625, 0.05544802714613525, 0.0754269096826723, 0.05556298066801541, 0.05577668101063521, 0.05617514824002925, 0.05278909752349291]"
2,5,LSS confounding,Causal Forest,0.3416997226997675,0.7681986455963572,"[0.3126220893081111, 0.15561516646391543, 0.047834614560366466, 0.050716843983154486, 0.06682610642778554, 0.07293218663009948, 0.0697986126282593, 0.08412926666896439, 0.06826337887458084, 0.07126173445476298]"
2,5,Linear,Causal Forest,0.04871188498783432,0.19605784304547694,"[0.04818986383195174, 0.05354513944578304, 0.23870876325229598, 0.25393248835555043, 0.07226647201854465, 0.09103190066370365, 0.05948236909362575, 0.06238169130584843, 0.05853611022420565, 0.0619252018084906]"
2,5,Mixed,Causal Forest,0.31901775639190283,0.4284577270153282,"[0.05565552414351079, 0.06040847594523981, 0.04423873759678864, 0.05129449291752933, 0.3287593040970053, 0.24457646196215518, 0.04085289111718715, 0.07031415959953019, 0.04922780532063644, 0.0546721473004172]"
2,14,Interaction,Causal Forest,0.1955012378769031,0.5042595203826563,"[0.15816775032668373, 0.214102501130805, 0.09319583832136337, 0.146314676589186, 0.055358899885216965, 0.082083173846712, 0.05832403206154452, 0.06506958018572229, 0.06337810088344836, 0.06400544676931767]"
2,14,LSS confounding,Causal Forest,0.32470865768546026,0.8030021706731616,"[0.20735724469984976, 0.25014100246263665, 0.04859276642299147, 0.05277969256905877, 0.07422947355018776, 0.07400456186430739, 0.06549115711439411, 0.0847697860974326, 0.07164781611918414, 0.07098649909995722]"
2,14,Linear,Causal Forest,0.04916158036744526,0.18511513515899086,"[0.06899628328465224, 0.07517610078964125, 0.22973970210349148, 0.21739335559995734, 0.07632731881898593, 0.08294653133158068, 0.05739129295793868, 0.06395202943713467, 0.06959205954473352, 0.058485326131884306]"
2,14,Mixed,Causal Forest,0.2985879151296782,0.4609356077735925,"[0.08779450835467169, 0.07974663323985447, 0.050256614445385844, 0.05825084501304893, 0.24514012439424057, 0.26645415816542045, 0.053809526883004825, 0.05310180870565238, 0.05276588331002079, 0.052679897488700035]"
2,12,Interaction,Causal Forest,0.19682030079807583,0.5032319206008854,"[0.22847257022283152, 0.1401637611733069, 0.09641942284657738, 0.15087311536762127, 0.061214282059736315, 0.06896548357503451, 0.052376942189089504, 0.06966532455232179, 0.06420263466570468, 0.06764646334777606]"
2,12,LSS confounding,Causal Forest,0.37359828279082224,0.7869850029906529,"[0.20742302479636424, 0.23311925403512254, 0.05454722627023456, 0.05504910374677593, 0.07848473220732241, 0.09223209961307115, 0.06795780961825132, 0.07756309536622569, 0.06571165376931566, 0.06791200057731654]"
2,12,Linear,Causal Forest,0.07026148653286389,0.20566364829691847,"[0.0616886469884627, 0.06406059797641117, 0.15708622866739777, 0.25873341181688075, 0.0809652306989595, 0.06924597302747047, 0.07812514057063716, 0.08342403536620138, 0.07281798253832392, 0.07385275234925513]"
2,12,Mixed,Causal Forest,0.3153549064978776,0.46354867435753716,"[0.07103336244510479, 0.07553013950041124, 0.046488181005992495, 0.052084564081680676, 0.2195778990970623, 0.3413629617426035, 0.04073949247591587, 0.056474154677639284, 0.05139034974683114, 0.04531889522675875]"
2,0,Interaction,Causal Forest,0.16758491164332726,0.5009406998893582,"[0.2184609029187359, 0.21879030627585966, 0.10418487367501068, 0.11296401285979954, 0.060285561460675076, 0.05667431578499218, 0.06634148786270078, 0.047173754440751975, 0.06172658328133125, 0.053398201440142866]"
2,0,LSS confounding,Causal Forest,0.4169621163411742,0.8552879179793194,"[0.15396046305077624, 0.33294806524077064, 0.04909851374805572, 0.04279766287263515, 0.07674070030257756, 0.07341958237842106, 0.0735576687286982, 0.06310943838789496, 0.06330310974484958, 0.07106479554532091]"
2,0,Linear,Causal Forest,0.06794019199297463,0.20869673969534197,"[0.06491555330208737, 0.06768419607321975, 0.21314290716250017, 0.18503185378393372, 0.07765944869209385, 0.09681268874551703, 0.07596604610004622, 0.07918945341332866, 0.06594360891734549, 0.07365424380992781]"
2,0,Mixed,Causal Forest,0.3102549400432299,0.47271257086580676,"[0.061467593272569336, 0.060276778178544044, 0.05995323445566268, 0.06443631488508123, 0.2729383559448624, 0.2799969535803225, 0.05885217508998407, 0.047781223081264514, 0.04801361769286123, 0.046283753818848104]"
2,15,Interaction,Causal Forest,0.1539367831370333,0.5089239232618524,"[0.1261107515534216, 0.15521623870118492, 0.18932011889556807, 0.17400268672248945, 0.05458115215409621, 0.05618872895511466, 0.05871785482805322, 0.06258867576347042, 0.06359157895207627, 0.059682213474525056]"
2,15,LSS confounding,Causal Forest,0.36073374458498103,0.7484376977369858,"[0.3023026251293053, 0.1421619291948973, 0.05082394666149552, 0.041314879455800875, 0.07030777286224414, 0.06551366303600109, 0.09108767228082264, 0.08797575140940672, 0.07842184405586707, 0.07008991591415942]"
2,15,Linear,Causal Forest,0.05387789182239021,0.18666840121186482,"[0.06569220700059779, 0.06633544147220351, 0.24845074310736556, 0.19189612372934825, 0.06050040498617114, 0.07146555332069088, 0.08619326482653644, 0.07731503290734745, 0.06400861274987256, 0.06814261589986638]"
2,15,Mixed,Causal Forest,0.30651405802665266,0.47754080592918363,"[0.07269691613135663, 0.06622926617763673, 0.05044826319439298, 0.05348184515605262, 0.25471269504920174, 0.31471027947684826, 0.04425374626180567, 0.04971255847417731, 0.05101433568752171, 0.04274009439100643]"
2,18,Interaction,Causal Forest,0.22187028366712294,0.5063705863163876,"[0.16763971260778013, 0.1809311444855654, 0.09473808821772273, 0.15960276833855475, 0.0733507450146679, 0.053189030885737, 0.06115030286279246, 0.0701678234756663, 0.06239846606432604, 0.07683191804718725]"
2,18,LSS confounding,Causal Forest,0.4813184676386667,0.9668304990047891,"[0.15362982800188651, 0.3175661764584077, 0.05151678750717779, 0.045912599301556216, 0.07079002034399552, 0.08089868034680196, 0.06621974973047555, 0.06951764079981909, 0.0683228759094677, 0.07562564160041195]"
2,18,Linear,Causal Forest,0.032160840098991644,0.1908777729057152,"[0.0462938835369863, 0.06504143695815426, 0.23399319257221354, 0.27794916586609864, 0.06310349725191063, 0.06346992116999371, 0.06768477358211185, 0.05643341920136773, 0.05972803839394708, 0.06630267146721618]"
2,18,Mixed,Causal Forest,0.3418078609002652,0.46378842396507125,"[0.048358838720874806, 0.061935314368584876, 0.041469439118403374, 0.09212810654525035, 0.2607796422841601, 0.2949846113792121, 0.052858382887631505, 0.05460622300400361, 0.05267556374233836, 0.04020387794954072]"
2,11,Interaction,Causal Forest,0.20770235806174395,0.5017715324027937,"[0.14679342388302152, 0.22492114199540192, 0.14836379326237842, 0.14069470563883368, 0.06215281979142147, 0.05229506512548454, 0.05400243223555383, 0.05684007179000753, 0.06462335059611402, 0.049313195681782905]"
2,11,LSS confounding,Causal Forest,0.4052312262369603,0.8650113766280956,"[0.16044943385173766, 0.32300622545704705, 0.053267067505013005, 0.04668474782507763, 0.0734296402879626, 0.0616318524560838, 0.06493529854394742, 0.08244556382745896, 0.06484562258969238, 0.06930454765597963]"
2,11,Linear,Causal Forest,0.04862027871379345,0.18196865986443517,"[0.047235064177656515, 0.09803678125151219, 0.1893461205693451, 0.2739901209531364, 0.06892008093253969, 0.057444253481495205, 0.05827853488436742, 0.0712086650801462, 0.07134823656351728, 0.06419214210628404]"
2,11,Mixed,Causal Forest,0.32636045587753737,0.5086010144313182,"[0.08026136454082082, 0.1080164922748892, 0.04683840911922167, 0.05860376759741924, 0.2928890245963699, 0.20830734594968842, 0.04444982094638656, 0.058405392836736965, 0.054814333053005704, 0.04741404908546156]"
2,17,Interaction,Causal Forest,0.21300368253738514,0.5009740178348921,"[0.11781178063980491, 0.128916036957741, 0.1327960968103049, 0.19643374600836772, 0.08256127110354103, 0.08448457009709122, 0.07575598114505011, 0.052017584630423955, 0.06181563410333583, 0.06740729850433938]"
2,17,LSS confounding,Causal Forest,0.3573044700653953,0.7808725354525244,"[0.2180576825438335, 0.22761285621628297, 0.050874942156219446, 0.04305685113106005, 0.08949484106850647, 0.08054553268753413, 0.07988162452969792, 0.06428565228989129, 0.07164404019281846, 0.0745459771841558]"
2,17,Linear,Causal Forest,0.04451214885169603,0.1836760557051733,"[0.05456287083755784, 0.06585337055491333, 0.19947403004092198, 0.22296626768446792, 0.09236217751323879, 0.07503538076321735, 0.08332112741612974, 0.061234272668196546, 0.07194411766430879, 0.07324638485704771]"
2,17,Mixed,Causal Forest,0.33154011538491523,0.465627180390855,"[0.08259060548368506, 0.057361723252832036, 0.04925835579442588, 0.05530701867438165, 0.3105651606677158, 0.23966133769918435, 0.0502414923333408, 0.05160096297928107, 0.05156995188722905, 0.051843391227924446]"
2,9,Interaction,Causal Forest,0.17138653475953272,0.502314009201315,"[0.2061120526593658, 0.10337740148527359, 0.19727980594001665, 0.14688844457149103, 0.0548758083870698, 0.05713226415179138, 0.06499334500768393, 0.05456632237345401, 0.05634024530018066, 0.05843431012367313]"
2,9,LSS confounding,Causal Forest,0.39812248395713495,0.8113671975986229,"[0.2833080050148892, 0.14275131687243656, 0.054521277348029064, 0.05106085833109996, 0.07152917143982228, 0.09286642713842719, 0.08559466497309279, 0.07487658892693781, 0.06792514909131529, 0.07556654086395005]"
2,9,Linear,Causal Forest,0.04368458658289891,0.19429018077043597,"[0.048591356958149666, 0.05962510910461748, 0.18609157042353897, 0.3068764825348978, 0.06558530400618061, 0.06542848029662723, 0.06885997598931512, 0.07173805818656903, 0.06592583292575832, 0.06127782957434583]"
2,9,Mixed,Causal Forest,0.31797814407509906,0.45866132166923207,"[0.06420693267307369, 0.056264980936564395, 0.05681587737151363, 0.04786241977033907, 0.3051791822233253, 0.27004588897212084, 0.04602680378245269, 0.05153052983571625, 0.05355207662176441, 0.04851530781312967]"
2,2,Interaction,Causal Forest,0.18822065442586602,0.5011080989023793,"[0.16528175133047854, 0.17600635117837637, 0.12618725705823966, 0.1710002575259554, 0.05555803991479016, 0.059339283481765995, 0.05839931847601342, 0.05676574100739901, 0.06731017904442226, 0.0641518209825592]"
2,2,LSS confounding,Causal Forest,0.4656249160651185,0.9342544896233117,"[0.17147830376883977, 0.2749168226347105, 0.043483389288101595, 0.06193181730948107, 0.0813990747332684, 0.06507572028831297, 0.08050856494030156, 0.07824023010366314, 0.06754479854605396, 0.07542127838726698]"
2,2,Linear,Causal Forest,0.060897342433356,0.21669098201361936,"[0.0508570291392634, 0.060415340362259526, 0.24346697580798946, 0.2213421184073003, 0.0764266017529021, 0.06880541819889834, 0.0672257286331928, 0.0695303971555293, 0.05780217321320603, 0.08412821732945869]"
2,2,Mixed,Causal Forest,0.3135404694614649,0.4471434576908988,"[0.07390250669134257, 0.052493410388733786, 0.04794824787536147, 0.04919203036953442, 0.2987584758996146, 0.24831832546624388, 0.07332118660475918, 0.057609918729268815, 0.05141754049850833, 0.04703835747663299]"
2,6,Interaction,Causal Forest,0.20227596927056987,0.5022646210690028,"[0.1634212091005601, 0.1378080588716984, 0.15880781653247072, 0.15585426350564116, 0.07965828309431747, 0.06693278329564571, 0.05956872748209098, 0.05834804561922449, 0.06077348406215388, 0.058827328436197084]"
2,6,LSS confounding,Causal Forest,0.39790818494735714,0.778587337635944,"[0.29565209618747484, 0.12649576862145437, 0.045762540892880045, 0.049642964903004946, 0.0837459737323788, 0.08235045492300484, 0.07634523855990026, 0.08707154309509614, 0.07712161465147631, 0.07581180443332936]"
2,6,Linear,Causal Forest,0.06624686246204463,0.20663594208943944,"[0.0631312230577513, 0.08557222281015829, 0.25572711398972436, 0.17251104397200107, 0.0952803389675108, 0.06979060119512606, 0.06451198612344151, 0.05995434955275432, 0.06538031503393951, 0.06814080529759278]"
2,6,Mixed,Causal Forest,0.33779973177350564,0.46119190656515435,"[0.047496934501287745, 0.055679309167568414, 0.0516018648063822, 0.059317123492544296, 0.31080052211281567, 0.276944776885278, 0.040967676223372634, 0.05206640751084518, 0.051518556010408514, 0.05360682928949744]"
2,8,Interaction,Causal Forest,0.11515051831035934,0.5032433300368568,"[0.15604980048498693, 0.25773798307013973, 0.1320698341239149, 0.11643836151183398, 0.047100379762999425, 0.053066727763864896, 0.05529281510941596, 0.0727696675187719, 0.05681887540061781, 0.052655555253454576]"
2,8,LSS confounding,Causal Forest,0.4005177601231032,0.8652302891584808,"[0.17241094368956617, 0.24073009116677696, 0.04844927140363569, 0.07848695966621726, 0.08357398749139418, 0.07967299596047213, 0.06901427755168926, 0.07468567567987477, 0.07843961123513303, 0.07453618615524066]"
2,8,Linear,Causal Forest,0.06623314037181359,0.20935272718580744,"[0.06209347928469752, 0.048666182239870806, 0.21822592956315898, 0.25600161680924166, 0.05933140797766674, 0.05883521372385475, 0.05936311071441275, 0.0832478934639156, 0.07702539965999432, 0.07720976656318687]"
2,8,Mixed,Causal Forest,0.2897290179197632,0.5007207914123727,"[0.06225300565748589, 0.07791685382396342, 0.061653950004447865, 0.048432255552138814, 0.30235315057029666, 0.25984734187123265, 0.04540252250307044, 0.055503324212923554, 0.041033223595234584, 0.04560437220920614]"
2,7,Interaction,Causal Forest,0.1807893840574366,0.5078476730212255,"[0.1271094633181065, 0.19162682932846975, 0.17738472484917103, 0.13463330336255974, 0.08851548806826247, 0.049793524657331605, 0.055664392561657186, 0.053230989874334354, 0.04827120821909396, 0.07377007576101352]"
2,7,LSS confounding,Causal Forest,0.4923918361395211,0.9126767751710892,"[0.23769523147238664, 0.1814691686401107, 0.05190381400758015, 0.0697840492124699, 0.0817318486052924, 0.06679380076917477, 0.07490965565066439, 0.0678493941920057, 0.07651013133409613, 0.0913529061162193]"
2,7,Linear,Causal Forest,0.10961727327288523,0.20399972014819337,"[0.07033561928916353, 0.06419261810707712, 0.12570838266396642, 0.23928804134825366, 0.08278461309073512, 0.06811015917532627, 0.09254371942347747, 0.07111953911747343, 0.09355533557383705, 0.09236197221068995]"
2,7,Mixed,Causal Forest,0.30200602272107724,0.425056437615508,"[0.06809497524367039, 0.06980428240878678, 0.05609565515361454, 0.055084466695560774, 0.2631048148318732, 0.27774020144891076, 0.04905784511489355, 0.051501718758050596, 0.05708160980407118, 0.05243443054056826]"
2,16,Interaction,Causal Forest,0.18921083196414695,0.5041219351804583,"[0.10933146793821699, 0.14590650713184083, 0.1870683806372175, 0.20772491332139953, 0.050802652237498656, 0.05611369481956036, 0.06913846683748391, 0.05649390639716127, 0.0606791015867603, 0.05674090909286062]"
2,16,LSS confounding,Causal Forest,0.3524854894037139,0.870517876956585,"[0.26575353994519285, 0.2142346366354371, 0.05246863350998134, 0.05982448093079604, 0.0624012395006769, 0.06599444651503922, 0.06639550202517693, 0.06612824764198645, 0.07686401624133832, 0.06993525705437476]"
2,16,Linear,Causal Forest,0.05429970011017805,0.19783462588106737,"[0.08583769877515232, 0.07250369906132784, 0.24210112526624403, 0.18329248356081393, 0.07561343948799545, 0.06588771988101189, 0.07703648255262031, 0.061928289172800105, 0.06712152266608004, 0.06867753957595409]"
2,16,Mixed,Causal Forest,0.32981413222002715,0.4816509142119866,"[0.0550034556026212, 0.06766484413484654, 0.0659012514488107, 0.05733964087057038, 0.21631587720172965, 0.3049231607357273, 0.051711881050629904, 0.07020163222262049, 0.05348910256795492, 0.05744915416448891]"
2,10,Interaction,Causal Forest,0.1861767278885701,0.5009328837834344,"[0.2154299013787594, 0.2707041401264553, 0.08036172910496495, 0.07864198900075797, 0.06128439217492509, 0.05589443274472666, 0.05889967399136925, 0.05794825197605674, 0.06422421783840637, 0.056611271663578246]"
2,10,LSS confounding,Causal Forest,0.4688345728225536,0.8824450580676114,"[0.19510857870199616, 0.2392695922693191, 0.039276995938300356, 0.050547712544904214, 0.0790017975480462, 0.0607304673943843, 0.0896253231746118, 0.06766729725701058, 0.09580775218203581, 0.08296448298939137]"
2,10,Linear,Causal Forest,0.05555718216103798,0.18999503833755166,"[0.048819444994967175, 0.08874474295804329, 0.19141289559544322, 0.2388050143345321, 0.07223841933754747, 0.07563123304079299, 0.07141654342569662, 0.07860038033077642, 0.07069534333344359, 0.06363598264875703]"
2,10,Mixed,Causal Forest,0.30795510313311686,0.46929143887496083,"[0.07388316245325029, 0.07347996994211482, 0.04025449701506039, 0.04342932486019795, 0.2790478166396569, 0.26661655678402324, 0.055894471516817576, 0.048479837065160285, 0.05676604014170402, 0.06214832358201448]"
2,1,Interaction,Causal Forest,0.1384935464341327,0.5024539737824518,"[0.1084824151722593, 0.1256168441125733, 0.20534632128284003, 0.20092715961521948, 0.06009203975182524, 0.0664300698122166, 0.05237276715767447, 0.0595797952129782, 0.0658220216419031, 0.05533056624051026]"
2,1,LSS confounding,Causal Forest,0.39944608794362074,0.8019172499543337,"[0.1859266123536973, 0.23118424969796694, 0.05291099310411945, 0.054594879363255536, 0.07986186239763506, 0.07921516143025048, 0.09312445240440309, 0.08014874182846742, 0.07014370917085042, 0.0728893382493543]"
2,1,Linear,Causal Forest,0.06403281507621408,0.2044590981213703,"[0.07099850802996005, 0.0585636279036068, 0.18067977946422448, 0.2577634223144367, 0.0650767351074219, 0.06901233298515608, 0.067833956997286, 0.07404539004617898, 0.08353395851799532, 0.07249228863373358]"
2,1,Mixed,Causal Forest,0.3453792776289806,0.47884965639946225,"[0.05429791394353732, 0.060989895581144545, 0.05719404061365367, 0.043196149402720894, 0.2587165039197678, 0.284157147545572, 0.07714444996241072, 0.05584023859458173, 0.061884773263034425, 0.04657888717357672]"
2,4,Interaction,Causal Forest,0.15695783337839106,0.5036693849610953,"[0.19796091644993008, 0.17494025699394272, 0.1596069088473053, 0.10552755858159622, 0.07177990235169598, 0.05944661837083043, 0.05641363115936859, 0.0542788797008393, 0.06788279708636014, 0.052162530458131205]"
2,4,LSS confounding,Causal Forest,0.4583400380768964,0.8838423026364806,"[0.1671485965188747, 0.2662850936747633, 0.04909907915964651, 0.047814845247010185, 0.07130818963701607, 0.07252901358752668, 0.08083848219306469, 0.0953971110008158, 0.07901737770249684, 0.07056221127878537]"
2,4,Linear,Causal Forest,0.04591011453737762,0.1869686104660245,"[0.06583882034645655, 0.054727100266302287, 0.18502708582502564, 0.28679289130913593, 0.05599187072028984, 0.07091493233342447, 0.055358834655783375, 0.08197418518172402, 0.06889387922893853, 0.07448040013291951]"
2,4,Mixed,Causal Forest,0.3206551757383189,0.4928460385578876,"[0.06550140687281189, 0.06046004504733624, 0.05432874352377778, 0.05843389406243553, 0.24532113425966284, 0.3209038191001408, 0.058018345275056504, 0.04431126284486861, 0.04027653630995714, 0.0524448127039525]"
2,19,Interaction,Causal Forest,0.15781709060931376,0.5052528109355977,"[0.150407900931332, 0.17254844261562563, 0.13166620116688166, 0.17302208751727413, 0.06033891379927776, 0.07115915953611131, 0.055698066365120535, 0.06638354139016821, 0.062393483092636426, 0.05638220358557233]"
2,19,LSS confounding,Causal Forest,0.3625779783491247,0.8076522408393542,"[0.18907641597857008, 0.213069377836417, 0.06090553345038583, 0.051234482922585665, 0.0777540608841406, 0.07952677503656817, 0.07331929377046308, 0.08010029697360468, 0.09960358920726793, 0.07541017393999697]"
2,19,Linear,Causal Forest,0.07254179167068332,0.18252662300911052,"[0.06987735964658551, 0.07635689190800295, 0.14386806181455428, 0.22512033711367146, 0.09260353039472553, 0.07928866323209188, 0.08689876874271171, 0.07032874414149425, 0.08538976510038923, 0.07026787790577325]"
2,19,Mixed,Causal Forest,0.3377593881018523,0.49690720910300507,"[0.06282158857279366, 0.058697515813363035, 0.053542429197050545, 0.041645944530046504, 0.33411078215561346, 0.2580749660137075, 0.0415978521887342, 0.052814957845862764, 0.04754207261213799, 0.04915189107069035]"
2,3,Interaction,Causal Forest,0.1690077757796119,0.5100119321485576,"[0.19720278775920091, 0.12250232172442527, 0.13943299897603395, 0.18807335528488456, 0.0716094312240617, 0.05866979523420226, 0.06228456466470909, 0.053966673755097484, 0.05612780952465929, 0.050130261852725524]"
2,3,LSS confounding,Causal Forest,0.3154624678884364,0.7367340667072974,"[0.2757327916477216, 0.1583400543926995, 0.05221670876752046, 0.049332120741959945, 0.08509424626569892, 0.07339388653576294, 0.07820371885433729, 0.08068384342999213, 0.07185515727314057, 0.07514747209116665]"
2,3,Linear,Causal Forest,0.06764927802904999,0.20520518035023147,"[0.07282523234353969, 0.060583343540603796, 0.2624343839796167, 0.15123350840756636, 0.08026268963308965, 0.07342564655935735, 0.059967785927220775, 0.08615404592943354, 0.07579284592038381, 0.07732051775918825]"
2,3,Mixed,Causal Forest,0.31002436934112787,0.4792986891932389,"[0.07228386518653811, 0.06309164193314311, 0.050563190569036555, 0.04364648917077947, 0.3721868479409495, 0.21856853608662452, 0.03804009191700562, 0.05201902865568188, 0.04331232672108941, 0.046287981819152016]"
2,13,Interaction,Causal Forest,0.1679854484863153,0.5009280081163513,"[0.20262537166139205, 0.14985613060619918, 0.1572806427963479, 0.11788532327691131, 0.07017128131442905, 0.06316245272302573, 0.06280473191647896, 0.058309648968723676, 0.05408915608235869, 0.06381526065413344]"
2,13,LSS confounding,Causal Forest,0.45469733593054423,0.9636653926569663,"[0.20198599600498104, 0.2628959160710284, 0.0454134706615306, 0.045735227763202976, 0.07557907590580905, 0.09250311815970158, 0.06934750634929919, 0.07262041496495462, 0.07134300510235571, 0.06257626901713699]"
2,13,Linear,Causal Forest,0.0671793257747886,0.197316424891477,"[0.07147756200381888, 0.06379743901056777, 0.18091234387156868, 0.2135238190086721, 0.06951605829981347, 0.0975747943984504, 0.08156186266314258, 0.07027122208994978, 0.07402758813538395, 0.07733731051863225]"
2,13,Mixed,Causal Forest,0.35049653538148545,0.49461214268083314,"[0.05619737450019278, 0.06347648897274526, 0.04891769880332844, 0.056509187787903856, 0.23395667815190765, 0.3279565376233101, 0.06381923812479696, 0.05129423064825845, 0.05372107554939701, 0.04415148983815951]"
3,1,Interaction,Causal Forest,0.3814108222187766,0.7557015662059332,"[0.10224343855755176, 0.06438231655652692, 0.05869117710708573, 0.19143001903271192, 0.07953723496743764, 0.10434385442712764, 0.041153391208184904, 0.046169414240213875, 0.03776437396947791, 0.04388127973312604, 0.04500652751771732, 0.03778230597144701, 0.057294983067588214, 0.04266315862380338, 0.04765652501999958]"
3,1,LSS confounding,Causal Forest,0.4478508688731592,1.0879611588440505,"[0.12473070370754041, 0.12580656358950784, 0.24345056714275934, 0.040150166338381595, 0.030483537745966287, 0.03627389483985006, 0.043508783031221944, 0.04298167163923828, 0.05187177648201837, 0.04426771723398669, 0.041276290464309945, 0.03609432014041264, 0.05004816069865002, 0.04596734906369729, 0.04308849788245923]"
3,1,Linear,Causal Forest,0.0925165189489028,0.2686618719418257,"[0.05358820158131223, 0.05269964669849229, 0.06268297102447087, 0.16010819730377715, 0.09388941230226532, 0.17406283505576708, 0.04465972196798133, 0.044949221608030956, 0.04038158098317647, 0.04375812316274285, 0.04054981063818593, 0.04005318992339935, 0.05704486282599743, 0.04365472387129738, 0.04791750105310305]"
3,1,Mixed,Causal Forest,0.574599291470225,0.707133081670995,"[0.04391194673722771, 0.037738080798993205, 0.04845785082666464, 0.04490604726285067, 0.03000647731664576, 0.03589436482046548, 0.12706612980239668, 0.15509160983522743, 0.24415407594864671, 0.044657151999751746, 0.03267489235257639, 0.030514888251922202, 0.04955863646809081, 0.037904078361053126, 0.03746376921748733]"
3,8,Interaction,Causal Forest,0.40216589805262576,0.7550167192765894,"[0.11771970369067519, 0.12729404187699184, 0.09131749259901965, 0.0902318252801415, 0.11194555070920066, 0.06514270790003442, 0.04202625080649929, 0.041068855650961, 0.04163943084379327, 0.040195349211759226, 0.041027300791355255, 0.04814179341465923, 0.04619321285874454, 0.04183202329005986, 0.05422446107610528]"
3,8,LSS confounding,Causal Forest,0.6471093189923872,1.2077887470017432,"[0.16010724571160237, 0.14599159737324247, 0.12483966326311562, 0.03600653263647146, 0.03869557217438221, 0.03855892349790257, 0.06642228991760342, 0.043903124621107806, 0.04919852080847808, 0.04504209324287954, 0.052263291870995356, 0.053208241882248056, 0.050697757334330865, 0.042815586280518535, 0.052249559385121574]"
3,8,Linear,Causal Forest,0.11678224806199575,0.287285857128641,"[0.047295981271813184, 0.05722298341756355, 0.043364798196786666, 0.134305643717757, 0.17436437714664457, 0.10088268587033183, 0.0460123373117593, 0.055572237404710186, 0.047694386095472545, 0.04156833994370085, 0.05698088969049362, 0.040367457655192146, 0.05441589283219482, 0.049885630822532806, 0.05006635862304684]"
3,8,Mixed,Causal Forest,0.5554798661289782,0.7461080471242586,"[0.03247812306003641, 0.037273850741252876, 0.03220461017296081, 0.032876862405265224, 0.030982961180578292, 0.03179167720545548, 0.2155700644715481, 0.18435559495603374, 0.1752523704044284, 0.02928245388681088, 0.02658727387191521, 0.04895013745082792, 0.03432887985260747, 0.04612494086074795, 0.04194019947953128]"
3,0,Interaction,Causal Forest,0.35734678064952813,0.7611503564954867,"[0.09081011400152061, 0.08507081556310793, 0.11615941561289012, 0.11060950745485551, 0.11075937114154219, 0.09776536401393535, 0.04476531471694088, 0.05713458538639075, 0.037212722797934784, 0.03460035084712227, 0.037295132613366776, 0.04149632805680381, 0.048022884512613974, 0.04211169064523593, 0.046186402635739025]"
3,0,LSS confounding,Causal Forest,0.5897498790086,1.1359466725922556,"[0.1353327003784391, 0.09660766273139211, 0.16186366804558888, 0.040707377372006616, 0.042390140515347195, 0.033957255938167515, 0.052383804323455345, 0.049440313929498325, 0.05061726988430402, 0.0496845108072953, 0.06251535827903794, 0.05018261819331538, 0.06184268368735833, 0.05459093206923625, 0.05788370384555768]"
3,0,Linear,Causal Forest,0.09147583375082495,0.2656649186342596,"[0.06503709078300692, 0.06800747415899117, 0.06270488471846707, 0.09346776069558455, 0.1521886352196376, 0.14430198572512964, 0.042890048719740934, 0.04915997648982378, 0.04238134247412823, 0.04318920901531745, 0.04431226464204432, 0.03917148747540108, 0.04909616016557306, 0.052466113821953826, 0.051625565895200454]"
3,0,Mixed,Causal Forest,0.5188705650577845,0.6835526081838981,"[0.057818654033606025, 0.06419210679818811, 0.03836946017930662, 0.03816427178225422, 0.031581443416274974, 0.03556561578406758, 0.13704312766358748, 0.1781179682376206, 0.20220121289074308, 0.03071423995943215, 0.03987237228698711, 0.035592610466007125, 0.036565809535394914, 0.03614627936254489, 0.03805482760398499]"
3,6,Interaction,Causal Forest,0.3919589961832596,0.7582111728164262,"[0.06913336403864609, 0.15191891842988098, 0.049826511123662875, 0.0951760262374303, 0.11112241863591661, 0.10157790688094843, 0.04898863080550279, 0.03798022284380232, 0.04327611312619072, 0.052188466000750694, 0.04484518282901704, 0.04369347710731945, 0.059281610210359874, 0.04967049870818253, 0.041320653022389214]"
3,6,LSS confounding,Causal Forest,0.6874367322404316,1.2308220394552858,"[0.09843703555180844, 0.19996348887216728, 0.12467963179209432, 0.03209093607455774, 0.04003459653733984, 0.03616622234316316, 0.04786959696684809, 0.04324288775566342, 0.061759661695221645, 0.05326999280828869, 0.043474189655282616, 0.05609146555343, 0.05015069907970151, 0.053911683316387904, 0.05885791199804521]"
3,6,Linear,Causal Forest,0.11620785792007603,0.2907173788345605,"[0.05086924660621938, 0.04544477750989794, 0.04767733659384452, 0.13402093819816513, 0.11734877342018545, 0.14055986329283765, 0.04647221520651365, 0.04767601803760851, 0.04649519215755087, 0.05277670971276713, 0.046901514343341055, 0.06271437468784657, 0.06345579820963826, 0.05217180850154089, 0.04541543352204282]"
3,6,Mixed,Causal Forest,0.5441743691754595,0.689690380563626,"[0.03610753413498449, 0.03911803123254209, 0.048168580547501866, 0.033464596165879594, 0.03973634221439095, 0.04822475487693056, 0.2141543451776561, 0.2337676823941287, 0.09868853262751065, 0.03473727428181563, 0.03307435111020198, 0.03604902546279774, 0.038502650085720014, 0.030588257676285754, 0.035618042011653916]"
3,15,Interaction,Causal Forest,0.38287326410243533,0.7602294614553897,"[0.09935972194524167, 0.11450482149623435, 0.08238009918977582, 0.1249876058020201, 0.09521017857682981, 0.07748632979527086, 0.05076138068026838, 0.044258843479670934, 0.03653639720477929, 0.04151883981075925, 0.03856451183195114, 0.04931513674600585, 0.048573099987301596, 0.04569966070995347, 0.05084337274393741]"
3,15,LSS confounding,Causal Forest,0.6452312821212164,1.2287700978497016,"[0.18514705518271313, 0.07298009440949635, 0.21625927263657235, 0.03423026598568785, 0.03015815929333687, 0.043927939669651375, 0.04403321643783987, 0.04130596944602718, 0.051385614032331065, 0.04251684477719001, 0.043213707755434726, 0.04067500758839537, 0.05959644859364124, 0.04392961585509522, 0.05064078833658744]"
3,15,Linear,Causal Forest,0.1497077755567387,0.2997961606192248,"[0.055181902027840665, 0.08340184748637539, 0.05722911947950376, 0.13697788726681984, 0.1115701792426316, 0.08571731754129522, 0.060887264120987966, 0.06080969716015277, 0.043770743863233805, 0.04432232309233782, 0.05646744948649604, 0.046428284333656075, 0.04632188454453724, 0.06207005783971594, 0.04884404251441583]"
3,15,Mixed,Causal Forest,0.5823269111755011,0.7930590343292634,"[0.04215792595479823, 0.04024192923694112, 0.06911565580183736, 0.034916116957839964, 0.04313453996606552, 0.044161912519025986, 0.24012280982740627, 0.10655203271423001, 0.14690576319658327, 0.03458582039647236, 0.0359446763233239, 0.043572424827218584, 0.035128122302395065, 0.045180715025365734, 0.03827955495049671]"
3,3,Interaction,Causal Forest,0.3500095747613206,0.7571705147016514,"[0.09633416860573632, 0.09324402755253869, 0.0904741436336611, 0.08758920043438317, 0.1380328119644061, 0.0986092564447527, 0.039609689969207974, 0.05671784319458403, 0.04160944215746633, 0.04083484034614349, 0.045019624688776815, 0.03900633571563319, 0.04627028515081794, 0.043960124382682396, 0.04268820575920974]"
3,3,LSS confounding,Causal Forest,0.5436503890745302,1.1505398446911672,"[0.11508779589981502, 0.1413451239358726, 0.1874582196688507, 0.04262166118272529, 0.04003872842381142, 0.03937625168464838, 0.04854638071788323, 0.05513522435452354, 0.053216369197884056, 0.04509105067992536, 0.04908412775871871, 0.044991075721853103, 0.05281553303390774, 0.04461104096864179, 0.04058141677093909]"
3,3,Linear,Causal Forest,0.12131229687119532,0.27448125535170564,"[0.035396867210259385, 0.07138043181823876, 0.06621419806818515, 0.1368804803746192, 0.10305386956798292, 0.14554868726504422, 0.053854447008235454, 0.056461865182885665, 0.0498524620066534, 0.050146892601424034, 0.04106909051578018, 0.04024185092621173, 0.04940317382404792, 0.049938109274342356, 0.05055757435608973]"
3,3,Mixed,Causal Forest,0.5455220682568843,0.6949431879149803,"[0.03671450864330622, 0.04448502480738482, 0.061116563088473255, 0.03874298285203811, 0.03944344076391576, 0.05269126238801097, 0.1981171529802202, 0.15943495807659752, 0.15984455397533148, 0.028402679281160796, 0.03551605314322366, 0.03312074488014385, 0.047740337262523976, 0.03335030311541345, 0.03127943474225587]"
3,16,Interaction,Causal Forest,0.3697538003987379,0.7548139299088125,"[0.0792559486844389, 0.1288819163460349, 0.06188012184384771, 0.051629244439177734, 0.12144730343876892, 0.14872381137446006, 0.04480754547847589, 0.044736030377264584, 0.04988430060668933, 0.04133790442394023, 0.05641513229369582, 0.037084469405599854, 0.04723815534471049, 0.038200449234444926, 0.04847766670845092]"
3,16,LSS confounding,Causal Forest,0.6393606667724947,1.1435436067334972,"[0.18428588795763165, 0.12380552254067992, 0.13397867456839985, 0.0340516630537462, 0.03551748726058754, 0.033109096509439453, 0.044514293037447986, 0.04567271216361021, 0.04839643627436118, 0.04654760252139146, 0.05476551379123805, 0.056219204191158056, 0.05311624267132121, 0.04141980072902074, 0.06459986272996647]"
3,16,Linear,Causal Forest,0.12856930749563833,0.2836087147536319,"[0.08044731171716496, 0.044539486891940226, 0.05211898820026781, 0.143474166560207, 0.14631414134141646, 0.08389234237456279, 0.06663055563160922, 0.047162016339643335, 0.042741820655022085, 0.04666176438910059, 0.04655840399328904, 0.0497952283653927, 0.04770971242685753, 0.04325358181573785, 0.05870047929778828]"
3,16,Mixed,Causal Forest,0.5712155996398465,0.7318975998732906,"[0.05286557889980524, 0.041065840575571604, 0.04298050322137678, 0.041829297554343385, 0.034453450491288146, 0.04036683302156223, 0.24662253832093894, 0.1517838474435043, 0.1299586950672946, 0.034471037998292424, 0.03488486666445749, 0.033793007494644034, 0.04094345874930863, 0.03709255749511695, 0.03688848700249511]"
3,5,Interaction,Causal Forest,0.3883871037557959,0.7557495349536366,"[0.09421057643613132, 0.10697770005687374, 0.08882629206566602, 0.0947542996628781, 0.07815792606186754, 0.11830177932427301, 0.05323615151508229, 0.04596249254170993, 0.04970107310515245, 0.045576176523374486, 0.05383292670139794, 0.04078665768060852, 0.044172453671350725, 0.043231778037916155, 0.04227171661571797]"
3,5,LSS confounding,Causal Forest,0.6244365362076946,1.2307472847410827,"[0.15641697367568422, 0.12540862968555244, 0.17447659880852365, 0.033012375197476865, 0.04003256865202973, 0.04032491499902007, 0.05225934284547964, 0.04783394912254869, 0.04344829414262991, 0.05837598757943518, 0.04386202277988264, 0.04920169602303216, 0.04376957215624774, 0.04136985445186423, 0.05020721988059282]"
3,5,Linear,Causal Forest,0.1063812382324213,0.28409697049289323,"[0.04913591327755961, 0.06289563876401355, 0.05964972268638625, 0.10597839825912869, 0.13291746960055298, 0.1552942066169286, 0.04515490867609547, 0.0496974223644581, 0.04145274708834768, 0.0547167472679738, 0.04502655008990575, 0.04414381610820526, 0.05377124549711859, 0.05287863637285288, 0.04728657733047281]"
3,5,Mixed,Causal Forest,0.5566150444230814,0.7216483329605768,"[0.0465444547830633, 0.05018609885596286, 0.03297978840658397, 0.03512854247338841, 0.044279590185159444, 0.040323737691738346, 0.12042052429844853, 0.13227004695795277, 0.279147616909671, 0.03561014040507236, 0.040767872676290014, 0.036871345724155055, 0.036592950092282854, 0.036964243994432835, 0.03191304654579828]"
3,17,Interaction,Causal Forest,0.37250656730178555,0.7572478431750778,"[0.11106432043461462, 0.09042595383278024, 0.08124846638619099, 0.07197507066487108, 0.12714280508659934, 0.10874783631595966, 0.04416541562850238, 0.039619401057206564, 0.04716338688582049, 0.049165910097127646, 0.050368059189136664, 0.04980799146293708, 0.038791520768229136, 0.046475373882451244, 0.043838488307572865]"
3,17,LSS confounding,Causal Forest,0.4197806277475618,0.9853099681117938,"[0.2344396789950624, 0.08478383103584873, 0.13517678115169784, 0.0335263147830047, 0.03970843414543654, 0.036943236910849185, 0.049592661219077676, 0.0481850430432633, 0.049093898930229744, 0.04400453732668294, 0.04893150703914805, 0.05067532569114031, 0.049394791135481474, 0.050694587387539826, 0.044849371205537295]"
3,17,Linear,Causal Forest,0.09788286193339647,0.26994814074853096,"[0.03660843507514697, 0.052167109979233385, 0.1035021864820347, 0.099415485153409, 0.11614988469387827, 0.15637373136837884, 0.047217797434048525, 0.05070617728515739, 0.054662483011473875, 0.04278090674163632, 0.046911302993251774, 0.04836417281316981, 0.05072122905005834, 0.0480601010334985, 0.04635899688562416]"
3,17,Mixed,Causal Forest,0.5578608483491109,0.7105005880863887,"[0.044487966348900745, 0.031699694651463294, 0.05070207333714007, 0.03548122934498375, 0.043920410502112914, 0.04502021228214167, 0.18813802122050916, 0.12478089420325893, 0.21172465292298548, 0.03362095290558215, 0.038014991155250304, 0.03813744955432422, 0.04230313711729778, 0.03046773279670738, 0.041500581657342016]"
3,9,Interaction,Causal Forest,0.3503377236014135,0.7546930302381928,"[0.07597333218451205, 0.07744968446019007, 0.11553667907548411, 0.1178812904743042, 0.07417796123552307, 0.14680162831934485, 0.034763927182618344, 0.04284149765891932, 0.03986125821892533, 0.03685498860661697, 0.03881547091498947, 0.050065047772475946, 0.045269709413063415, 0.051919782588698754, 0.05178774189433403]"
3,9,LSS confounding,Causal Forest,0.4657723729327436,1.0532190256094474,"[0.1266948615217127, 0.1703273035363703, 0.12459084845599064, 0.04437256695750567, 0.03873275597838184, 0.032157107067175505, 0.05849379409006407, 0.050468417264998434, 0.04549252747138188, 0.04828873142640964, 0.04659854878726016, 0.04322119855893302, 0.06633315630399599, 0.05002126220873198, 0.05420692037108831]"
3,9,Linear,Causal Forest,0.11761306389752342,0.28618971589079367,"[0.05065776119304404, 0.11448003512531299, 0.04794739924533006, 0.0860179559528088, 0.1536873695179994, 0.14531652310524243, 0.04627808643966305, 0.04867761419016386, 0.03865662122941805, 0.0458121190269214, 0.045963559097915434, 0.04132650117420053, 0.043058381880759285, 0.04223425223774732, 0.04988582058347342]"
3,9,Mixed,Causal Forest,0.5612830152544145,0.6954805772839229,"[0.039435170863362484, 0.0500771216657577, 0.03976624086554627, 0.034793436532980025, 0.03797012771689603, 0.03254578419097469, 0.19655636908507093, 0.1826456317734801, 0.16081579421677944, 0.033789293520285674, 0.031264725834150436, 0.040553097686000676, 0.03905009729122441, 0.03843743110812734, 0.042299677649363696]"
3,13,Interaction,Causal Forest,0.38282803420009504,0.7556419961100092,"[0.10232790771578078, 0.06432529534938505, 0.07690831233701934, 0.06045666581029944, 0.0937688206544906, 0.18188245808001602, 0.051988955787506626, 0.0394299440156696, 0.06282138912962373, 0.04014419398706653, 0.05171916627501215, 0.04721355497953508, 0.03591090372751525, 0.03984748214343159, 0.051254950007648105]"
3,13,LSS confounding,Causal Forest,0.48943198396540305,1.071053576451119,"[0.19650418267387387, 0.07985010393478986, 0.15231466530459106, 0.047038484318637074, 0.039553049124241436, 0.03825690552786942, 0.05316008461127943, 0.058558601067697176, 0.047971696876078225, 0.05420433178005906, 0.05248301630655674, 0.04623627710062758, 0.04068598119373818, 0.043462240319777946, 0.04972037986018288]"
3,13,Linear,Causal Forest,0.12596416098592877,0.27915105651200317,"[0.07372446194326977, 0.050088165804842405, 0.05132250581010555, 0.13738910629021653, 0.14607358664132636, 0.07871140398863417, 0.04162136515945733, 0.04670669694808151, 0.05837411979148744, 0.04787845321567004, 0.053247817875774844, 0.055438882489808924, 0.05878501065415694, 0.053139843829719584, 0.047498579557448774]"
3,13,Mixed,Causal Forest,0.5670481703076334,0.7022846190214597,"[0.03380279215938467, 0.04504369352937658, 0.04172651010724201, 0.029592570191404224, 0.02804374753519794, 0.03487355203098236, 0.164002782554349, 0.2348684474125081, 0.1569059309035262, 0.03804652262087676, 0.03913325405482126, 0.0358475990498413, 0.04287009775638119, 0.036734294173067235, 0.03850820592104119]"
3,7,Interaction,Causal Forest,0.344661726839463,0.7607115258816737,"[0.10488676928864357, 0.061490349298255136, 0.06618890582878381, 0.12908870501716302, 0.1403950505333852, 0.11134258283051622, 0.04451288245171188, 0.04612973385516994, 0.045996243571963684, 0.0411701885931246, 0.04126627460348749, 0.04270834031758988, 0.04589591677059087, 0.03874161117545115, 0.04018644586416323]"
3,7,LSS confounding,Causal Forest,0.45366388395641416,0.9644704608848396,"[0.1217307076212212, 0.09594375407695142, 0.18836076344210734, 0.03507504701961347, 0.040630917838189576, 0.03955775391042775, 0.05577505685275511, 0.04999624044575415, 0.05263102295583167, 0.050055767857583984, 0.05818561658539559, 0.050120351020981266, 0.053936897539284746, 0.057047448227339974, 0.050952654606562814]"
3,7,Linear,Causal Forest,0.0929944067543562,0.2628222583696159,"[0.05419663239867827, 0.05495185210900065, 0.06779748515372958, 0.1714405972298885, 0.0908083153414734, 0.1287340799424021, 0.0347938031215609, 0.06330205830242039, 0.047040418763771616, 0.0609560726220826, 0.04012311531960364, 0.049597849958365074, 0.05447357112157716, 0.041148402857296776, 0.04063574575814917]"
3,7,Mixed,Causal Forest,0.5542862338415802,0.6917152261008739,"[0.03384490632297137, 0.04448083995619882, 0.04034851523016531, 0.0349496018865226, 0.03433637939506646, 0.0326157683640504, 0.13910733765625896, 0.20511119524827048, 0.21025413722848388, 0.03233457483539395, 0.0328790132477931, 0.040176754938972686, 0.04206888801781285, 0.03693496340134388, 0.04055712427069507]"
3,4,Interaction,Causal Forest,0.37714976936424255,0.7551960904068429,"[0.18235846698691605, 0.15683740636782323, 0.07041820571948262, 0.06045433243773405, 0.058100203181228445, 0.06924366000196341, 0.05034234206258207, 0.04393888110162944, 0.04165065656914073, 0.04266483053659372, 0.050533335410346825, 0.04200702999716479, 0.03970933065696491, 0.04525449670369786, 0.04648682226673152]"
3,4,LSS confounding,Causal Forest,0.581260391795494,1.1977253957323004,"[0.1920735627182005, 0.13912898792483983, 0.09951513434070135, 0.03587815642438021, 0.03197162787749017, 0.039731581214794406, 0.04432036855527856, 0.05783245690368386, 0.05539708337348173, 0.04752432140808163, 0.05367245685823855, 0.047591003182875805, 0.04858256491112128, 0.0569035403498865, 0.04987715395694561]"
3,4,Linear,Causal Forest,0.11818315209228464,0.28485095130292676,"[0.04804570110267892, 0.04493109096025606, 0.08621349928869361, 0.12094174287533842, 0.0916673388143928, 0.18452024286184354, 0.04812501925472938, 0.049196149379413856, 0.046489555313462945, 0.05154860317665404, 0.04165154011496841, 0.042087915438401416, 0.047572628730230763, 0.04828451924631858, 0.048724453442617034]"
3,4,Mixed,Causal Forest,0.5720370015409838,0.6933175674513821,"[0.03557199250372058, 0.03601188583474438, 0.04267038233245907, 0.028331924535341942, 0.03685719472204013, 0.030028307879127726, 0.24094924647443272, 0.11522144574963872, 0.2276090999023724, 0.036155299130575205, 0.03299360413945817, 0.03541456632908945, 0.03394732693123744, 0.04025106396110294, 0.027986659574659255]"
3,14,Interaction,Causal Forest,0.3839757632934069,0.7567205678032457,"[0.11857818540808465, 0.0682874381164752, 0.13566750114422443, 0.11043649181033692, 0.07093873253656936, 0.10391351848181497, 0.04601785274605444, 0.04428996689516814, 0.04226581244810364, 0.04699401281818834, 0.03972223695963002, 0.045017274503909493, 0.045613412842451455, 0.04533360104541855, 0.0369239622435705]"
3,14,LSS confounding,Causal Forest,0.6221411472052012,1.107424538315604,"[0.1130051260342604, 0.15757754878057711, 0.11290598948324787, 0.03528626644745659, 0.03477720965546276, 0.04225469671620783, 0.054533495684799795, 0.06145115978404493, 0.04194239491950477, 0.05942499087289106, 0.06697729667305391, 0.059567843828709055, 0.04755485548166363, 0.05777273325798271, 0.05496839238013746]"
3,14,Linear,Causal Forest,0.1359341890987679,0.30572140516031365,"[0.04734087229088314, 0.06702803273004787, 0.05913495410894117, 0.08324225810497554, 0.1568071532712723, 0.14642358011898826, 0.04592108278001457, 0.05390104593960232, 0.036070229188125816, 0.058825494246802786, 0.047937193043827306, 0.054315589737648544, 0.055006247944197124, 0.03679423398162038, 0.051252032513052985]"
3,14,Mixed,Causal Forest,0.5728633423151052,0.7516426919338955,"[0.050577158543313266, 0.04181748287005858, 0.033126829960687734, 0.03801044427674805, 0.03375800868210697, 0.03901553860971035, 0.13369531773298277, 0.15092973774968077, 0.25860446501103607, 0.0386893326375085, 0.04795619086186482, 0.03354303298663332, 0.03739407831668627, 0.029556032138617953, 0.03332634962236475]"
3,2,Interaction,Causal Forest,0.3716136378669732,0.7552322636784771,"[0.0685525383701888, 0.08520627062073617, 0.13148661361613562, 0.13148462635755925, 0.08693125871471968, 0.0859286417100831, 0.047108727254330435, 0.03931329000572256, 0.05096540155687963, 0.051048159219468904, 0.0521154355179578, 0.03984755521797295, 0.03673911500658112, 0.03927152048613027, 0.054000846345533725]"
3,2,LSS confounding,Causal Forest,0.5999395209819651,1.2054274174812387,"[0.1824193802080255, 0.13002589213098786, 0.13394909849783682, 0.032846982937750284, 0.041671595251261365, 0.03149027829370232, 0.040592720174201125, 0.05821460435629773, 0.06141351568094445, 0.0451502170812475, 0.04555231358263414, 0.04919692186545414, 0.03964989065333574, 0.0490758472344842, 0.05875074205183659]"
3,2,Linear,Causal Forest,0.10622061126015057,0.2742393572270898,"[0.05632528869461125, 0.04489573113341722, 0.048179731145490935, 0.16827390451825258, 0.12695758871090726, 0.09028911420071463, 0.05139004753876221, 0.04412243298630015, 0.06093067141888368, 0.04943251612462723, 0.05974237556751447, 0.04444078350345355, 0.04946051573812236, 0.059468552807103885, 0.04609074591183877]"
3,2,Mixed,Causal Forest,0.5385127067282429,0.6911640375334286,"[0.04521702463916333, 0.045116483698023215, 0.05109109279738483, 0.04298152391359792, 0.04435076434410178, 0.0379948375453491, 0.2237106842650157, 0.1515475152467588, 0.13399678298436263, 0.03531715167298011, 0.040324043095909756, 0.03314374385514821, 0.031877815439437164, 0.03424745555562272, 0.04908308094714493]"
3,18,Interaction,Causal Forest,0.37701774969654667,0.7557018962612354,"[0.10357963676222776, 0.06431468541316847, 0.060810812818366665, 0.06737468935424158, 0.1499806358138476, 0.14898721323329345, 0.046860864164630193, 0.03952997424467586, 0.04814953593895766, 0.03926977535087577, 0.04408601364012796, 0.04799704380393509, 0.05157529643921533, 0.04375337997742805, 0.04373044304500861]"
3,18,LSS confounding,Causal Forest,0.6591161801676388,1.1744701231927372,"[0.10898912542192203, 0.10243158074656716, 0.1843954588290046, 0.037393525357094066, 0.03707379937854407, 0.03954382352864057, 0.06351026839968499, 0.0634642557917764, 0.04659104726322967, 0.04026731731735815, 0.05950215569422029, 0.05645484686402091, 0.052121526837224, 0.05721236469538489, 0.05104890387532831]"
3,18,Linear,Causal Forest,0.0981168555775912,0.275269773331401,"[0.05216343062334034, 0.057842168254233994, 0.03963458054107216, 0.09681068567251554, 0.18103674538809642, 0.15074850510636248, 0.04760098958268662, 0.053992259739013386, 0.04287512104057849, 0.05146762931624571, 0.044744140542929134, 0.04154085013483594, 0.05446949239986071, 0.04378480982997492, 0.04128859182825441]"
3,18,Mixed,Causal Forest,0.5220884181451587,0.6954131384145896,"[0.04048213201311873, 0.04472967909790518, 0.05816922667887115, 0.06311836084683377, 0.03782779975632451, 0.04399868533401186, 0.17864170411241354, 0.15584715474312458, 0.16650892731692266, 0.029611041381824646, 0.037956604822804565, 0.03173536345900278, 0.03557748451461684, 0.036139455614474, 0.039656380307751225]"
3,12,Interaction,Causal Forest,0.38699698959060197,0.7625065880031954,"[0.06386901758077265, 0.08283417276147839, 0.12158132858106692, 0.11605543793930774, 0.10441182541424193, 0.1047842495511079, 0.037929505654005734, 0.045478730619656786, 0.05260819701464639, 0.046827474852053054, 0.03693051401045075, 0.06265939231691121, 0.04253482477986559, 0.040261259950666206, 0.04123406897376866]"
3,12,LSS confounding,Causal Forest,0.3968596311179643,1.0056843613344502,"[0.13121984782172647, 0.14764096278738564, 0.16135253918587333, 0.04322852970335359, 0.0390240317675411, 0.03980259872566605, 0.05348489050327681, 0.05567713802490085, 0.04316591503455967, 0.04619739780223412, 0.04582371630708745, 0.046328375710527336, 0.047099021353870195, 0.0492731824832057, 0.050681852788791594]"
3,12,Linear,Causal Forest,0.09207043605090781,0.27602552409353065,"[0.0591558932031652, 0.04829861620065274, 0.05795083733136701, 0.09451229592076119, 0.203140274984056, 0.1259301631174933, 0.048047588254258616, 0.050266945532941996, 0.04690286401164144, 0.04325449723201275, 0.04074129512535843, 0.04452546308460059, 0.05088166738778223, 0.037729746858718646, 0.0486618517551898]"
3,12,Mixed,Causal Forest,0.5690896827714496,0.6975228851765402,"[0.04375932297716429, 0.047551674460743855, 0.04560115791727805, 0.04316658515656876, 0.03827505671960089, 0.030553873761447102, 0.19500097221124196, 0.18551899533861985, 0.15127878681769008, 0.03421063218240785, 0.03289015984790483, 0.04328220580614087, 0.032271542735612516, 0.03987849391206892, 0.03676054015551016]"
3,11,Interaction,Causal Forest,0.41569136533077244,0.754721673787889,"[0.14812951211168293, 0.10675162170419665, 0.07422299255053781, 0.07006887459386305, 0.08183652125231428, 0.10623774980264708, 0.04325422454810553, 0.04407956816163033, 0.04510230943724594, 0.05316671555200177, 0.03745676040204632, 0.04694278390638104, 0.04324511097294217, 0.04819388130328562, 0.05131137370111958]"
3,11,LSS confounding,Causal Forest,0.5540436996891842,1.1015165762206962,"[0.12537002347905146, 0.13783396208279394, 0.16720107906061166, 0.037651479222396145, 0.0400811242323905, 0.03766391918079688, 0.042694180082330765, 0.047087795871836785, 0.0591453196321194, 0.059379726998221555, 0.04297892972833394, 0.05286963555479879, 0.04666106438284526, 0.0555484910693277, 0.047833269422145365]"
3,11,Linear,Causal Forest,0.12118585115544163,0.2767106151212975,"[0.04067121518269932, 0.08366982910759455, 0.04617608956523954, 0.1289511732475871, 0.06447279799704861, 0.19253375677158113, 0.048491633492342534, 0.04803694834668436, 0.05010614638359518, 0.05456710522822725, 0.05111892283282114, 0.04303505754128309, 0.0448320361314787, 0.05010647283440578, 0.05323081533741189]"
3,11,Mixed,Causal Forest,0.5463493936379147,0.6738794470236678,"[0.0344256796008269, 0.06568660142569487, 0.053581260503309164, 0.03320107336174947, 0.04835364204546206, 0.03608384759098159, 0.16346984508486148, 0.1794716849246314, 0.17682611683676885, 0.03335385733247957, 0.03394145758294841, 0.03736050466216719, 0.033960318402504304, 0.03798907239100164, 0.03229503825461309]"
3,10,Interaction,Causal Forest,0.3928760500659523,0.7557406611070252,"[0.05687925387240825, 0.09334564115244773, 0.13466035847552743, 0.14198504832354056, 0.08983546682312381, 0.08525008961152601, 0.04854031250946649, 0.046973383630614624, 0.0463205084462768, 0.04675572373928457, 0.04332082938996881, 0.042435904064462224, 0.04469682989591641, 0.04193167502121993, 0.03706897504421629]"
3,10,LSS confounding,Causal Forest,0.727950433795118,1.1868331057342458,"[0.11726409884951165, 0.0924266990626819, 0.18252518195233583, 0.036601854807954824, 0.037292357800133534, 0.03400725325948417, 0.0790024615820404, 0.044135203557048114, 0.04913462190102533, 0.06152011112101828, 0.05369718502580141, 0.043516215238171924, 0.05392249495250154, 0.05369296613509898, 0.06126129475519202]"
3,10,Linear,Causal Forest,0.10380932759819263,0.27834911854271643,"[0.04478591294636395, 0.05535836476261144, 0.04252519814526343, 0.1393549033831969, 0.19710677549995206, 0.08698124564547262, 0.04957705284984008, 0.048979108146492825, 0.045942277607099055, 0.05051011878790027, 0.04744224321431649, 0.045584051232674325, 0.05539387891602812, 0.05144158935139026, 0.03901727951139801]"
3,10,Mixed,Causal Forest,0.5460771357177933,0.6922072963897187,"[0.04190129347457863, 0.04206021234907549, 0.04472985271371204, 0.03005589613773469, 0.03740311634903682, 0.040238339649645155, 0.18774971298175078, 0.14185616754115554, 0.2219327834231641, 0.03726251809801889, 0.03394435276816063, 0.03670096192430564, 0.03377580315410052, 0.03337996903443281, 0.037009020401128086]"
3,19,Interaction,Causal Forest,0.38704493910819227,0.7560669981699898,"[0.07603975730124207, 0.07065863882744709, 0.08727130408312204, 0.10598535025595889, 0.08214328231317547, 0.15802775260605323, 0.04123418920099843, 0.03832068902183949, 0.03997125279274411, 0.047216670012631856, 0.04157795692028657, 0.0654942972503, 0.0558657253705992, 0.04595788204315305, 0.04423525200044849]"
3,19,LSS confounding,Causal Forest,0.5889624784115515,1.095585527132823,"[0.1344760850027534, 0.1550678182343966, 0.11518907635569652, 0.039917123346326966, 0.04329217537396142, 0.03474042995984426, 0.05140862149657311, 0.05292020023596271, 0.050270497573456634, 0.05641577988034479, 0.05069552960718756, 0.050030174330299444, 0.06349361754804257, 0.053447006175728846, 0.048635864879425124]"
3,19,Linear,Causal Forest,0.1055549539625266,0.29167654160389594,"[0.04273768515775593, 0.057027339286325196, 0.038602456111805454, 0.10933097773562675, 0.11976176091008009, 0.20285598319770198, 0.04422250678991814, 0.056056027143116596, 0.04456472687169211, 0.03731141624026306, 0.05191562533166307, 0.044065347495283694, 0.04603386573176374, 0.05432289221241533, 0.05119138978458879]"
3,19,Mixed,Causal Forest,0.5251239574189414,0.7420746166745885,"[0.045729705965136355, 0.06370791989225724, 0.044536597234186286, 0.041396260864023086, 0.03436358017320812, 0.04543879474810815, 0.2152758229224915, 0.11484623367348216, 0.16496358135781863, 0.04139174018098152, 0.03608917063313419, 0.04353881417377205, 0.03311449002955895, 0.040244873866183785, 0.03536241428565806]"
4,2,Interaction,Causal Forest,0.5352255790501099,0.9999131218040049,"[0.05041720213374673, 0.06254487240407323, 0.07519512076149897, 0.06203256583971695, 0.07265685434562998, 0.10204893829508083, 0.07079980455698738, 0.08879609987270602, 0.03695104856211645, 0.03323892389795252, 0.03266632413600695, 0.03964012983649892, 0.032762262849530835, 0.0415315862734676, 0.028292393749054835, 0.030556060609011233, 0.03569645659409552, 0.0342747023244993, 0.03103063816365683, 0.038868014794669135]"
4,2,LSS confounding,Causal Forest,0.7963969911048777,1.409571090811437,"[0.06731591667079885, 0.07645259034754404, 0.17333704211166692, 0.07871160073074535, 0.03181499663701874, 0.03211223203573813, 0.037924805803250194, 0.03619182160022399, 0.04089743801148738, 0.048958778171423606, 0.03789906212555157, 0.03587286389864232, 0.0338621347476137, 0.037382392784236516, 0.03602274377321877, 0.040595757774309564, 0.04702416386774599, 0.03768673187581066, 0.031643120409502956, 0.038293806623470664]"
4,2,Linear,Causal Forest,0.18278202718199474,0.36404279905339937,"[0.05576855683658474, 0.040257547964581315, 0.042716449582088936, 0.051631078469969637, 0.06355496867361686, 0.08161229127233993, 0.09176500969498219, 0.10927834490995642, 0.043411460914658695, 0.040621567130904215, 0.03427776355519599, 0.04082380463115489, 0.03328923245423066, 0.03517330936351882, 0.043924147193752795, 0.048361941611212086, 0.030538440566963376, 0.04193165489860493, 0.03658285097944449, 0.03447957929623909]"
4,2,Mixed,Causal Forest,0.7470523866738565,0.9152365080377638,"[0.02985880210484283, 0.054937034192947244, 0.031055823932330116, 0.04946503222787938, 0.03246120341151857, 0.04731911710235485, 0.026407999165360626, 0.030039737723930725, 0.09609370493469956, 0.10690051186657326, 0.15280652828466393, 0.11594987940931778, 0.025385289285994317, 0.029169890501916006, 0.026565259843090154, 0.03954333563326056, 0.0250035027754503, 0.02648397970815784, 0.02538416359004206, 0.029169204305670132]"
4,1,Interaction,Causal Forest,0.6416396437614851,0.9995970898550818,"[0.0515186206813581, 0.05483750141486815, 0.059771040929096006, 0.09427912396897853, 0.1053055793039353, 0.06531185724129975, 0.09514630918513609, 0.0422321359895491, 0.056167330764804985, 0.03934194758862749, 0.030312946017758677, 0.033830448263498854, 0.031237167089820928, 0.03587091029669443, 0.039360041531969966, 0.033314091909710686, 0.03608830266941372, 0.03357613807660856, 0.029716833307213527, 0.03278167376965727]"
4,1,LSS confounding,Causal Forest,0.7190336294460504,1.3247076683206789,"[0.07278850327295874, 0.14361165571917317, 0.06560761835936897, 0.127996943557506, 0.03531048141970822, 0.02591049066641588, 0.03768920270078623, 0.03019718209820537, 0.034627344613345365, 0.03868045556274113, 0.04189356412524669, 0.044153713471855704, 0.033666775471313776, 0.032626740243577146, 0.03826633936942611, 0.04238182830845413, 0.04163842654000286, 0.039281804126207076, 0.041188905604892016, 0.03248202476881534]"
4,1,Linear,Causal Forest,0.2051353500997012,0.35581873148548543,"[0.061942219229149324, 0.0703247445883615, 0.05295552279385144, 0.043000921872931794, 0.14089566254898242, 0.06282415618214218, 0.059454976016391534, 0.05881617390966665, 0.03896864789115578, 0.04310967621888565, 0.03683250667023605, 0.038395492014480496, 0.03544532444128841, 0.03505097601801359, 0.035069303071475384, 0.04016100896423111, 0.039820390736793526, 0.02993230861991874, 0.04197272651861475, 0.035027261693429665]"
4,1,Mixed,Causal Forest,0.8440794158951155,0.9918061591576323,"[0.029036633675695877, 0.03635009812384015, 0.028766443521391724, 0.03523279946613955, 0.025750410128645138, 0.04209190747069887, 0.031200761165135447, 0.03168907377517158, 0.1536412206545195, 0.14009630655391173, 0.07612420144712581, 0.1257272850890458, 0.03788319188901766, 0.034299277709224835, 0.029814751090625903, 0.033755155831525226, 0.031044693319891695, 0.02703593898739133, 0.0253720418545867, 0.025087808246415468]"
4,3,Interaction,Causal Forest,0.5419646717329573,0.9996059982709088,"[0.04078390872004173, 0.0805712990189865, 0.06644922612087284, 0.07976498033403352, 0.11244784219518336, 0.09368134969875863, 0.05589172842095538, 0.06478997960072597, 0.0389731712792129, 0.03370383012947942, 0.029078694666670502, 0.0319216573612661, 0.02808555004654415, 0.02819761102959173, 0.04026189532583455, 0.03172594252076462, 0.03534018653148102, 0.0395194611687922, 0.033012639947832156, 0.03579904588297288]"
4,3,LSS confounding,Causal Forest,0.7822863286033894,1.380126376913547,"[0.07030132237730763, 0.10356482128037801, 0.10520811473789952, 0.10887929768545139, 0.0394546696083232, 0.03386462533493019, 0.029268635265575844, 0.03199919149997023, 0.03964476375585865, 0.044280547451821535, 0.03772418400728066, 0.041351387564120365, 0.033783113193325796, 0.036729291624788864, 0.04118148611525641, 0.044380325832995865, 0.04490254155143695, 0.03116318922393719, 0.03815585488856931, 0.044162637000772186]"
4,3,Linear,Causal Forest,0.2089350982752641,0.3608229945496878,"[0.09275894354940505, 0.07698002353209348, 0.048055063357608556, 0.03787595775795154, 0.08130943589674647, 0.10702583569303811, 0.061355834385220055, 0.07332394141426661, 0.03114377224120783, 0.037259867367954745, 0.033668622370033104, 0.03796136873169149, 0.03118145546754863, 0.03684507680991396, 0.03319772220143761, 0.036814926653572194, 0.03580175122030017, 0.030548833519115987, 0.036943613812835986, 0.03994795401805846]"
4,3,Mixed,Causal Forest,0.787750023639873,0.9627862472281812,"[0.029619289026673244, 0.02832951373654228, 0.03605441150441028, 0.026614381454614068, 0.024369335133136834, 0.0286570052099166, 0.03173712372728104, 0.028948886488903466, 0.16834640993530056, 0.07293126743248622, 0.15405453585850698, 0.14304031778651163, 0.03228645036374936, 0.02491780018210565, 0.038622722123465195, 0.023931664233715892, 0.02238870001438677, 0.02555687083751573, 0.0305465979240407, 0.029046717026737508]"
4,0,Interaction,Causal Forest,0.6183107405087929,1.0136854506509545,"[0.07656691819369875, 0.08746512351119656, 0.05752193513746575, 0.05230467312995301, 0.08280182259342395, 0.0665119327768687, 0.07753018243880341, 0.06756539421725014, 0.03347119473498116, 0.03845153600467605, 0.032718634216129194, 0.0388036876155303, 0.03870482051497476, 0.032819038719203525, 0.04798826613454677, 0.03829097848771154, 0.030895551415721353, 0.02994982760601539, 0.03639586624702104, 0.03324261630482857]"
4,0,LSS confounding,Causal Forest,0.7162845219704925,1.283781227050534,"[0.10457309229710825, 0.10915963222727705, 0.1122706295640291, 0.06823341247665618, 0.033182339055248644, 0.030941487600167742, 0.03393759551148091, 0.030739293157175475, 0.035837552937980154, 0.03012432618317523, 0.047569780765256635, 0.04526988101514032, 0.04233427795997259, 0.0412680053586657, 0.047422259439418975, 0.03247747369935681, 0.040677964857540265, 0.03971669740689273, 0.033063698736059376, 0.04120059975139782]"
4,0,Linear,Causal Forest,0.17186332076310612,0.3653106848049884,"[0.058218657280330585, 0.0437496208589039, 0.05967706694534379, 0.03374725061104848, 0.0900316768066801, 0.08314015064902962, 0.059436117728202134, 0.1192753856787364, 0.03482160644484658, 0.047493519500831374, 0.043453177385298594, 0.041837001829541004, 0.030411173978466027, 0.03621927280157566, 0.03097989243642596, 0.042653884759785335, 0.041764230471988156, 0.03726013958777264, 0.029769960616900567, 0.036060213628293154]"
4,0,Mixed,Causal Forest,0.7235447831618208,0.9619285542378547,"[0.04313405771491787, 0.03214171029899912, 0.05936801577577293, 0.03701758689944249, 0.031835614453529344, 0.03604982162667183, 0.027124611716126224, 0.0481448908568406, 0.08985708806694635, 0.08300435477896856, 0.17350894284609147, 0.08762092642149205, 0.03614917802805014, 0.027349004691205766, 0.02516239154574859, 0.03326664863720361, 0.030560514843097183, 0.029605769384700366, 0.030651361360045384, 0.03844751005415005]"
4,6,Interaction,Causal Forest,0.6300215469607037,1.0086173549010253,"[0.06427030916041553, 0.08132896975495708, 0.08085043108848974, 0.06630385956246014, 0.0706120111172103, 0.059389325212747944, 0.08192294382196022, 0.046564831694685886, 0.045079980439960914, 0.039100220994774275, 0.0353691960648874, 0.042187820687253796, 0.03562546431159161, 0.03313680459867022, 0.0459008694225287, 0.03155845446501217, 0.036479859093092336, 0.03029435063319878, 0.03565360270459308, 0.03837069517151]"
4,6,LSS confounding,Causal Forest,0.7114347046781231,1.2906083687899161,"[0.06535540491626692, 0.08506315430379734, 0.14132426286052657, 0.1023462696640939, 0.031418330504333035, 0.02874854401211451, 0.04542123953616755, 0.02663210424218311, 0.03662328845292801, 0.03477102785732111, 0.0414052107399223, 0.04276262518694888, 0.03791389585179891, 0.03805803516916533, 0.050073726745355755, 0.03228274560179895, 0.03663943383193268, 0.044921126442332884, 0.04096323618371691, 0.03727633789729541]"
4,6,Linear,Causal Forest,0.19343003717444865,0.37942995217829695,"[0.055988113055214214, 0.07288007076423275, 0.05615068892887577, 0.038908038479423354, 0.05495754462861165, 0.10544019266005042, 0.05079142942612166, 0.10788700834757581, 0.04012262813825043, 0.03752746811784309, 0.05130501671234198, 0.03238145076316783, 0.03947108487235129, 0.040172921619841824, 0.03388126367732747, 0.03021635425895171, 0.03817665819343323, 0.0357752037913766, 0.03964478048254416, 0.03832208308246458]"
4,6,Mixed,Causal Forest,0.7865785401410842,0.9433180034359533,"[0.03044467062096482, 0.027965171010703616, 0.0333462201248235, 0.02800517835074648, 0.032189246343593894, 0.029956541228760857, 0.027083534591930393, 0.027387413833486956, 0.12886245041749197, 0.11886000754393523, 0.16540701554767037, 0.11827131305746547, 0.028871947405604937, 0.030075089664966904, 0.027745581596785994, 0.034916075203976285, 0.03277773878122629, 0.025216187524961863, 0.025319586716015245, 0.0272990304348889]"
4,5,Interaction,Causal Forest,0.5879004302684396,1.0004483962436777,"[0.05976415387345631, 0.06416801071140771, 0.057853476116934026, 0.08701758435661097, 0.03803106068817251, 0.06384280445005844, 0.10755032342554269, 0.12202013491564849, 0.03572459843121264, 0.02732442185498192, 0.038255175800953695, 0.03500033540731322, 0.032080757290321386, 0.030602781865573414, 0.030220954514500194, 0.03534103358868279, 0.03584125487227148, 0.03565654245279186, 0.034423715031966604, 0.029280880351599682]"
4,5,LSS confounding,Causal Forest,0.7735558574404853,1.3962980624925982,"[0.07415531308077448, 0.13336424421843882, 0.1040428707567075, 0.09482643602838248, 0.026568007650131915, 0.02711574443213426, 0.03181483689696181, 0.03124629273938778, 0.033925519412265535, 0.045123403630049894, 0.04671217351674242, 0.04015376400397592, 0.03628651577383001, 0.03776689247232406, 0.040296469768256696, 0.03985254164360965, 0.04016846972618964, 0.03893625767764715, 0.0384646361603169, 0.03917961041187314]"
4,5,Linear,Causal Forest,0.17864719588519878,0.3750830041272126,"[0.04060094732585109, 0.04627246745958166, 0.03467658308745375, 0.0442343915769682, 0.14736916113128462, 0.06728822610034695, 0.08186323265689764, 0.0994476995393243, 0.03732148041687928, 0.03984281237422529, 0.03549663465749109, 0.031189137278861526, 0.03289855132405438, 0.03852832973910098, 0.03235997284020432, 0.04825884353558499, 0.03611328021023821, 0.036441888284245445, 0.03537882905045461, 0.03441753141095143]"
4,5,Mixed,Causal Forest,0.7970295255544986,0.9457399190294992,"[0.024770463569062446, 0.02862239062354087, 0.030192811527589392, 0.03332042898131823, 0.025636961083009065, 0.02983905194506098, 0.02737640472932755, 0.030172953547972184, 0.11883210070435345, 0.11570699266452264, 0.06786122844353279, 0.2300945651140159, 0.02311965158570183, 0.02898149857738267, 0.023204229256152762, 0.029911895954543848, 0.050578811194692555, 0.028360417434684867, 0.02259499687824888, 0.030822146185287166]"
4,4,Interaction,Causal Forest,0.5957275136852087,0.9996292619428434,"[0.05895852343063741, 0.04765384304500942, 0.060955923624940664, 0.10193537337387228, 0.08737884996750538, 0.057270960901393, 0.07146509106624802, 0.10684278452616536, 0.03432804639447574, 0.03523728399371568, 0.02901328445888556, 0.028273195980141087, 0.03787361792941132, 0.03241758549445772, 0.03648242725503377, 0.0390467255374574, 0.03167261654150863, 0.036102877744757934, 0.03655298287600102, 0.030538005858382622]"
4,4,LSS confounding,Causal Forest,0.7127443096686977,1.3158904559432834,"[0.11918222214721139, 0.07357573982295182, 0.056519414301056184, 0.16207610435929112, 0.028749418117093483, 0.031379262805312634, 0.03667019880066278, 0.03568335483454528, 0.04711157037165543, 0.03330074137970939, 0.038020216614890655, 0.04581314705242529, 0.04757903612375926, 0.03912807517903515, 0.033139694748579855, 0.033702959027756184, 0.03459083684001984, 0.03871969536941086, 0.03451117184920012, 0.030547140255433546]"
4,4,Linear,Causal Forest,0.18081139642457592,0.347311438242521,"[0.044940032197476915, 0.05512874444976659, 0.08179504570196686, 0.05730735219735321, 0.10345664117913297, 0.04957393363603411, 0.08030305557926554, 0.09645008223848517, 0.03488685796529321, 0.03947263250861845, 0.04376014433240874, 0.03310033773143971, 0.03687689753722287, 0.031138827152727408, 0.03343001087033044, 0.03181845632353484, 0.038184256019066824, 0.0372534629785409, 0.032495662745833695, 0.038627566655501544]"
4,4,Mixed,Causal Forest,0.7974970636102365,0.9375560449501941,"[0.02722257702701885, 0.028604264878758064, 0.028119167019207223, 0.033214688968900036, 0.02751510153662297, 0.03064018832304518, 0.03827597363090588, 0.028126118455144455, 0.12709332583881994, 0.17325050977587392, 0.08207041544698314, 0.1298165728144453, 0.03612907966927764, 0.03237579333421017, 0.02682620159016704, 0.03212296697376151, 0.031503481076772595, 0.02788254168209356, 0.027985598258540568, 0.031225433699452045]"
4,9,Interaction,Causal Forest,0.6063410533660716,0.9995830368998035,"[0.07590653973286798, 0.10334026847128407, 0.05343253202490294, 0.07773056702073569, 0.05650661929030592, 0.05217891706278163, 0.06257106331138164, 0.07905975748320695, 0.03933113043611124, 0.03150387226858209, 0.03615296261675765, 0.03717987770335283, 0.037446200805235315, 0.037719870131318896, 0.03099029596998845, 0.04612055804278333, 0.04065759904228459, 0.029427907271907514, 0.03622853462972202, 0.03651492668448917]"
4,9,LSS confounding,Causal Forest,0.8147161152382009,1.4398091390770518,"[0.11829791925358053, 0.10766821382501729, 0.0955775466635192, 0.0864428647235205, 0.02837503827887144, 0.025276451185530336, 0.033161389801918316, 0.030121762345727013, 0.03257818455878405, 0.04278766733773362, 0.04421721985145306, 0.04426184894345782, 0.04466702210985406, 0.039172618189627674, 0.034166995349167124, 0.03988350657478034, 0.04428838100427617, 0.03303517948357235, 0.04548941276300729, 0.03053077775660186]"
4,9,Linear,Causal Forest,0.18553856260208362,0.378881278529409,"[0.05233646994057079, 0.03678616575905503, 0.04512909950665115, 0.037595893447515745, 0.10952935410671451, 0.08416758520685522, 0.08580383927106831, 0.10735680475685373, 0.04445862969684968, 0.035007232390109486, 0.032580122088748734, 0.03383394161405353, 0.042878575800471004, 0.038394840479767656, 0.03602545377281898, 0.040488053148748614, 0.03157448663976536, 0.034177041174373105, 0.029316157998567745, 0.042560253200441614]"
4,9,Mixed,Causal Forest,0.7967978280698751,0.9409793307974569,"[0.02252462243862897, 0.03698032250464152, 0.03853860080441628, 0.04094735700370418, 0.02893640195419442, 0.030058848752538735, 0.0384805127794138, 0.027989652679175206, 0.11181983466725388, 0.09970631332120038, 0.13718005650596807, 0.15322784702721748, 0.02787439280648397, 0.02680591006104108, 0.022485838318356585, 0.03160683746003772, 0.03248563832465045, 0.02520292364531945, 0.03323422144637628, 0.033913867499381564]"
4,7,Interaction,Causal Forest,0.6256094538882874,1.00551214490466,"[0.07355504576349702, 0.0646520031652727, 0.053805462831142944, 0.08675479224395498, 0.0792341903174118, 0.0914052880819476, 0.06556141227768551, 0.05694092383256037, 0.02595535686866087, 0.036407820163811715, 0.043840746260839975, 0.034263843180779394, 0.03843155700566687, 0.033360316815856224, 0.04057876093822348, 0.0328250168751479, 0.03646127258002614, 0.03774945863321738, 0.03418783342642231, 0.03402889873787497]"
4,7,LSS confounding,Causal Forest,0.8703788071285561,1.5195299693403745,"[0.13004571346355648, 0.05806962023860776, 0.08016202185239994, 0.14891051979624884, 0.030771068142229865, 0.03248865904528409, 0.029027001510272477, 0.03800466709760335, 0.04196652006959054, 0.036680416725279094, 0.03545282477198451, 0.029430777866431813, 0.03666958885826691, 0.03730532229841341, 0.03445347183080438, 0.041672799029422794, 0.03297160039554759, 0.040601050695714784, 0.045935498057042445, 0.039380858255299044]"
4,7,Linear,Causal Forest,0.1550117005019811,0.3669169322140917,"[0.0300596041804113, 0.05469190804046271, 0.0472937201554113, 0.05197264574888171, 0.07822980345343677, 0.10689148473436362, 0.09359624129367912, 0.11550318581531334, 0.027846774518663128, 0.03327634772127582, 0.030602058350237885, 0.03600349060547001, 0.039448661341046194, 0.036261718010591915, 0.034896400855825516, 0.044152976415435, 0.0348990667744399, 0.034177753699926636, 0.03370628562016956, 0.03648987266495855]"
4,7,Mixed,Causal Forest,0.7842387239959909,0.9502296851104984,"[0.02995135620604407, 0.036336286068875186, 0.031155418682748813, 0.031967384532804656, 0.030149713731208987, 0.02430474012021485, 0.026902627181084382, 0.024538242371689636, 0.13496134333184062, 0.1039487312854292, 0.14941939599603693, 0.1458999794292083, 0.023911838219425764, 0.0330815931579726, 0.02884286663802419, 0.027012140226045984, 0.034784835176934176, 0.029305619595556203, 0.03204028537378114, 0.021485602675074312]"
4,14,Interaction,Causal Forest,0.49887209623913586,0.9996036930979525,"[0.04443988652528997, 0.048833641249498023, 0.10168786745123325, 0.07294485964810635, 0.06865481275976192, 0.05408486637538843, 0.10964585392753629, 0.1009834766434972, 0.025353965188958397, 0.03222225186877457, 0.03309715715756302, 0.0315029953668877, 0.03032988649100998, 0.0319549639258011, 0.03627275609266391, 0.03288641507619677, 0.04058125482645977, 0.03937533163996154, 0.03264514836506982, 0.03250260942034205]"
4,14,LSS confounding,Causal Forest,0.715360064239745,1.336888795556793,"[0.06106634146435486, 0.17840750844642694, 0.06402906657380024, 0.13158941746155844, 0.031174852993869212, 0.0347881744329231, 0.028252361633845514, 0.026101795380404656, 0.032584409965059256, 0.0390587983919981, 0.03761990455940337, 0.0314995420446236, 0.03998996005591499, 0.03359866777008649, 0.04065515847964803, 0.03618955104706844, 0.03351902958734311, 0.04037212946310416, 0.03557627885087438, 0.04392705139769287]"
4,14,Linear,Causal Forest,0.19100122648531792,0.34971624780938365,"[0.03223254671045072, 0.12326115432397625, 0.043760530241007435, 0.06646064524006307, 0.06547212543888087, 0.06448080404927939, 0.06328355009589293, 0.11415945221533542, 0.032713253358483844, 0.03950506135335362, 0.030939749347290726, 0.032977891378281665, 0.03535085300072537, 0.03387600875411936, 0.038554119252270244, 0.036336565065196356, 0.04162966031931221, 0.03697548059569217, 0.033714817262175616, 0.0343157319982127]"
4,14,Mixed,Causal Forest,0.7733654354565664,0.9376181903234364,"[0.024509431594991443, 0.033485040258224005, 0.025197467002365727, 0.04359769694347741, 0.026680044742568323, 0.023627140152178577, 0.025775283166480624, 0.033194023326795684, 0.1770147880538232, 0.1266961422951372, 0.15211612649640002, 0.09762806906991543, 0.027709268954447322, 0.024959507794456375, 0.026267213544553275, 0.03399744218247248, 0.02477974556136003, 0.025413569389520874, 0.02404722900290225, 0.02330477046792974]"
4,10,Interaction,Causal Forest,0.5189827615706553,1.0074402384743786,"[0.06630157069141686, 0.07143658434474313, 0.07059430033665463, 0.10606787728902095, 0.03897515976474764, 0.06407375917244452, 0.07929824509553153, 0.11788532896364493, 0.02568991910802173, 0.0437110334409336, 0.03769790449759614, 0.030576870303045865, 0.03504283500004988, 0.029693806844961864, 0.026040268622272166, 0.03512590986923437, 0.03729846455491947, 0.031161587788287353, 0.026956233617312107, 0.02637234069516132]"
4,10,LSS confounding,Causal Forest,0.6391185819884344,1.359771451835504,"[0.07968364364424042, 0.1273347756228094, 0.10429693877640382, 0.1431451520239019, 0.03036554182427126, 0.037204105596537966, 0.027176730453186863, 0.027944975177252706, 0.03261061963774018, 0.032921273202199425, 0.036924771388613824, 0.027722127045853973, 0.03440666296809751, 0.03823579769826929, 0.03612131041326988, 0.03960303785100492, 0.03314359111877481, 0.038220248018484115, 0.03788060947522433, 0.03505808806386334]"
4,10,Linear,Causal Forest,0.1847810596533777,0.35505255376810574,"[0.06288301152668094, 0.04076715660719864, 0.043539941793290224, 0.07755876316303292, 0.17285662309208571, 0.049091267285560264, 0.06035035543620153, 0.0768659270995799, 0.035450935925889666, 0.03706754689655345, 0.02896459618274625, 0.03952076024614401, 0.03673823165965191, 0.02964974255930613, 0.03302383966889289, 0.035563145316020256, 0.030595830957704087, 0.033751962541334495, 0.03936490773423877, 0.03639545430788805]"
4,10,Mixed,Causal Forest,0.794583547566392,0.9412889295710433,"[0.035698320045733804, 0.037826566854474206, 0.0316002590605654, 0.026350923746202955, 0.026683852945918483, 0.02803456343616427, 0.03180999924868585, 0.026657467377414014, 0.08269585358194761, 0.08487148187606573, 0.1746410032648071, 0.16802446410178284, 0.026895914002507005, 0.04170780423052998, 0.024160404548234912, 0.033767420384512234, 0.03208083069188663, 0.02968715407128426, 0.026914203366046743, 0.029891513165236087]"
4,12,Interaction,Causal Forest,0.6200075393338912,1.0010347102569748,"[0.1153533098666073, 0.04281943590631023, 0.06549860690964543, 0.1158255914686965, 0.057004771272721806, 0.05664205249143326, 0.05878203950237167, 0.05726548116803466, 0.029902268470879782, 0.033458573911866483, 0.035059569519139785, 0.04021897236078485, 0.038699583180458345, 0.03429962371027741, 0.042694435466827226, 0.03799496267570042, 0.03155158005795529, 0.04026105656229737, 0.035139316065717095, 0.0315287694322753]"
4,12,LSS confounding,Causal Forest,0.7261523378780379,1.4691615632225186,"[0.11499865872083445, 0.0951370032849445, 0.12491619798918636, 0.09777630072269378, 0.029161116770857008, 0.030753220703553172, 0.03242409139943361, 0.027102657993569437, 0.035288829344734325, 0.03503811010189571, 0.033911026542295254, 0.044966344544044426, 0.035387889384405506, 0.036743359329637515, 0.04218091546684987, 0.03364511480114113, 0.03792230673466766, 0.03388663389661046, 0.03807221378861846, 0.04068800848002741]"
4,12,Linear,Causal Forest,0.2083334126580903,0.3786905842434885,"[0.04881134721603592, 0.04452761095453929, 0.07161603048242787, 0.04446371483382434, 0.09549400912767801, 0.05225868479912587, 0.0912914726741037, 0.10774263285923164, 0.039346094563031904, 0.04122928523884921, 0.036285442438012704, 0.03267682579403537, 0.037694517733609725, 0.02998088322447414, 0.0411426881347753, 0.035513773021739393, 0.036966506690861795, 0.03418381724639087, 0.04077035701610704, 0.03800430595114591]"
4,12,Mixed,Causal Forest,0.8021575432728628,0.8994842340901383,"[0.026426508228226467, 0.032171053970550194, 0.028515110670283925, 0.0293562683943245, 0.03153914537091027, 0.041121059142846646, 0.03695920129786439, 0.0243126572668513, 0.15496741494856334, 0.1474003629564188, 0.12151737967684408, 0.10892429945159575, 0.031232182514664447, 0.024363605934605116, 0.030280362110490896, 0.030727614412048916, 0.023193161312343807, 0.024479960483248957, 0.021040165825835268, 0.031472486031482935]"
4,13,Interaction,Causal Forest,0.6468394753957019,1.000730982573668,"[0.060231118207824466, 0.07218266480580648, 0.04325851089334632, 0.04937158468792936, 0.12014165939830226, 0.08691627890446348, 0.06137313873610104, 0.07390135581959285, 0.03787848309315924, 0.04345083277987107, 0.035888497975083956, 0.03649212866064907, 0.03653158725819801, 0.04290215551905571, 0.035162589751772895, 0.02920559870863831, 0.031597907409103426, 0.03458308127873573, 0.03557319376098358, 0.0333576323513827]"
4,13,LSS confounding,Causal Forest,0.8562943728547266,1.3992185434068305,"[0.11185877564540922, 0.10695113864239646, 0.11814763704086868, 0.04785621199294181, 0.030658181190481467, 0.03994905910902174, 0.03354748950956754, 0.02846064477964984, 0.03570132015071973, 0.043316453400961547, 0.04376964127875405, 0.047345011028112755, 0.044220691204929614, 0.03435822021322975, 0.040218745705601106, 0.03575999427714326, 0.03701047287982945, 0.03844948650584302, 0.04235064680584961, 0.040070178638689544]"
4,13,Linear,Causal Forest,0.18347613998362644,0.3508031145048072,"[0.05128457894908431, 0.05293142948272221, 0.05229233382966429, 0.10368122241856545, 0.05948027006894356, 0.08745070939724264, 0.0725523782598324, 0.1283814937180362, 0.02823105043717354, 0.03322292509344139, 0.03199146095769583, 0.03180870236402534, 0.030587228857007404, 0.04017269157421871, 0.027839990384610443, 0.0335033358355894, 0.03515303940237305, 0.032802577541359304, 0.035016053086981136, 0.03161652834143341]"
4,13,Mixed,Causal Forest,0.7798951281547538,0.928009303076087,"[0.035205122588587934, 0.03372155041389972, 0.049714699390138145, 0.0293567567842234, 0.03276784703029301, 0.036985491135108475, 0.03329845280998347, 0.029166396511485324, 0.09327587750156606, 0.19046524108990986, 0.08313224826595521, 0.11128358147681883, 0.035046431584186494, 0.025439151084352334, 0.02845368062372993, 0.0330469018424176, 0.02935523315488848, 0.03457899693823519, 0.028929270830499582, 0.026777068943720925]"
4,15,Interaction,Causal Forest,0.5691166897753855,1.0007657779984487,"[0.06064717659487053, 0.044242470150433214, 0.12021915728388667, 0.05762381282952255, 0.08523624450700945, 0.06751750482415819, 0.08475898856465516, 0.06526298513580135, 0.03553696426082177, 0.026039403143013753, 0.042911455644966755, 0.05331554604540135, 0.03194177472067209, 0.031092932646993563, 0.031260812943488696, 0.03109175639177821, 0.031031149867780376, 0.030145103295676757, 0.03540897533538876, 0.03471578581368083]"
4,15,LSS confounding,Causal Forest,0.7224197372558628,1.4189935470627129,"[0.06820385497132693, 0.06617573774498474, 0.12037528556010926, 0.16954040346918198, 0.026857470226301933, 0.028132996642449833, 0.02997067913090894, 0.03616635910187949, 0.038657758538440466, 0.034696391962147015, 0.035906293677533216, 0.04930898360896324, 0.04168306683904823, 0.03581618252929325, 0.029473037692047777, 0.03454754311431877, 0.037222937530676035, 0.042020193076611596, 0.03931111654120133, 0.03593370804257609]"
4,15,Linear,Causal Forest,0.18011216806467642,0.3536331017445499,"[0.04560995290044069, 0.048974520585219866, 0.10361309569167616, 0.06882286389169147, 0.08011378228616771, 0.05637356001404699, 0.11107091928015596, 0.073908018159697, 0.02987442176157866, 0.03463630659662897, 0.03267335245487327, 0.03221126199608579, 0.03414364915003627, 0.03611771786602812, 0.03275619247444547, 0.03938945560255074, 0.041329026598450905, 0.03414708935941119, 0.03279515532122919, 0.03143965800958572]"
4,15,Mixed,Causal Forest,0.7798927465591827,0.9308484813979481,"[0.054207667750858224, 0.03181142869204722, 0.026669606827929827, 0.03142697018925835, 0.028432378719063466, 0.037469862096665855, 0.025752128574516264, 0.028525922449919253, 0.09258836921705269, 0.19885436062121195, 0.1026018185546091, 0.09394325829499246, 0.029949720518870234, 0.03418402711065653, 0.02861274271706711, 0.03468795241681212, 0.025985913340908794, 0.02962063060426866, 0.03424677309588741, 0.030428468207404386]"
4,17,Interaction,Causal Forest,0.6050323545827077,1.007008843889868,"[0.04809060407504737, 0.06423237370754777, 0.061902353201741, 0.11896119759508199, 0.05845673038287958, 0.07082182890521431, 0.08662754108263405, 0.0676664101038214, 0.03393895321219296, 0.04335800372171717, 0.040198449638134404, 0.04075543999017667, 0.02885134456543963, 0.03393558777889461, 0.031337498763799966, 0.03332299049050556, 0.03479958016235541, 0.03370934991188839, 0.036307432273618476, 0.03272633043730923]"
4,17,LSS confounding,Causal Forest,0.798858575208356,1.4915768098973274,"[0.0837203332253452, 0.12303254777616711, 0.08327819333263016, 0.1332146855959202, 0.02849624567910155, 0.033852157206877204, 0.039877313751269315, 0.027360348692002816, 0.03655386604952315, 0.040030670410471494, 0.03555930937385453, 0.03717689331410872, 0.0393700336331466, 0.03331191276813362, 0.03567099673044057, 0.04081408013144744, 0.042712150872863765, 0.03927938930424118, 0.033346316945158015, 0.03334255520729723]"
4,17,Linear,Causal Forest,0.1637706337156815,0.36555903240640597,"[0.07181965275460914, 0.03445718310821114, 0.04076046996577393, 0.03137741306412801, 0.07814718232382112, 0.1296841574531983, 0.05310526730912847, 0.12864685202183485, 0.03331342473073712, 0.035895800083081915, 0.03951893170327857, 0.034350402134788016, 0.031397717250350905, 0.03608256397748141, 0.039751971127800476, 0.04444690929812938, 0.037729561059348285, 0.0334481681823297, 0.035580173024057686, 0.030486199427911663]"
4,17,Mixed,Causal Forest,0.7842437545047451,1.0091023205511478,"[0.0319552315580018, 0.028435016173413086, 0.07327420351281201, 0.032982910500985764, 0.0243241298024435, 0.034617873074302016, 0.030728878272084096, 0.029099812156868937, 0.12287596337766066, 0.09738216702351311, 0.10161589560473035, 0.1531036666110051, 0.02993270621041035, 0.02897274816986008, 0.030795091270577304, 0.02549963292366454, 0.02652037669964373, 0.03291659811188022, 0.033876099069854046, 0.031090999876289414]"
4,8,Interaction,Causal Forest,0.5736123111006695,0.9995612244180003,"[0.08571543351540821, 0.058296332607105567, 0.06746969882194943, 0.08985931639370955, 0.07403015098407542, 0.0856294840949852, 0.06064416542078867, 0.05377493664763719, 0.035716577964304184, 0.031055520039604382, 0.02822676662573239, 0.04165871372828034, 0.03489543169015669, 0.03388266375076069, 0.03777611458983661, 0.03456999640476928, 0.0362880894217577, 0.0395817493032789, 0.03816985589892386, 0.03275900209693587]"
4,8,LSS confounding,Causal Forest,0.7927732701676671,1.4197008513514444,"[0.09761723091120696, 0.09079135292727755, 0.13855920188077478, 0.07680157916493827, 0.03003025034554812, 0.029465762336501528, 0.030148225127314066, 0.03497048574252426, 0.044935577287522406, 0.05393735516181765, 0.0355294102545181, 0.03505596548592835, 0.0327820980161446, 0.037909306023590585, 0.04184818725114725, 0.040321600723387925, 0.03797411535517345, 0.03695712810262664, 0.0352685613751629, 0.03909660652689467]"
4,8,Linear,Causal Forest,0.15982297384809552,0.34816624677384367,"[0.03871097698777214, 0.047325162767083234, 0.07730829449253335, 0.06527010019360216, 0.06784975206735688, 0.10656347849650473, 0.06508471508850266, 0.12075802274246043, 0.02621335112715484, 0.032204991913960736, 0.03591422203009684, 0.04066492958357772, 0.03157608050945776, 0.037236062731693054, 0.041972036001785125, 0.028455958581846578, 0.031840068287154, 0.036618007257484396, 0.032322510838276405, 0.03611127830169711]"
4,8,Mixed,Causal Forest,0.7263317345905101,0.9482686145133601,"[0.04997596190798713, 0.047990322933104575, 0.03554332319514588, 0.03885018605819024, 0.03147778847334915, 0.029296035522027985, 0.02852604578489955, 0.025282346943004394, 0.11547500546943894, 0.194930984200269, 0.12489549318674827, 0.060499199714196886, 0.028091042299950422, 0.02784604079828169, 0.024038344908235254, 0.025205548122603585, 0.024439389144113994, 0.02375524899294632, 0.032050132765574446, 0.03183155957993223]"
4,11,Interaction,Causal Forest,0.5801236754320063,1.0043335663161057,"[0.07587443997510791, 0.04675541807841209, 0.10229171312491682, 0.08887591789826065, 0.040140112768842585, 0.06305533350739224, 0.06677483075557906, 0.08585113936141424, 0.02892482686506157, 0.034194299626275904, 0.036341076996231236, 0.03616584270698249, 0.047856946418358026, 0.039543540056599186, 0.03826709691054555, 0.0386142730225025, 0.03326948557644598, 0.03258022817592851, 0.033015136045239646, 0.03160834212990383]"
4,11,LSS confounding,Causal Forest,0.5530954433340821,1.2319243764068506,"[0.10878220912789566, 0.09919912417419331, 0.09051675125555268, 0.12198224249396512, 0.034842223439089624, 0.02781067371848037, 0.02641438847937061, 0.03323137147468334, 0.02957050523855607, 0.034993033957735134, 0.03648686300433711, 0.031301582205351675, 0.03348322889819335, 0.036139744387987796, 0.04302630200519403, 0.03946118083461473, 0.04502813076643561, 0.04743102705328504, 0.042536706690100214, 0.03776271079497852]"
4,11,Linear,Causal Forest,0.16915671941665883,0.33769857153497274,"[0.06582655765820433, 0.07842381607674599, 0.05704882897459151, 0.06361654705326746, 0.07886436283279548, 0.10248071617520209, 0.08566488429090954, 0.07147105205626456, 0.04030831108513348, 0.031773547484472836, 0.0301873612468241, 0.02774855312831043, 0.036846586005194464, 0.03561444525227678, 0.03249511404700786, 0.03610327190696, 0.02977256127144175, 0.030712117524604822, 0.032876950131604556, 0.032164415798187844]"
4,11,Mixed,Causal Forest,0.774777170095642,0.9188677873023039,"[0.03910760377115669, 0.03870836566886708, 0.02693531737236584, 0.03869895992724114, 0.028037327379063615, 0.026761064060606934, 0.02750724408613335, 0.032041051447589945, 0.10899401126484402, 0.1163427009755014, 0.15089182058435024, 0.12118291955637102, 0.02430072409076803, 0.029732960984971298, 0.029919340430476664, 0.026790833724038662, 0.032761373364212386, 0.026170361643600117, 0.025684116071020995, 0.04943190359682048]"
4,16,Interaction,Causal Forest,0.5930278236670071,1.000433171439251,"[0.08196654961705035, 0.054086498037644155, 0.08005477085939981, 0.07541706372655547, 0.049076402063744834, 0.050892899058437135, 0.07947714432696133, 0.08548258344693734, 0.03498003352240822, 0.04227824800382678, 0.03494081610368683, 0.03377029782210891, 0.035712748526522134, 0.0365704398240635, 0.04006600795157885, 0.03174940518673723, 0.04713259908237083, 0.03835309529175317, 0.03537167080086856, 0.03262072674734455]"
4,16,LSS confounding,Causal Forest,0.9133249820117156,1.3651999908507386,"[0.07434730429238388, 0.03997028173996257, 0.06425207646375296, 0.1873070908167538, 0.028038930009808696, 0.03493811057889878, 0.035878925147332014, 0.029247358871432164, 0.03546318920131945, 0.04485441421129931, 0.03597305736366781, 0.05245376874670706, 0.042707684564740785, 0.04029451172277659, 0.04184499277000971, 0.03344847379462765, 0.0480086811868411, 0.04191338884902529, 0.05050316964789113, 0.03855459002076914]"
4,16,Linear,Causal Forest,0.1973993725073975,0.35331904588305746,"[0.06782873895407125, 0.08596766538083131, 0.05184264344049852, 0.03836041130166585, 0.07117068403806744, 0.08780863190766286, 0.07161988073258535, 0.06007732804670792, 0.03303709036994511, 0.02790392554050622, 0.03617593102699815, 0.047757308910192496, 0.03923269287430394, 0.03736735452318069, 0.03640134825235568, 0.03994406420853641, 0.03589527863717233, 0.032753123876279634, 0.04119780738388247, 0.05765809059455639]"
4,16,Mixed,Causal Forest,0.7966445696290623,0.9514139927888732,"[0.028738332038153517, 0.0318223325592222, 0.0334805975750972, 0.03845616996299724, 0.02773704009510509, 0.022891342373635524, 0.025086403848908114, 0.02448741220162986, 0.10905268448943936, 0.08421674749148783, 0.12296650596501064, 0.22780317271241696, 0.0267200880294727, 0.024644549708835672, 0.044255649094985125, 0.02318101713371325, 0.027838356103051763, 0.020511197027986962, 0.030582974819310542, 0.02552742676954045]"
4,19,Interaction,Causal Forest,0.5148805331499181,1.0001561922206563,"[0.06802749304360271, 0.10092668672471863, 0.06373351968413442, 0.07108801995522457, 0.04787360676621327, 0.047539967687911605, 0.07619951832320303, 0.11157076738811973, 0.032185191642545394, 0.02861732214516191, 0.032740075231480176, 0.039677344911408986, 0.036192436578999336, 0.03571612859915799, 0.03753293122428653, 0.03255681700662518, 0.03031191692806291, 0.032959488101280146, 0.0361178876793785, 0.03843288037848511]"
4,19,LSS confounding,Causal Forest,0.7914663593799436,1.3772436826445518,"[0.08634895375709127, 0.08626726541976001, 0.07284444720626022, 0.14651368345587115, 0.03486919446754578, 0.03150595054721925, 0.032705606705500115, 0.03568006587143887, 0.03774059143534994, 0.036231298836535177, 0.04695808555490669, 0.05647847822469251, 0.03807830060536222, 0.04094103895029693, 0.035935359973725996, 0.03071156946427203, 0.04146808465142582, 0.03599328634668289, 0.03762221725007531, 0.03510652127598769]"
4,19,Linear,Causal Forest,0.18522678060288453,0.3586152178939356,"[0.06214698764833461, 0.07103618609778319, 0.05747806601096213, 0.060148933761162225, 0.08988546267661922, 0.06536119074485852, 0.10451380766402533, 0.05907612533253303, 0.046183442433523195, 0.03007424429280741, 0.03255585905674444, 0.033385273657986055, 0.03924361796818515, 0.034126930535748626, 0.0348104484727419, 0.03088758873416443, 0.03922346200988855, 0.04011771429315658, 0.03210962641795097, 0.0376350321908245]"
4,19,Mixed,Causal Forest,0.7925804533599704,0.9729927834987439,"[0.042954934744027846, 0.03357897135188999, 0.029023704146501603, 0.030936772287354856, 0.02750711797033908, 0.025732010928564236, 0.037919508143492923, 0.02894192059674931, 0.2016944853723633, 0.0651330546729798, 0.14576377908397312, 0.10620703408570698, 0.0285312816987073, 0.025426064255857146, 0.03685000608293837, 0.02489748588822235, 0.027364958903436567, 0.023939710719083147, 0.030608130515783816, 0.02698906855202833]"
4,18,Interaction,Causal Forest,0.68292928688492,1.0001679488149733,"[0.05203850505806944, 0.06714565550350138, 0.09880134478598064, 0.08535070255081419, 0.09374819036336429, 0.04271759999755823, 0.05967579085576198, 0.04769615715002697, 0.04243965956916869, 0.03381810192641879, 0.037968057436456204, 0.04212646707056772, 0.03287953754155792, 0.04061829362840931, 0.038275228424155976, 0.03581418566042756, 0.03756966062613442, 0.038884703530922805, 0.03911729880203128, 0.03331485951867228]"
4,18,LSS confounding,Causal Forest,0.8283164592959971,1.4484501430118981,"[0.07881903302853062, 0.0856168161483426, 0.12031410031577988, 0.1272729473717462, 0.031269657265083156, 0.03766520583764206, 0.02726728438638486, 0.02795054972375254, 0.04001960906740054, 0.03375658580737585, 0.03551195153980418, 0.04168591338532204, 0.03436402601873368, 0.036234922557480065, 0.03306253167373911, 0.03262594605655134, 0.04781848213635552, 0.04913526933049188, 0.035605074396435524, 0.04400409395304839]"
4,18,Linear,Causal Forest,0.18912602523622063,0.34734795944621005,"[0.05237283626828275, 0.041518394626668134, 0.059745828842842366, 0.08254715862017503, 0.06955456930310615, 0.06089105803031494, 0.08425050607997528, 0.08650205413146539, 0.042810358401481674, 0.03567572725081898, 0.035785559572689175, 0.04024022474598004, 0.03647829157555323, 0.04289579070098398, 0.03711390743601608, 0.043202650717202834, 0.039447159150132506, 0.03893559410235775, 0.036132612858399006, 0.03389971758555473]"
4,18,Mixed,Causal Forest,0.8310994482309759,0.9831869138090263,"[0.03740582063834838, 0.031141220693038325, 0.03346911194996176, 0.031226592076995425, 0.03481596255895989, 0.029971168405765237, 0.030832839286041712, 0.03026433664828151, 0.11428982590894181, 0.14491592532062378, 0.13825013326515065, 0.11361857532982006, 0.02645717785779033, 0.02761016562764475, 0.027339236046765837, 0.033615644216111934, 0.025706419060870934, 0.02488660805583781, 0.033784515356493024, 0.030398721696556993]"
5,1,Interaction,Causal Forest,0.8399496954338345,1.2479108031682133,"[0.04229923661214232, 0.03884256857448473, 0.043970574044908235, 0.06643395176574787, 0.0560965373763305, 0.05368420601265491, 0.06047548402302116, 0.08860707403261588, 0.05636644995133849, 0.03775977709608154, 0.034937600933924055, 0.042765905948539296, 0.02363647484692328, 0.027556976721969613, 0.028671080027743826, 0.029670988173163236, 0.039947712465281414, 0.024437434814625937, 0.029496363520314418, 0.0257898730564114, 0.02652347313693, 0.0305777506595945, 0.028285379987658628, 0.03407167893866153, 0.029095447278933206]"
5,1,LSS confounding,Causal Forest,0.9090548590500374,1.6502022016171762,"[0.0469951591122646, 0.12167491484958502, 0.09767620013197383, 0.07064582076659963, 0.06144531136450362, 0.024527268551888606, 0.029547930604637965, 0.020081693137368548, 0.03188521349482369, 0.023544573641867614, 0.028018612533035652, 0.03358002036218206, 0.02873920275483425, 0.03189331046570729, 0.028225926897244173, 0.03587161894024851, 0.02790245934419159, 0.03268450405038474, 0.03640563987161277, 0.030615715857258013, 0.028641911629055553, 0.03513236445370525, 0.028482092407767712, 0.026599829121339482, 0.03918270565591988]"
5,1,Linear,Causal Forest,0.25890441906301664,0.43179461118099377,"[0.05727198685182445, 0.044966501291185915, 0.06235938233323732, 0.07858605481033763, 0.042505121314251444, 0.06568277354755515, 0.04110723599749407, 0.05600748230690706, 0.043651775200281524, 0.07441800071096838, 0.030405219091639183, 0.031274117266705814, 0.024377230261223334, 0.023853018503703076, 0.02278739704875061, 0.028877446505705423, 0.027104525358361845, 0.02948268406937028, 0.03316421221919851, 0.03283871904468421, 0.025981029421735365, 0.035355302023411854, 0.035178454075718325, 0.0264008293028553, 0.0263635014428938]"
5,1,Mixed,Causal Forest,1.0528935584889272,1.201841135386302,"[0.026972720294438417, 0.021553583650869845, 0.02134075830526833, 0.03054446619109471, 0.02503141103031254, 0.02478738624373772, 0.024458839262374632, 0.02183946329902269, 0.03388990638844841, 0.02257113642329655, 0.11269898952971183, 0.14473506734144106, 0.11213402144221561, 0.10798984163965505, 0.051265592262790996, 0.023974595848504573, 0.020958337218556958, 0.020737767059897855, 0.019249418986346748, 0.022648949854955903, 0.024230904951167167, 0.020355273929840743, 0.01772307149865096, 0.022662297988076077, 0.025646199359324568]"
5,2,Interaction,Causal Forest,0.8611877048578289,1.2498871183722247,"[0.056408736587208824, 0.09167381391836327, 0.03733365279291451, 0.041339164968785806, 0.04812709350697673, 0.06285943024001077, 0.042535296268414735, 0.046195488066292416, 0.04362482739737921, 0.09327300339376964, 0.023003663659011183, 0.03581118234654875, 0.030261450028645595, 0.03258637545144459, 0.029306621777070344, 0.03365042194381314, 0.025257715694748092, 0.029398459045975045, 0.02882403756545228, 0.03287775604042314, 0.025962214935737638, 0.02622612227606107, 0.02526029491911976, 0.031897975844247466, 0.026305201331585804]"
5,2,LSS confounding,Causal Forest,0.8239507106111499,1.4666240060330868,"[0.06587248771726789, 0.11501911514311135, 0.05125471379441548, 0.06798566288954566, 0.08921393519933789, 0.02349883665530959, 0.028034255836893868, 0.030620562102170856, 0.024688376343999414, 0.03228777421730302, 0.03218087079052497, 0.029978100294828846, 0.03210499997226331, 0.03052236003118657, 0.027268694279964523, 0.028515271139412927, 0.031781971524876454, 0.030415653529679787, 0.033220843215928095, 0.041599529004968085, 0.03254393039632996, 0.02590367087261742, 0.029406632250355256, 0.03251475967208943, 0.033566993125619234]"
5,2,Linear,Causal Forest,0.23865606449649934,0.449525484804128,"[0.04048459099909316, 0.06271782846357674, 0.037245454028615906, 0.0578536151460436, 0.039351107725781626, 0.0660345610075598, 0.05335850457871438, 0.10364763719362065, 0.060970334272824084, 0.0510477554155455, 0.025912664472896734, 0.030120980192860546, 0.025939130070026337, 0.02633511352911421, 0.028578696770544185, 0.027785639318838685, 0.035895418136031775, 0.031547129114955455, 0.03144504099029254, 0.02814223202484499, 0.023713309901959436, 0.026005711354173386, 0.030126490058169916, 0.028753053481228367, 0.02698800175268795]"
5,2,Mixed,Causal Forest,1.0165486976939493,1.197799579443008,"[0.021860791842834737, 0.02888077275616272, 0.035805959509330805, 0.024319058726585928, 0.02649273435830665, 0.022962436947270484, 0.020870329175052316, 0.02437439247570025, 0.026612914493375148, 0.021659726053495233, 0.08177622467022616, 0.11341112800356778, 0.0702694743921238, 0.12650608749322084, 0.1259283206907437, 0.019478114591892838, 0.024280312372837835, 0.020801096232181297, 0.022597956709855607, 0.020577168895285512, 0.02204238190275569, 0.02507695116265875, 0.0267525359319027, 0.023255793617053367, 0.023407336995579935]"
5,0,Interaction,Causal Forest,0.8879400523709166,1.2479726357500183,"[0.06467732337143933, 0.07783140630924339, 0.06653125897931464, 0.07149178048308977, 0.03873658542218709, 0.0326158221632035, 0.045044751777190556, 0.05530019556482966, 0.048222968527238376, 0.038763426605207506, 0.031512366133989216, 0.03635660279242139, 0.030287009586740445, 0.028949411373762456, 0.031226945699055503, 0.029213878582160596, 0.030749799816418694, 0.0316078158158277, 0.029258178144544934, 0.0322019525061668, 0.03231588452860963, 0.026674181921979498, 0.03381975570600305, 0.028866838743290796, 0.027743859446085577]"
5,0,LSS confounding,Causal Forest,0.9330960932194091,1.6116530461409577,"[0.058355717597013176, 0.06983716560659498, 0.10989656798314051, 0.08212462909751703, 0.05987327967568157, 0.03679667473744931, 0.0219970823575657, 0.02742851121572019, 0.032230973351259996, 0.02794931656481689, 0.028800237749946684, 0.042732508122942124, 0.03369888885300674, 0.026989688469862345, 0.03085877423133097, 0.03294083059058632, 0.027940969631928915, 0.03435261136670002, 0.038451558167680124, 0.030075417567147263, 0.027124361071361985, 0.0360037902589132, 0.02952040157409593, 0.02404339394151371, 0.029976650216224216]"
5,0,Linear,Causal Forest,0.2841787374945996,0.4447041332912742,"[0.05806381891760377, 0.0593661203402052, 0.04110263274101226, 0.07532056533408099, 0.04369875425397021, 0.06668463969121423, 0.05046781053327129, 0.035430312583599625, 0.09090730261304288, 0.05221909339529852, 0.027055093975384886, 0.023034005065496667, 0.026840033950966014, 0.026578316879288733, 0.027758512985803913, 0.027363618172618513, 0.023651886875678943, 0.028651413607066703, 0.04300612784468075, 0.027142413843898438, 0.03050154307250723, 0.02803696634471077, 0.02798838463654212, 0.021350452469847923, 0.03778017987220945]"
5,0,Mixed,Causal Forest,1.0596827033974543,1.2257213582174113,"[0.027184594630775348, 0.022333055975298152, 0.028072941330688734, 0.02087592827794948, 0.035131808624114025, 0.024110103377835396, 0.020492276629908376, 0.028510140118634123, 0.026998353833210424, 0.025888289735578926, 0.09543567975817709, 0.07449476632419755, 0.13022729431006425, 0.08359733298275085, 0.10645731177049741, 0.02702357067376658, 0.025193206016234204, 0.024994243018669465, 0.02162015791714135, 0.023720172384395635, 0.02296741684425281, 0.025669632312131922, 0.02717330107668687, 0.028124432800263582, 0.02370398927677743]"
5,3,Interaction,Causal Forest,0.8063158749254042,1.2464104926810884,"[0.112548131338181, 0.09535919189213851, 0.03756759509743491, 0.03734314769810098, 0.033077999832359935, 0.039719919585164354, 0.036327268474859085, 0.028160799985449007, 0.07231623977970106, 0.07013625232606957, 0.03409281759494121, 0.02847534442102527, 0.030900144487508843, 0.030982123722434737, 0.028334097424391743, 0.03502818736015618, 0.03724510425069158, 0.028939555658312376, 0.02249655739343882, 0.026896959843824106, 0.024068096618920308, 0.028741348482792167, 0.026863986142663346, 0.028276546039363443, 0.026102584550077496]"
5,3,LSS confounding,Causal Forest,0.8775317724908686,1.6031021544703714,"[0.05852899111828002, 0.08438165455245562, 0.07131174385818848, 0.08645102451228692, 0.09448019168153592, 0.026000313503970324, 0.028079725611649734, 0.02158754552092539, 0.03568747695850909, 0.02266868202086491, 0.02974421699634637, 0.027787513199896627, 0.039637692108092946, 0.032171418168408156, 0.030063012237306636, 0.030112315584923017, 0.032304365095499936, 0.02898696959888222, 0.03601663257903307, 0.02885234008309436, 0.02807010859004328, 0.03420330451402165, 0.03295531537516128, 0.026431047293568596, 0.03348639923705533]"
5,3,Linear,Causal Forest,0.20083872485723897,0.4404919381024687,"[0.03001983102185073, 0.03452015940313871, 0.03524801709905435, 0.02779352534466973, 0.07578422179014359, 0.07622515519728071, 0.06198724842258052, 0.08199715360232397, 0.11101809446052995, 0.045395271557460336, 0.028126782957700505, 0.03346312378158181, 0.027542047616195275, 0.027105831412410145, 0.026962701372074432, 0.029809408721659256, 0.03406985376673002, 0.025736837556231, 0.03094543561724843, 0.02485934664018376, 0.02676368349080029, 0.022869866613140673, 0.026854442580645396, 0.028239266384024263, 0.026662693590342217]"
5,3,Mixed,Causal Forest,1.0239231565291531,1.1680712519082375,"[0.0256965895594184, 0.02536787259834628, 0.026111194493440525, 0.019742556204938446, 0.024051657701933418, 0.01910368460464797, 0.024261105451323546, 0.024458231432948563, 0.02242805931780227, 0.02239900671185494, 0.057492327619544224, 0.1412407506337219, 0.06528437275291023, 0.14391471828141528, 0.12085811148244849, 0.024879534314854505, 0.029703167292423286, 0.0213326984692775, 0.03077135252858056, 0.01992637275203723, 0.023893634034776567, 0.02231819581437253, 0.023229447592903893, 0.02247655434670874, 0.019058804007370696]"
5,7,Interaction,Causal Forest,0.8302953078337982,1.2471063159793285,"[0.06032766301139869, 0.057126872772737876, 0.0340806900330136, 0.03962414084320509, 0.053878158461668026, 0.056118163843573765, 0.04612876311382363, 0.1152867842804839, 0.03628680126418842, 0.07343918176147891, 0.030861599731769086, 0.02739846982175185, 0.030520898352972208, 0.028976667628100472, 0.02831300415657442, 0.0327067644997268, 0.04227304531758905, 0.02786424672843161, 0.027472216846820687, 0.023914809769263006, 0.023853901821849682, 0.026242801314974227, 0.02422219247357522, 0.024707489864327952, 0.02837467228670176]"
5,7,LSS confounding,Causal Forest,0.9863938017386533,1.7226156875045815,"[0.056825362427478224, 0.10634021866310675, 0.0801004241504786, 0.06424580658783191, 0.0904424934485038, 0.02542023526813765, 0.02620872821001718, 0.02444203265707155, 0.02944466988768733, 0.02768039726046297, 0.02986340438765567, 0.02409789030444761, 0.03153541965846376, 0.03099211476798767, 0.03678685130229197, 0.034070775444774035, 0.040796884618855264, 0.025456569387115557, 0.03351659948961628, 0.03447440266772342, 0.02580468631446815, 0.030682814124291868, 0.02638789199420918, 0.03305807974578105, 0.03132524723154242]"
5,7,Linear,Causal Forest,0.2563297681447534,0.4542429213403951,"[0.05421235605323727, 0.03945089857113589, 0.035930591226705985, 0.03932018530005794, 0.0882978215367818, 0.053493056454918184, 0.05565993734996924, 0.08077492390509296, 0.06041659911427372, 0.05827680822679028, 0.029821258394849507, 0.0251340977694117, 0.026562600161744925, 0.03247753839411878, 0.02860972818795499, 0.029077085506679198, 0.027721862120548172, 0.02660897576001108, 0.03241065616395244, 0.03467626872060532, 0.02536641932331767, 0.02950511221215972, 0.02908189850130053, 0.028195149887097745, 0.02891817115728504]"
5,7,Mixed,Causal Forest,1.0343100624466124,1.1923531427675755,"[0.034289806424231614, 0.020567648141741376, 0.030796462072418422, 0.0263316866262195, 0.03113914654090364, 0.023309590895161617, 0.025444116926291206, 0.03149037057157224, 0.0275888001809972, 0.021709657209250763, 0.08146377553959984, 0.07969482034821415, 0.13610717121139568, 0.08578580639380629, 0.1072302148367359, 0.026641382534153206, 0.02777821336969861, 0.01786966106347324, 0.02693165612575532, 0.021484894613328673, 0.025797927680072334, 0.020741733516388736, 0.027053636929517018, 0.02121054609009822, 0.02154127415897502]"
5,5,Interaction,Causal Forest,0.837013629924064,1.2464797034017305,"[0.050540280371647324, 0.04163269882751955, 0.05415264257154161, 0.05061961265828255, 0.06460709759505945, 0.1028027010448132, 0.038148411882652104, 0.03852749054259458, 0.05854450651632868, 0.052138169135599155, 0.02559894953503797, 0.02576249973005792, 0.032227387133350056, 0.03313485090109709, 0.030170596714045535, 0.025896814538717713, 0.03234175368667651, 0.030119761368831054, 0.028753906283247036, 0.043699358012097816, 0.028610169449028812, 0.030631697043518143, 0.030361669170446276, 0.02100986775521249, 0.02996710753259736]"
5,5,LSS confounding,Causal Forest,0.8535321067271525,1.603321791153913,"[0.09932471744247554, 0.08373571937943787, 0.07340054443215571, 0.06402468078741146, 0.08132497134755327, 0.021484049550577478, 0.021131279962992053, 0.028344170831971955, 0.020543394533753045, 0.03286454519447863, 0.03283597443749374, 0.028125364376013807, 0.037614866972987146, 0.028598863126607227, 0.03151094602353544, 0.028983719380138984, 0.0461353655473389, 0.027256627815056386, 0.027939612895420466, 0.03489973880951999, 0.032628897860623944, 0.029958349417585933, 0.030749102474620343, 0.028329431968061432, 0.028255065432189225]"
5,5,Linear,Causal Forest,0.2302740877958432,0.42968467569686064,"[0.06416950396546191, 0.049739490774823085, 0.045082978336426556, 0.07297607697166568, 0.04327598282802092, 0.059316173851506226, 0.05992933923787308, 0.08607467108469696, 0.04131250688749503, 0.06649011140169883, 0.029608998846278885, 0.02423934287183275, 0.02597368507649551, 0.025044392510474862, 0.02477428549649901, 0.02320563489329515, 0.035421451826340995, 0.02539954674609844, 0.03251157963697351, 0.025038292602924422, 0.023397080558667776, 0.03339420947207463, 0.024629288699231002, 0.03077070739353742, 0.02822466802960737]"
5,5,Mixed,Causal Forest,1.0347014644162975,1.19324010279121,"[0.028115043548741715, 0.022652294910734696, 0.02093933509858867, 0.02353131560172894, 0.02457000398008848, 0.022452524343457358, 0.025830165749634305, 0.02396231448234041, 0.021295164935620982, 0.023414627111309927, 0.1011668435782401, 0.11571222941195713, 0.1046891440233839, 0.09014555053598597, 0.11708600253000928, 0.023607714757966653, 0.029019642061712238, 0.029528458070341778, 0.021805243950532193, 0.02134665046720699, 0.025390719544574895, 0.020536241099312017, 0.02161485806772723, 0.022526549013467782, 0.019061363125336322]"
5,8,Interaction,Causal Forest,0.8315301029643619,1.248053805100485,"[0.05186607237239332, 0.09313607196256013, 0.08271608966718758, 0.06185179711458879, 0.05027818696299566, 0.04208169034999789, 0.04474833111043724, 0.03883636722514225, 0.04643629652846765, 0.05714949511469935, 0.027346239186440923, 0.024405116003008848, 0.024113361958639733, 0.028172753203596468, 0.028143781542070513, 0.03329091793499448, 0.028279802284493095, 0.02637493438589238, 0.033171336292436605, 0.029974894756515255, 0.03357380996688953, 0.027780119853387103, 0.02837582096809089, 0.029466711121823974, 0.028430002133250375]"
5,8,LSS confounding,Causal Forest,0.8977869464487482,1.6126561502688264,"[0.05970900979345587, 0.07815803726489991, 0.0647200906849584, 0.1002792415289456, 0.07593699777554055, 0.03304502728394261, 0.03446789732457683, 0.023570294372512537, 0.03288046928708259, 0.02712264382669032, 0.03982874001269285, 0.026745677570928713, 0.027036553802903703, 0.03214779431104052, 0.031706319962177, 0.03346825783746788, 0.029828010809226205, 0.03354550203951869, 0.031010433445179748, 0.03681022881182406, 0.025235762500224846, 0.03323713206740775, 0.03125099989035733, 0.031146382341430693, 0.027112495455014807]"
5,8,Linear,Causal Forest,0.2673126054509999,0.4684108064050808,"[0.0353740747714819, 0.037901886017608855, 0.04685673050043574, 0.06582002984370605, 0.03273144474656115, 0.0717360030632594, 0.08685475966220711, 0.04376141068126709, 0.0634715404765422, 0.06813449630938755, 0.026411718135675354, 0.02518512639215084, 0.02954318397033942, 0.03986838385645471, 0.025352642067411772, 0.031173462372757647, 0.033922702340484855, 0.04278322928452846, 0.02706238381075539, 0.021504096091042788, 0.030973928640014317, 0.030945397103918037, 0.023826241960058635, 0.030586510561323464, 0.028218617340627267]"
5,8,Mixed,Causal Forest,1.0466063792961886,1.2150369526610463,"[0.02731522569219153, 0.023989173895823654, 0.03165264163541727, 0.02179082518538375, 0.025279106319792303, 0.021082700255541997, 0.029528556129164957, 0.023113670891259014, 0.020191398865105962, 0.027097964350375835, 0.07663154408786, 0.1722652715600536, 0.06668188215936066, 0.07895561352312973, 0.11274117383592949, 0.025795168755010634, 0.020093610832256754, 0.029375629033345473, 0.02139001659174376, 0.02105682817467433, 0.022158275194428236, 0.02696508176438853, 0.02520158645880406, 0.02270014635392172, 0.026946908455036667]"
5,13,Interaction,Causal Forest,0.8446710241529392,1.2498779299902223,"[0.048044728297350424, 0.03274802805482547, 0.08255644503397874, 0.05045134783793439, 0.045286013743202326, 0.05480135522574017, 0.04736436690490505, 0.1031991353498459, 0.044897606717293426, 0.06425505409065335, 0.026421727227811144, 0.03027352701378424, 0.03058170978779694, 0.025410333322967736, 0.034070431607512636, 0.025835181297248256, 0.0261449969629585, 0.02878899457510659, 0.031917725366444244, 0.028680196959945024, 0.030182383998625037, 0.026034958673893095, 0.026385910202130023, 0.030277915427409544, 0.025389926320637694]"
5,13,LSS confounding,Causal Forest,0.9315685876659813,1.6381009379090445,"[0.07290884539672944, 0.07723789570850768, 0.08039574542110622, 0.09458701010068411, 0.06699247561738617, 0.031042339566756914, 0.02524520139142328, 0.023837053149143788, 0.027193352361618923, 0.02864684921137141, 0.029327310798170556, 0.02927711522791009, 0.02596047613234517, 0.029614171068805085, 0.03445111351518158, 0.030535947296383564, 0.03497148400304453, 0.028511685212604384, 0.031748489475210036, 0.03871043200552019, 0.034472243659501925, 0.02909718125623287, 0.028721540770413417, 0.03233542914268126, 0.03417861251126747]"
5,13,Linear,Causal Forest,0.2598728108733735,0.43566657252700947,"[0.027638905136470725, 0.033930096392304064, 0.06689501441583555, 0.1029694849427311, 0.04794138570046642, 0.0470641242175287, 0.04149167228493525, 0.09057274023362412, 0.046111328234055456, 0.07177302493491061, 0.026469676965804784, 0.022784795346116497, 0.029901229414476135, 0.0212342275140146, 0.026913657702799278, 0.030538784404314945, 0.026457856735703524, 0.03050596534563824, 0.03547972621054408, 0.032275463522478044, 0.028689649544480715, 0.03117223441615467, 0.029530122599599716, 0.022681988119532377, 0.028976845665480297]"
5,13,Mixed,Causal Forest,1.005834552184176,1.1649623909531324,"[0.020176633397596695, 0.03488303969786181, 0.04381001378530731, 0.03248954425567085, 0.02505698606043667, 0.03817328550376442, 0.026356633582159693, 0.02304355537412276, 0.020279044949148596, 0.022828175571696363, 0.10051890669111915, 0.10895628734576648, 0.07472695571724111, 0.12082684278533039, 0.062358566198836035, 0.025219988613435263, 0.026392674314358704, 0.02279883469204498, 0.03319898826946662, 0.029597054770295606, 0.02170923251227417, 0.020050522189293225, 0.021359982484890638, 0.02000136708891283, 0.025186884148969763]"
5,14,Interaction,Causal Forest,0.8137033297998135,1.2475963817261884,"[0.042085478404857025, 0.10240739876392294, 0.04471379967014737, 0.09045111424498307, 0.042127064320635246, 0.030673932414340088, 0.05062533333081548, 0.07803356673086843, 0.03501097867935687, 0.040858777764048046, 0.02965970568784285, 0.02506624603478972, 0.03009349727851607, 0.03346337298971489, 0.02485585369828805, 0.027814087373670936, 0.027615717725527383, 0.02623284179970018, 0.031514248182637775, 0.02887189794820123, 0.03879504786339577, 0.026904168523048375, 0.025031345510379947, 0.038155271241911065, 0.028939253818401237]"
5,14,LSS confounding,Causal Forest,0.9544524534099936,1.6598709571122015,"[0.06231784685955058, 0.04606242827710349, 0.062210664218216714, 0.12043992627861043, 0.11626925632834961, 0.029215707448828777, 0.031939296093385965, 0.026155446589720688, 0.03487432245434662, 0.02747662282281262, 0.02734354475703788, 0.026031416392244173, 0.0318571098302476, 0.03405430292554918, 0.025104723640174957, 0.026172133447385736, 0.029898044056704903, 0.037030416876834206, 0.0365289714247714, 0.03275963405409954, 0.025460278577883178, 0.024441375475907242, 0.03175051993862827, 0.029895719994676998, 0.02471029123692935]"
5,14,Linear,Causal Forest,0.2626125635541052,0.46352676801066983,"[0.041033106906312705, 0.03730286845266432, 0.04365366262314847, 0.061918678516476866, 0.03860823447928601, 0.06637664198024275, 0.03991345645115279, 0.06616149767623662, 0.06864961361540468, 0.07484102264637676, 0.03185405364495922, 0.027920964906801262, 0.030443428453334424, 0.03082729330269477, 0.030918671810677426, 0.030056903979666365, 0.025609522288349548, 0.035978556168870385, 0.03038485390119435, 0.03374110132323867, 0.03304871241947425, 0.02676779258945231, 0.035311945590318784, 0.03137014140497429, 0.027307274868691948]"
5,14,Mixed,Causal Forest,1.067105859476202,1.279366877390333,"[0.03913741051435566, 0.02539744066661208, 0.024468241426588478, 0.025184812551895943, 0.03326753412218781, 0.02655272325059784, 0.023110439974513744, 0.026276806478476092, 0.022511155315328484, 0.02264525526293407, 0.1461858202497943, 0.0807970609232747, 0.08107192918089604, 0.08000309798528375, 0.10912212826329412, 0.026170743911053753, 0.027033328959977555, 0.025246157833021674, 0.022413034406154123, 0.022203063642506654, 0.01778397846123105, 0.023787137325342562, 0.021912642377314315, 0.026762448224807542, 0.02095560869255778]"
5,4,Interaction,Causal Forest,0.8202758193586819,1.2469131417307255,"[0.034019351490218695, 0.04356282286194233, 0.06530029965182371, 0.028552439236619143, 0.04761974494823374, 0.037304785035161867, 0.13865587849900188, 0.08534072554595848, 0.034517049065537556, 0.04533720215146654, 0.02261529114436243, 0.026461193549766678, 0.024556863881419387, 0.027738218799128904, 0.03528079156002573, 0.02359736168350229, 0.027706042504313754, 0.031450144234299864, 0.029464486299249037, 0.03185166721986715, 0.02658731861671636, 0.04658327356260556, 0.027336709831229506, 0.0344325475219489, 0.024127791105600562]"
5,4,LSS confounding,Causal Forest,0.962857004523599,1.6533042980149708,"[0.06928589782293047, 0.09960023508525635, 0.057093096972830895, 0.08420284377258987, 0.08056264923975026, 0.02774762519337519, 0.02304666817843048, 0.027715547138441998, 0.02234640746782693, 0.027093234093447625, 0.02943803430681045, 0.036443352642774075, 0.02818012722665922, 0.03232699300357413, 0.03682246643278555, 0.03099064119685849, 0.03451373972997271, 0.02710341910031292, 0.026085450493898817, 0.03591713611655661, 0.03500851871352148, 0.0275795681736687, 0.038409538999981396, 0.028133338183450752, 0.034353470714294614]"
5,4,Linear,Causal Forest,0.2545762437341414,0.44501417293927725,"[0.03777387368476805, 0.03087229244065549, 0.05356476833429657, 0.04442188249574194, 0.04125849418596382, 0.04796701989762441, 0.07320689680985165, 0.05335606519892175, 0.08404686105333221, 0.06670054555986395, 0.028325239821448488, 0.02262929628509517, 0.03177892275035437, 0.023530066251039053, 0.033665044662167125, 0.025739092823305474, 0.03346139937356568, 0.03690623745887407, 0.024425360786970506, 0.030377436943762316, 0.03311220067224847, 0.034538076933385634, 0.04404746815912293, 0.03414214718639476, 0.030153310231246108]"
5,4,Mixed,Causal Forest,1.0320913733726644,1.1765801382008385,"[0.023873650301401657, 0.031257322671261634, 0.025036215311232887, 0.02231940181147928, 0.029794159707947743, 0.032137699924758484, 0.019196349993028907, 0.0215333313903358, 0.023905795288509304, 0.023850419808422438, 0.11325672599339574, 0.08882612150432041, 0.08597802426422811, 0.12777395376833758, 0.10281092095262864, 0.02639834660730163, 0.023232038539686316, 0.02281021590540987, 0.02672130228904279, 0.024690440975052765, 0.01986146043663154, 0.018691045978732147, 0.02101926895266083, 0.023630493828065056, 0.02139529379612851]"
5,19,Interaction,Causal Forest,0.8674915119356209,1.254620821893507,"[0.03477275594701926, 0.0529109156806143, 0.054773323512768, 0.04838164922189268, 0.03956623656213813, 0.04247280148180479, 0.04659866048747679, 0.06472342641943135, 0.10406398941786758, 0.05542658583043844, 0.030547140322637313, 0.026613418336060755, 0.03277121358403204, 0.028204388420605405, 0.02811019539769164, 0.03449298731513285, 0.03404210031451961, 0.041281552602287296, 0.03202887414625985, 0.030288325781545028, 0.02728320554402834, 0.026873956286926605, 0.028749398976958385, 0.02618287120722304, 0.02884002720264054]"
5,19,LSS confounding,Causal Forest,0.9521564519475814,1.678149014863997,"[0.07820170433295151, 0.06292787079394403, 0.055849805461925826, 0.11040896628660024, 0.0928530406071823, 0.02081976197146469, 0.02581038738359717, 0.02843288560080143, 0.02763763256547692, 0.03161233295976467, 0.02720674255034544, 0.03444901472346647, 0.02748988137332337, 0.032482547661427746, 0.02440906515970966, 0.027214478823660845, 0.0326726120551569, 0.031226788033071832, 0.03256109159975888, 0.03610258197733519, 0.028746544961865364, 0.030073384594475613, 0.030753097387573324, 0.03311762602444634, 0.03694015511067421]"
5,19,Linear,Causal Forest,0.2566784288359388,0.43492368068271986,"[0.0763474369382157, 0.05472010076578264, 0.03884300589008885, 0.05630011665288518, 0.038635166545592056, 0.05206046245125201, 0.06388786125932959, 0.07828001219302218, 0.06280426993087644, 0.06180099509754571, 0.02465266468683473, 0.027460210942953815, 0.023258445767058947, 0.025154260147799437, 0.027184626568556195, 0.025723073714171017, 0.03541686106599785, 0.029903571177013047, 0.02671819481075872, 0.027363431807432885, 0.023721418172692348, 0.03142752133948504, 0.02901932523307888, 0.026017803428903793, 0.03329916341267287]"
5,19,Mixed,Causal Forest,1.0086526515856225,1.1759765111572398,"[0.03993189046841056, 0.025546976221831885, 0.036807055994051784, 0.02567182939373462, 0.023007259908449713, 0.020531610974877393, 0.027170551874864005, 0.023724547159967635, 0.029264926317279737, 0.028976995353517027, 0.10393726567699141, 0.093019354717148, 0.07081592284836283, 0.10243112520133617, 0.09778539447900618, 0.024696895406091497, 0.022325454990670564, 0.03554490943686973, 0.023827748898770883, 0.02734246947221673, 0.027753191237439606, 0.026552253592384032, 0.020817759935774602, 0.021568325030983493, 0.02094828540896993]"
5,17,Interaction,Causal Forest,0.8618285168186746,1.2468279068926276,"[0.03984039756405794, 0.03871681424042825, 0.15999588560499725, 0.04730447611757823, 0.049773799036929314, 0.029920037108684426, 0.04526625726220617, 0.04219638543751849, 0.044376457624586925, 0.05643430081230276, 0.03573714560821621, 0.03183138563545796, 0.02991994697162551, 0.028278417884431226, 0.029549901261926127, 0.032326228962444595, 0.0263638487651528, 0.032854739682570994, 0.024229069591213803, 0.034153305944067534, 0.027087890796253834, 0.029789337580150496, 0.02558371127025224, 0.026950143942522334, 0.03152011529442457]"
5,17,LSS confounding,Causal Forest,0.8262263604188637,1.5650316902247978,"[0.10142560532811509, 0.06596124165129862, 0.07143481848403946, 0.09699857075734337, 0.07549677265289964, 0.025928421070915995, 0.030285040953139556, 0.027875550078642283, 0.02722150518818875, 0.029607166195392578, 0.029879863882379776, 0.03001818328792288, 0.02786587784134473, 0.02968636628273165, 0.03201507002798616, 0.029376580923555395, 0.03028105832495398, 0.0330468148897078, 0.033200419716023825, 0.02964610370957878, 0.0311608260595211, 0.029365595411616242, 0.027406839873572005, 0.026244562834232966, 0.028571144574897466]"
5,17,Linear,Causal Forest,0.29050319263788654,0.4561340700292067,"[0.03650994578960681, 0.05471138545962275, 0.03840853656120971, 0.07043572221778585, 0.057984377671198156, 0.040519706433063435, 0.06472710361123311, 0.0803395277444607, 0.05779580306469897, 0.05581228845195752, 0.03323339369009982, 0.02416777086631188, 0.028098456280374818, 0.029479503038697202, 0.029930703993092358, 0.03350070079640574, 0.030540935115701332, 0.03372677884955296, 0.02839497908651383, 0.030227563623390928, 0.030596170479075268, 0.025912872962036756, 0.02645477903111504, 0.029007213173779713, 0.02948378200901538]"
5,17,Mixed,Causal Forest,1.0389728882479823,1.239750554125084,"[0.027145408850642153, 0.024871483885915063, 0.0201342477366695, 0.028262807768366448, 0.02907983462686815, 0.029319295579836573, 0.020284245135490674, 0.01979334598942948, 0.0242734566015008, 0.03570652279473552, 0.07607643769568202, 0.0715533378608513, 0.09592676594013731, 0.16098622911486504, 0.10353350486467837, 0.0236612733659755, 0.02152645971108705, 0.026789272787784882, 0.022161133833736878, 0.02192873128565896, 0.02538005889705295, 0.02046592210290775, 0.02164806256651648, 0.02115449089171423, 0.028337670111896918]"
5,16,Interaction,Causal Forest,0.8194601856390369,1.249152264271499,"[0.06062129530349005, 0.062470520519333744, 0.046739364278211515, 0.04741092373342881, 0.05051982918220327, 0.03845121846935109, 0.0704885622087824, 0.05124067012765734, 0.07078725030825588, 0.04478883291515819, 0.03297105134164462, 0.02452243832832912, 0.027676391024668207, 0.028290349476595783, 0.029869452353645867, 0.02803459176706321, 0.03683910111027019, 0.03619475525376062, 0.02723776467290441, 0.031324464349148554, 0.03648442891519821, 0.025285898002150805, 0.029108773690413346, 0.03296613275110701, 0.02967593991722778]"
5,16,LSS confounding,Causal Forest,0.9784953466887001,1.7441090973190987,"[0.0619196775076908, 0.1217274680818846, 0.05916023780282499, 0.06460824782166967, 0.07512114881517461, 0.025801040487008063, 0.026163582388660546, 0.025015096136554872, 0.02661678034248519, 0.027101903450724538, 0.029525159854818357, 0.03226739502952836, 0.030569399963087274, 0.03205071912997913, 0.03887904406703633, 0.028780993708555084, 0.0282630491500255, 0.03346504525453875, 0.029967148572424815, 0.029633460889481652, 0.04407370548939731, 0.02637002628455267, 0.03499318149266142, 0.03446609242245016, 0.03346039585678535]"
5,16,Linear,Causal Forest,0.2531816243544678,0.45628796666745575,"[0.04145314383473406, 0.05542973056041918, 0.026862244810948992, 0.03632869475645624, 0.061154057829135494, 0.052321866842631536, 0.06304425960825756, 0.050496013309118445, 0.09326419540198218, 0.051512027390435394, 0.03260175415925092, 0.029341250165520708, 0.03345141277340593, 0.02759133536886387, 0.038059192971519475, 0.024459713366258608, 0.03380714175921663, 0.03610764510787132, 0.028797829484131364, 0.02786012191535192, 0.026622755711987058, 0.028626592171557677, 0.027906453161741278, 0.04252229506585683, 0.030378272473347342]"
5,16,Mixed,Causal Forest,1.0122484625164545,1.1514528093691823,"[0.031283736784048874, 0.027012882607534445, 0.03192551553158245, 0.025481472294781718, 0.020013646913887236, 0.02852109856237961, 0.02727072158805364, 0.020624785430836356, 0.03007607702041991, 0.024857735548110386, 0.10156314277948983, 0.09631559774824255, 0.08870603493554839, 0.11740447050335584, 0.08913572279330614, 0.026839316930081476, 0.023476211618814757, 0.023814519341499113, 0.026354514573265497, 0.024950022162177607, 0.020294668105442736, 0.025267860906063658, 0.022073088893549198, 0.020559900171730917, 0.026177256255797716]"
5,15,Interaction,Causal Forest,0.8131336930070502,1.2463262660797556,"[0.03942820204110229, 0.04968508994758105, 0.05761553463590251, 0.057668061375897806, 0.059557984528636296, 0.044670501717108825, 0.04866023779888176, 0.06403795913413049, 0.07492910026321356, 0.06125091212209863, 0.03897414454862986, 0.030783611198339975, 0.02953599709918783, 0.02305241499367976, 0.03326054874355543, 0.03771165713778658, 0.025666627921693233, 0.027724976191125947, 0.025908426934351417, 0.029092087611016542, 0.027933946157061226, 0.02929543178387434, 0.026277818675259374, 0.026495520029472596, 0.03078320741041264]"
5,15,LSS confounding,Causal Forest,0.6737591697988161,1.513852307621304,"[0.13012241752281004, 0.06491278663170182, 0.05955700404751961, 0.08935737588858716, 0.08643179612927014, 0.024432528985230555, 0.02767257611287122, 0.025266693089061116, 0.027676656854711525, 0.022659817536118336, 0.02749930921917435, 0.03442456029305757, 0.02651049969361412, 0.02749754986281832, 0.026418321455971127, 0.030150263638794556, 0.028115379624422284, 0.025490128027141765, 0.03179884423145056, 0.023330211169121817, 0.033779778548748404, 0.03400738194231536, 0.029867388650678468, 0.02976761163949074, 0.033253119205318996]"
5,15,Linear,Causal Forest,0.2466742119252309,0.4319166202630167,"[0.042449812283878945, 0.049313081940150806, 0.03243772227131813, 0.03890862246633794, 0.05847982361085537, 0.05225034283603388, 0.09138344098982179, 0.07019915190478283, 0.05689113090408521, 0.048056722965011914, 0.027104474949008563, 0.031500803511744564, 0.034846603777565086, 0.030947088220734074, 0.025660347289948707, 0.02987184345287119, 0.025630285657430463, 0.030690550683748777, 0.036259301793116726, 0.029989694605757698, 0.028631136451893396, 0.026867377723066722, 0.032316118682888716, 0.03088413603103444, 0.03843038499691409]"
5,15,Mixed,Causal Forest,1.066943158111978,1.2332440774933475,"[0.03912676423760819, 0.023590517381012106, 0.02548823189308734, 0.02121443550807654, 0.03149496356804595, 0.02570810905876325, 0.02608471326845788, 0.02552581464846186, 0.019275866023709825, 0.026559440838430665, 0.07791952390258472, 0.09855036522193025, 0.09371027130256929, 0.09671572812728166, 0.12811895494831957, 0.021144792853699794, 0.019422157453373643, 0.024336492287568987, 0.025610006471240003, 0.02899951158812919, 0.026188294244851265, 0.025988966428454812, 0.021556104819349275, 0.024394118351570612, 0.023275855573423283]"
5,9,Interaction,Causal Forest,0.8114088694852467,1.2467739741686998,"[0.04403501919373999, 0.04679803357709587, 0.04977423767510036, 0.05279644836927575, 0.06369209351248242, 0.07945694599427097, 0.07312504628601095, 0.057449660003730495, 0.036621248014979194, 0.061886498375747535, 0.03178770401308261, 0.02685955286808168, 0.02934305711610095, 0.025005552313958266, 0.025608123269757442, 0.031049628257501946, 0.03583150061290789, 0.031114725141749632, 0.0339857970856677, 0.02180817703656805, 0.027372593744595622, 0.024549840572814653, 0.028470861919322542, 0.03383871821520006, 0.027738936830257542]"
5,9,LSS confounding,Causal Forest,0.9895184830127121,1.6777547664210477,"[0.07384458337407458, 0.05475272117126725, 0.07525235531081838, 0.049381388343081846, 0.1305034079253954, 0.0321496632658975, 0.02818205001906518, 0.03071801553704142, 0.027884096731414124, 0.03879522354209441, 0.028124165656225143, 0.0278584774036755, 0.029955900441705784, 0.029796023937878863, 0.029171259755708584, 0.03448211645323214, 0.024783767779054826, 0.03386138288794622, 0.03259930068357666, 0.029336051493238636, 0.02927322329325842, 0.03626534562702934, 0.028853655756149944, 0.03226436328360424, 0.031911460327565665]"
5,9,Linear,Causal Forest,0.2746734405905233,0.45698899974691404,"[0.04016816031982422, 0.03998451421553603, 0.0560857952013934, 0.0306196481272201, 0.056654119026015255, 0.060991829404619696, 0.10906957938448554, 0.04922429341541448, 0.058395890522105295, 0.04907981772957328, 0.029618642662944953, 0.025360709573638954, 0.03225401957753903, 0.03083599040752284, 0.03479015808721395, 0.03151324423571171, 0.03311247609964896, 0.02728264707898312, 0.029781854140339088, 0.025172051180945895, 0.027717272871150465, 0.027843295393433106, 0.025837829109454948, 0.031354803629776204, 0.0372513586055095]"
5,9,Mixed,Causal Forest,1.0352653776959613,1.1760658609002137,"[0.026543208661355122, 0.025547374819037873, 0.028875593052228216, 0.031148010991290245, 0.03259831691080319, 0.026270820249929692, 0.020359550749038623, 0.022716125268549235, 0.03876371311195072, 0.02591401328475287, 0.07519401694365845, 0.06401658935132508, 0.08935915723088951, 0.10113359656186846, 0.1235739368770962, 0.02930181226862811, 0.034033494503487915, 0.024103146780485044, 0.030998592688854333, 0.02178530664888605, 0.023281613218683, 0.02576753772107976, 0.02863109562718133, 0.024103165866784525, 0.02598021061215669]"
5,11,Interaction,Causal Forest,0.8348101495356189,1.2503180393319948,"[0.04661761148103416, 0.048247775302382535, 0.08573400851740982, 0.04894390069186756, 0.05464375643998781, 0.10697942392036981, 0.046691765401193554, 0.037563629832040146, 0.05518901675684627, 0.03364488227286299, 0.027770800306586737, 0.02687209998401868, 0.040458618311678005, 0.022705758972393443, 0.022210061466427743, 0.02873800900997301, 0.02479225232896144, 0.027182027954351887, 0.03091760099360701, 0.031277236621596406, 0.024598449839640255, 0.027518443964550672, 0.036921660887293914, 0.037437007795842386, 0.02634420094708378]"
5,11,LSS confounding,Causal Forest,0.8596480548904215,1.5649249807351022,"[0.05039975717635469, 0.07896804953513266, 0.07834867714742128, 0.11893895417957351, 0.0562372274957016, 0.027862744791189928, 0.029813473561640547, 0.030814249308969567, 0.029174043549292986, 0.027784741362065976, 0.03331724092189001, 0.02929783434287918, 0.030340891166861988, 0.02751917196472398, 0.03503274825029452, 0.02622491158360853, 0.03101360923130211, 0.03132949119003566, 0.03360158349253528, 0.03081496484816068, 0.03157466167091799, 0.028030776045678753, 0.02786384977380415, 0.03590175809350272, 0.03979458931646173]"
5,11,Linear,Causal Forest,0.25263858084916685,0.4408595993373286,"[0.04938349585231964, 0.044753227852681536, 0.06729245447392286, 0.053413945715916074, 0.0458642486083699, 0.05445484077417178, 0.06176479293105271, 0.046075463038046945, 0.0486444285272749, 0.09269412098133899, 0.0288038050668543, 0.025890899825732498, 0.023782802671212674, 0.03224546483743225, 0.027478747859603178, 0.028661013235697294, 0.029294438153177955, 0.03988183394599753, 0.032021832580458084, 0.03526829304494502, 0.024164102440070348, 0.02684248016465846, 0.025061332256662395, 0.02264808425437582, 0.0336138509080268]"
5,11,Mixed,Causal Forest,1.0288865555946611,1.1906343694566996,"[0.02486349263474367, 0.030240454355627076, 0.027564286356389533, 0.030338027138036187, 0.025255218141949438, 0.022510161129244772, 0.027553244774783575, 0.025837612856776895, 0.02397418163958728, 0.028425633347182046, 0.07643417588675225, 0.09942606420827342, 0.1272870169550452, 0.09772983865812485, 0.07063343891981946, 0.01854695963643983, 0.031180929402044155, 0.029175036287558756, 0.027223147797480647, 0.025158095216654807, 0.035555388705859586, 0.024245787342353782, 0.021845228525753182, 0.025692961692472684, 0.023303618391046867]"
5,6,Interaction,Causal Forest,0.8007687428465722,1.2463182029238928,"[0.03027949117804416, 0.03558152128611749, 0.03923412046647181, 0.05918172928974031, 0.05945519205363242, 0.05556584796837703, 0.05400904980598922, 0.06465359355056453, 0.07654622325308062, 0.0624399854913675, 0.024281604847633146, 0.02985714492910486, 0.028229810340683014, 0.040536603593335496, 0.02828363016901212, 0.03185941950255819, 0.028655275653609386, 0.024455191235074464, 0.02297226720472623, 0.03821466493124872, 0.03166509801091099, 0.029914910901248103, 0.031068002078317905, 0.03222550998390676, 0.040834112275245575]"
5,6,LSS confounding,Causal Forest,0.9664362712494647,1.579914806589388,"[0.06940525587775837, 0.04559153327803054, 0.13005676732991595, 0.06417854068931794, 0.06882817821667458, 0.03208608998165275, 0.023085423274619262, 0.028056235078138328, 0.03253794092361878, 0.023374311557839, 0.02883830748084405, 0.03727869455941268, 0.03660108928042507, 0.028552249627044345, 0.03519197905886198, 0.024787773576628834, 0.03639315082538395, 0.028895877370327533, 0.02689068579428427, 0.04046657521963872, 0.02844430511008633, 0.02950997854413172, 0.030525820545484805, 0.03282006869848242, 0.0376031681013978]"
5,6,Linear,Causal Forest,0.26789439917489605,0.43071088528909474,"[0.0749769186818528, 0.0503464063681669, 0.03701756318403422, 0.05089157994793121, 0.050119799425181376, 0.042223515833023334, 0.0751801107057018, 0.046737491932061996, 0.07986841717869432, 0.048012433808136065, 0.025966224677667245, 0.03469174512569237, 0.026025555024716193, 0.0358933203001936, 0.029031063337576494, 0.02818177078775777, 0.02932795584296471, 0.028913474419435783, 0.03265258124188944, 0.027352289656433163, 0.025547609685950646, 0.03449601118375177, 0.03458023185817614, 0.025071584583027887, 0.026894345209982705]"
5,6,Mixed,Causal Forest,1.0821168989676513,1.2355437604333956,"[0.026003766171265846, 0.029577722291196942, 0.02727601478332285, 0.02360667853938495, 0.02515609117648776, 0.02471838718779169, 0.026045720976347417, 0.023283477855659148, 0.02574435313587982, 0.02611189968237345, 0.11010843287415631, 0.0706502150662509, 0.13108974360312392, 0.09279737914282565, 0.09124569551132466, 0.023831250097960898, 0.034280466903225754, 0.02202748248867559, 0.02436765748796158, 0.023902611449126674, 0.019995310018830308, 0.02539013202997645, 0.029110292300330017, 0.02029639788562162, 0.023382821340899813]"
5,10,Interaction,Causal Forest,0.8358399663869728,1.2490383518962755,"[0.05073004974180359, 0.048974383994839395, 0.040171702610186905, 0.04595367358619841, 0.04324216519134486, 0.050991118966009184, 0.08838701935462165, 0.05299462373256724, 0.08562724179660199, 0.053208696151697404, 0.025153915462133504, 0.028094889283396984, 0.03433681637677235, 0.034325773918527716, 0.026589452484659236, 0.0304398703838095, 0.026496083215197346, 0.03236229009903385, 0.028275863827912247, 0.02674613894299004, 0.03177748026118392, 0.02941320880759202, 0.025187126219313467, 0.03155614074703828, 0.028964274844568948]"
5,10,LSS confounding,Causal Forest,0.9567369343090433,1.635259861832298,"[0.1347930666141016, 0.0718987634511695, 0.05553592062847941, 0.058129512959831285, 0.08201603158222077, 0.025213184950919856, 0.027167193706200278, 0.024993333739220015, 0.029617283096039233, 0.02903334315419749, 0.024178027417942713, 0.03270341478079585, 0.03315097591344471, 0.04243185280791023, 0.027136576713459547, 0.028024428704207974, 0.028491125002835082, 0.02641984530027459, 0.03132725029534927, 0.03496702610142313, 0.025103279564607915, 0.03174185368829949, 0.037539151186283766, 0.02806766778032912, 0.03031989086045713]"
5,10,Linear,Causal Forest,0.2123236914549022,0.42569904430830174,"[0.04917318498607107, 0.04218311186229037, 0.03426878571678178, 0.03397780357873166, 0.04520607988824846, 0.055657821042140766, 0.06429217844169682, 0.07277143393687237, 0.11320373957852531, 0.05982664714092234, 0.026099415005033447, 0.032368879454695, 0.03064723240377905, 0.030760965812805758, 0.029951835605150478, 0.028567440555338344, 0.02914726492041738, 0.027701698558484388, 0.02741185974982997, 0.027802167512264084, 0.022630512472336637, 0.03123933044025838, 0.02813317793057132, 0.0262095422920016, 0.03076789111475317]"
5,10,Mixed,Causal Forest,1.0041315941223303,1.1874853781762833,"[0.030832446171451422, 0.027907409279064776, 0.028804695431793207, 0.0276935537182975, 0.03518524267291176, 0.02112702507691014, 0.025013316077329675, 0.02632753933745035, 0.025903692410988572, 0.02026855158213349, 0.056031367102621694, 0.13026560290430525, 0.08874695278525079, 0.13047833871974376, 0.08740260067019388, 0.022798475294207116, 0.020909519145461, 0.02814364381039867, 0.02900867253748014, 0.02424429749472995, 0.024931122981394303, 0.020924966455084362, 0.021477787712475375, 0.019578383850961976, 0.02599479677736086]"
5,18,Interaction,Causal Forest,0.8341786453204774,1.2501837195412453,"[0.0358509611013786, 0.02937854843073953, 0.06281435781628902, 0.05033356101047904, 0.0427045044733353, 0.061794511989720406, 0.10410062256335363, 0.04147651971130398, 0.0745121742696636, 0.04542317208258313, 0.03932120893276312, 0.02738406559646692, 0.0256441499491195, 0.022353390010469255, 0.03543689675199388, 0.0319986230239832, 0.02655292030325729, 0.02794438079877766, 0.030081567801291408, 0.031738906861263044, 0.02470921603322391, 0.029963342105622043, 0.028081686098081225, 0.03507920362043797, 0.03532150866440331]"
5,18,LSS confounding,Causal Forest,0.8768135900973613,1.6324709693498334,"[0.08662075196919539, 0.04479380479862791, 0.09569253118884681, 0.06524095177100687, 0.11047609945972184, 0.027063588287810095, 0.028908765326648402, 0.027839483954697243, 0.022360533606248297, 0.029452342410004478, 0.030200898679969255, 0.029336511952717973, 0.02611122275306577, 0.034011488498980065, 0.030661221391949652, 0.0315154438189366, 0.02562579289191387, 0.03621405316113463, 0.029879369842707705, 0.028641170692384844, 0.026594689596420376, 0.032899250610261534, 0.02939588151025485, 0.03272476791127998, 0.03773938391521548]"
5,18,Linear,Causal Forest,0.24628159745706366,0.43598470236822745,"[0.03711194396557562, 0.03774955146633354, 0.04171949736218023, 0.033451504671375754, 0.07810827298468193, 0.043750030223416954, 0.05476432700616773, 0.08300429832724648, 0.05599256558190506, 0.08756202427511156, 0.03584065144298456, 0.027158910914199884, 0.028203926842351817, 0.02279312128998851, 0.02588886783212496, 0.030653470405077935, 0.03446198987617459, 0.03374177508967706, 0.03704666873092671, 0.025282283556127758, 0.02755971560388835, 0.028574135577542185, 0.033316731010691276, 0.026969301299759652, 0.02929443466448991]"
5,18,Mixed,Causal Forest,1.0144808636721447,1.1846211994715266,"[0.026027489279670718, 0.03255572566587184, 0.02433976490870413, 0.04095324036417226, 0.033876654460430554, 0.023667107926282883, 0.023160273670275892, 0.026081639902053456, 0.029215295021557893, 0.02463360021385507, 0.12006558713335737, 0.1396162597732772, 0.0800961936457731, 0.05280176493830152, 0.0794556229060171, 0.02317550625998229, 0.024572144158175695, 0.026993190041531036, 0.025904302426296075, 0.02641773264952996, 0.020288562919284228, 0.024157172762178918, 0.02405636657268964, 0.02402040353186655, 0.02386839886886449]"
5,12,Interaction,Causal Forest,0.802950951859185,1.246345929556919,"[0.03772218019230559, 0.064093485982539, 0.054373153187095555, 0.09260835337968408, 0.03803444380301348, 0.040087692890150906, 0.0722780092045097, 0.04613346145930828, 0.06299633161104762, 0.056133401647932187, 0.026940773747734275, 0.026464928382789153, 0.031050796824698516, 0.03528143328433486, 0.031055143076271906, 0.0298360922314779, 0.02960493246208548, 0.03136671802315539, 0.029570356259637755, 0.03186336043766349, 0.027131227735875098, 0.025438685072848445, 0.02589800013352252, 0.026807176079341116, 0.02722986289097776]"
5,12,LSS confounding,Causal Forest,0.9378910278736781,1.5542301756679726,"[0.04987145279241454, 0.05796466704186594, 0.06480260837621962, 0.13255402372637695, 0.06205343696621328, 0.033881999374245894, 0.020509378717698208, 0.024795279764061345, 0.029178611135395802, 0.027526024413843272, 0.04598901302299951, 0.029475718997939316, 0.023558276638221576, 0.03208936689340791, 0.033834640225724605, 0.03688200853818881, 0.03584477959917596, 0.03391725874709088, 0.027077699647920107, 0.03395556607806924, 0.030112768116647707, 0.02904331251970649, 0.037002103449195634, 0.02971109108882837, 0.03836891412854918]"
5,12,Linear,Causal Forest,0.2704296892221472,0.4286582556738122,"[0.047592082813569664, 0.0642061773466067, 0.05645102680356327, 0.055875159903811415, 0.043480945421240605, 0.09779358258019102, 0.04703564647954328, 0.04856311108489291, 0.0615263899294745, 0.036512153380988774, 0.028249985871780847, 0.03010073975619646, 0.03064840840178167, 0.028095149574257305, 0.02571413797674185, 0.024230437478645648, 0.03012673280281933, 0.028318627858556284, 0.03208164408935887, 0.032631229364819506, 0.027848809568973915, 0.031674239117740075, 0.02937867423570338, 0.025071014503809975, 0.03679389365493264]"
5,12,Mixed,Causal Forest,1.0229433846850218,1.1973845555106823,"[0.04216225361969486, 0.032312256980815156, 0.03471282593865823, 0.027165078441805223, 0.03543578159260412, 0.02240172022809909, 0.03189694007826176, 0.02203210326995256, 0.030051566341522097, 0.021854792876796147, 0.0708555219428042, 0.06322223846429038, 0.13364681270599077, 0.14782559924189648, 0.05854152807598705, 0.02290324939873164, 0.02388454604710217, 0.025635349697951768, 0.019775146138938257, 0.02119228972399813, 0.019587419515402684, 0.021340356709741666, 0.024230085553325106, 0.026426802298069898, 0.0209077351175604]"
6,0,Interaction,Causal Forest,1.0425649942106883,1.502439439006068,"[0.045012037062602636, 0.06562238555268879, 0.0508948050461248, 0.05720869215853675, 0.035540375840867354, 0.03569058189581797, 0.03370143201050166, 0.07825263863361037, 0.04170222828903027, 0.03337878999291097, 0.034741027728344434, 0.03366211654108287, 0.03084323727396843, 0.022371588341525174, 0.021571270707058346, 0.029541959188023256, 0.019213952023604677, 0.02911123803192932, 0.02595251401435277, 0.02549396396317563, 0.030278570960906036, 0.027245516876061658, 0.027768157605006786, 0.021197517561020132, 0.02143593838228759, 0.023293902777824366, 0.02875821238608223, 0.02300589520351978, 0.022902111923953923, 0.02460734202758111]"
6,0,LSS confounding,Causal Forest,1.1885308418147325,1.9174574757366383,"[0.07592003664703967, 0.0412521055976086, 0.06597003875694807, 0.0370735952140971, 0.11178213360308131, 0.05208418719456183, 0.019109891607844594, 0.020202730013574838, 0.02175391411118698, 0.021764451462193735, 0.030065680720630306, 0.025488109479631295, 0.02495431912535018, 0.02828378771328814, 0.029397139401076043, 0.02539670998251621, 0.02358728312622178, 0.025263424104075786, 0.027806114156781896, 0.024337850987057066, 0.03257467623610268, 0.037694913375938464, 0.024414679348121738, 0.026351593853854598, 0.026942082872208804, 0.028344371047061664, 0.0223323557105149, 0.024536036832508473, 0.02035198701198744, 0.024963800706935827]"
6,0,Linear,Causal Forest,0.3583244623485541,0.5305393438177749,"[0.0637195257621187, 0.04035558616527195, 0.05801352887459522, 0.04304404334758646, 0.032712153872739486, 0.027754967376169205, 0.04994677853798956, 0.04629705637861246, 0.055464172689555565, 0.045586673015117915, 0.04926722579316185, 0.03672009840381039, 0.024694591870837737, 0.022876849787603036, 0.024885538689258423, 0.022406450295432975, 0.023035676608079095, 0.028870169712622348, 0.022980507243240272, 0.028501116984582055, 0.026050371835225912, 0.03026477921364767, 0.025765669345828593, 0.025693158222103257, 0.02179526494000568, 0.020825426595286353, 0.023579885584834037, 0.030916278681555904, 0.02183370837952338, 0.026142745793604608]"
6,0,Mixed,Causal Forest,1.2599850294040729,1.4378460610278734,"[0.019952168629166368, 0.02385283823432817, 0.032357922107349765, 0.019931349523834047, 0.023049793334499063, 0.025684528093832024, 0.017500401384979818, 0.019378800718082446, 0.019148235077174766, 0.02326945428022803, 0.022652485068396996, 0.023020912978284205, 0.09404412055377137, 0.08750761393027241, 0.07965331368505067, 0.08433703948348126, 0.06702789710426804, 0.06909077867031387, 0.018241837373219934, 0.017362339586531925, 0.02471729480385778, 0.025869232945268605, 0.020233889078772348, 0.02199948435679659, 0.023313326342955534, 0.01912927526310964, 0.019683339032918416, 0.01845448186619395, 0.016286018463093365, 0.023249828029968767]"
6,1,Interaction,Causal Forest,1.0272651449026813,1.503343154004453,"[0.05393352981564223, 0.06059025336588095, 0.03544195218025144, 0.04053944745607301, 0.029998679848807504, 0.061222291037251526, 0.025822667713462717, 0.022015383596643623, 0.0441462215810687, 0.06667359045950749, 0.0577341566125578, 0.03925161726553259, 0.028046461806306665, 0.022855156483066137, 0.027454262519926168, 0.024981379626169937, 0.025961859889446978, 0.025970087363700396, 0.024437430526501092, 0.025201288002525055, 0.02428071384009822, 0.025279797935463207, 0.021494931118957828, 0.024483133137287255, 0.029839777427129663, 0.020937727532593414, 0.028737814614845585, 0.03305508230108443, 0.023561151176868946, 0.026052153765349428]"
6,1,LSS confounding,Causal Forest,1.1184712326716644,1.8050110341461856,"[0.08315435194812239, 0.059634326995407536, 0.0351750921028238, 0.06401147325533313, 0.07279517051346837, 0.05569238225052094, 0.025746356751370814, 0.022322966013392214, 0.022930096012073416, 0.02463660887616642, 0.026239499251889654, 0.024924530158612485, 0.027458285741808808, 0.027078345253410165, 0.033237190401844564, 0.024091315705313858, 0.028049020295140146, 0.028239857376182325, 0.02395850259681793, 0.02761804345784001, 0.022778539457645797, 0.027150258490111448, 0.023964120487571957, 0.028349905874413883, 0.0339244080049339, 0.022818563170493723, 0.027682504459624533, 0.022376133188140454, 0.029922263629321065, 0.02403988828020438]"
6,1,Linear,Causal Forest,0.34740510913821754,0.5476292051067863,"[0.034607494027169394, 0.037521360650881706, 0.047695540395758386, 0.04095184867611094, 0.02927772543247788, 0.057709247766858575, 0.033055565268215154, 0.03744159061852002, 0.06647692590533284, 0.05050039766515189, 0.047443667866263944, 0.06295992396123895, 0.031171312120608988, 0.032299830940375904, 0.024131596184049874, 0.029646257200290328, 0.02180525791077635, 0.02007030682850898, 0.02030017672708849, 0.02552840858460378, 0.024924030965659812, 0.0242257289966264, 0.031108272043241972, 0.02716993379248744, 0.024787070999071986, 0.025711186075513752, 0.02518552560929775, 0.022215674068929516, 0.023088739217178952, 0.020989403501710063]"
6,1,Mixed,Causal Forest,1.2723863223876977,1.4067503373903367,"[0.02832085373256899, 0.023050050452066498, 0.01955354869006443, 0.02569275015940901, 0.019485953756306844, 0.022450019102874988, 0.01989200809529341, 0.029312553801889307, 0.02517256528726231, 0.02236985340164701, 0.02124983881231748, 0.01970399569126228, 0.10216272702369805, 0.07215888105504663, 0.11340695990052876, 0.0485266270586857, 0.06758863405149336, 0.057538743493915946, 0.018981450656831537, 0.02307380327597638, 0.023344479500933053, 0.020382066036821887, 0.020277083678330202, 0.02167892025797954, 0.022115935560111155, 0.028415868436073043, 0.018374262113926804, 0.018237751936738707, 0.024323521794955495, 0.02315829318499128]"
6,3,Interaction,Causal Forest,1.0560017719961834,1.5026366659424015,"[0.04060199124088943, 0.027947811951083548, 0.026625692142600837, 0.03373636509704068, 0.02940349023591835, 0.05202109261803962, 0.0897670150441498, 0.06731091897902912, 0.03305328263684723, 0.027994463528210698, 0.04203903425744673, 0.06331539937309423, 0.02659087207271116, 0.02527230733483722, 0.02430428180470681, 0.023212194723282335, 0.03198104849053974, 0.032229797460295695, 0.025426640508243677, 0.03454355528290682, 0.030040584972507244, 0.024324818486335956, 0.022809995050878117, 0.01889008623811037, 0.022202578468666676, 0.02199164623826671, 0.023581622515086647, 0.024818788999814732, 0.029888927019530383, 0.02407369722892959]"
6,3,LSS confounding,Causal Forest,1.2926126585856565,2.020304077283443,"[0.111252983855902, 0.0637800892717432, 0.07346183920888097, 0.04158272366168639, 0.03345122598383386, 0.049801096788905465, 0.022086653580635482, 0.022231370263038768, 0.028505111247976996, 0.02514242960877458, 0.02170571929872915, 0.026796457876987805, 0.0271061553529276, 0.02287049234735505, 0.025886529352816757, 0.02664858336683248, 0.03604857653548337, 0.025505877332503958, 0.027504505571666636, 0.026963709539562383, 0.02556164420807311, 0.0260827621667013, 0.025963441120442583, 0.023256285718036653, 0.02669958636034007, 0.02328091484466427, 0.027766900197371634, 0.03040972626898174, 0.026969426027758814, 0.025677183041387146]"
6,3,Linear,Causal Forest,0.3609182289529245,0.5167722352547612,"[0.050266026064759516, 0.06238829774939028, 0.05967207389026788, 0.04636550343995302, 0.04167519600535056, 0.030770982245467128, 0.04691119767477426, 0.02927160126518837, 0.05304042520345589, 0.03373794033720727, 0.040625374443385626, 0.05183492439684081, 0.022540723965762073, 0.024237947899275965, 0.023443421503031962, 0.0325929032684444, 0.02437473163045402, 0.030711420235529942, 0.026317830431920687, 0.0341358476081507, 0.027407939321234785, 0.022162300665743765, 0.02335246125308941, 0.027147341609303047, 0.0234687782634939, 0.019548317362095016, 0.025663511611844415, 0.020753219524132276, 0.0230556060364296, 0.022526155094023528]"
6,3,Mixed,Causal Forest,1.283202020819022,1.4424603943113299,"[0.027068426950391876, 0.02057195186345986, 0.025269387127829904, 0.020778026952362933, 0.02198407441628525, 0.023698635770239045, 0.022611504148957802, 0.026805590985690853, 0.02198252424927128, 0.023050934089154953, 0.021955900696349197, 0.020965658543618367, 0.052963190048262235, 0.07693926470963365, 0.09966385984174465, 0.05988437480939259, 0.06042917858210355, 0.11803349909576263, 0.021369164223589962, 0.01873411932836548, 0.01876897152006336, 0.018067098023254603, 0.0253123745994471, 0.02023734630345055, 0.019893913284114922, 0.018928485034339675, 0.01673792587273067, 0.022107784471614655, 0.017149139993283453, 0.03803769446523503]"
6,2,Interaction,Causal Forest,1.0897398442693418,1.5075377499843616,"[0.02683088540576225, 0.03856647620144047, 0.037849219281702005, 0.049351846342953636, 0.027658597029363557, 0.03956201927658028, 0.044628403731387614, 0.05822544622635293, 0.08232117688799451, 0.06659161218396087, 0.031901182794742994, 0.0473618696122711, 0.02984779753271427, 0.026554826560830965, 0.024001627649805193, 0.02909268469513174, 0.024667968385724826, 0.027322976874343815, 0.023214864288923186, 0.020302755010564506, 0.022863381708393617, 0.022535785800411788, 0.022615735638609483, 0.02843377207764833, 0.021914316028309542, 0.02728522021135592, 0.02350917866839151, 0.024628467353698554, 0.02830205785300547, 0.022057848687625104]"
6,2,LSS confounding,Causal Forest,1.113904886076133,1.8714463441968239,"[0.058129237793709425, 0.05449588780568423, 0.036927964247640395, 0.13262822384296452, 0.0552890830191785, 0.061817078304832976, 0.019238430516334115, 0.025110308696782258, 0.026584897440946366, 0.02480333304046916, 0.029738775338245114, 0.03013229150897188, 0.02454144740959549, 0.02480388501956727, 0.02250684183315952, 0.02342407467052016, 0.026036371296037572, 0.030067168498070403, 0.022842895210861944, 0.030156057467547875, 0.02186642000754305, 0.020594613922910794, 0.02403489852511453, 0.02318336307888689, 0.022815156023938795, 0.027263614727797137, 0.028636708454258596, 0.02885346200944253, 0.021641284391176418, 0.021836225897812107]"
6,2,Linear,Causal Forest,0.3226608764372913,0.5160637361602909,"[0.04557808779314497, 0.050244111001491974, 0.033676800408299574, 0.037274188306444515, 0.06701393376091234, 0.02942537485009663, 0.05820933548397847, 0.04017618122114367, 0.033781470144321174, 0.08720889232250688, 0.054453276923560084, 0.03424454787231208, 0.02432083023182236, 0.023392905962570012, 0.022864566115964942, 0.025154159973200158, 0.022303015700502856, 0.02688690765813657, 0.021906350871130565, 0.021458387091791854, 0.023560860008937354, 0.02560989346240156, 0.02747510755864691, 0.021955020831931692, 0.02137167526560397, 0.02564255219505654, 0.027770264034597144, 0.020368547613374918, 0.0234278154023955, 0.023244939933722758]"
6,2,Mixed,Causal Forest,1.309713856016605,1.4504288361963502,"[0.023870058551848622, 0.021112224149856515, 0.02379451902863078, 0.023161525633824922, 0.019237652835505874, 0.019235391091978582, 0.015613444867961795, 0.014824209942620481, 0.023523553927413936, 0.021524364021745027, 0.030063066401934613, 0.01770204901942592, 0.10207658096213353, 0.06416941512949494, 0.07922193330920345, 0.1030420015650841, 0.06446300917752294, 0.08637302872259019, 0.020760402634588043, 0.015351004332517692, 0.019429096077303393, 0.022118223544191087, 0.019479984618569847, 0.017710570336489113, 0.022245687777458723, 0.025432651740897885, 0.021345986837119465, 0.02019696786257401, 0.024027550936247245, 0.01889384496326746]"
6,10,Interaction,Causal Forest,1.0709442582163535,1.505981425487086,"[0.030139910610384835, 0.05777056748877365, 0.04008191249975097, 0.031282885641029025, 0.05310292531013399, 0.03787913492187119, 0.035179846316863043, 0.03936020462832169, 0.06043015959894335, 0.04068383543824299, 0.041834981288280254, 0.05175099945059348, 0.026884161671945926, 0.027463079702698952, 0.026896740190381737, 0.024042410501076753, 0.025833212193533895, 0.026906919735770373, 0.02059898850363478, 0.029369482616009024, 0.02957548963009163, 0.028414465080842808, 0.02850880657270743, 0.030154273808470185, 0.021931657884023154, 0.023597758113662423, 0.02747829631972222, 0.021026824066352326, 0.030889100241952804, 0.030930969973935022]"
6,10,LSS confounding,Causal Forest,1.1930735777727812,1.9598137650004848,"[0.039319354153111004, 0.1395506534305063, 0.05934566099131337, 0.050606853021593956, 0.06094006764815184, 0.04548276338223, 0.02767201961713269, 0.024393565906368913, 0.01970887630801103, 0.031228154752461098, 0.02312670080959083, 0.022707534706990547, 0.02317322986841977, 0.024970996541691427, 0.03294377776419766, 0.02400127844295159, 0.025878692360230007, 0.027458295703710413, 0.0238507560301053, 0.02710842680582692, 0.026353298064917433, 0.025178755559062738, 0.023340105047090963, 0.023810422055789735, 0.020886705115167034, 0.024018940190820695, 0.02583933390693154, 0.023360307054890218, 0.02788616386228017, 0.025858310898454702]"
6,10,Linear,Causal Forest,0.3362213145667278,0.5377732865437024,"[0.03781064896732292, 0.03318298079740914, 0.0508088985277275, 0.025083279922814138, 0.05722102972185435, 0.04102317760642521, 0.054625289101042335, 0.04101203398212511, 0.06910337594123583, 0.047220786520275115, 0.04029399340027953, 0.042161087575015486, 0.03734478657590574, 0.02435189766328821, 0.025188841867003087, 0.025980109098445264, 0.024159627435386563, 0.024128973915993338, 0.02219350876196259, 0.02375716323368024, 0.03087839455120145, 0.025843488965565747, 0.029215724931623766, 0.02640948233619801, 0.025291357838766376, 0.021476102692953275, 0.025600861383299117, 0.024765419346629073, 0.021016573412757044, 0.022851103925814496]"
6,10,Mixed,Causal Forest,1.290852233476272,1.4644963167634841,"[0.02218050453375534, 0.023615350298582485, 0.020608861517115273, 0.02157940243233675, 0.019411112178306333, 0.025096555293698156, 0.020301976703922954, 0.032503049277079345, 0.02487913683514438, 0.018524496942683735, 0.02811922231175485, 0.024676513813722937, 0.075433776635872, 0.048903202106891835, 0.08602990675261857, 0.07627803627257723, 0.08724147723440095, 0.08928395744763908, 0.024313810733372843, 0.016738915464736173, 0.02780222651352721, 0.01747406237077378, 0.020103247968932206, 0.021399435107945623, 0.023782008332592555, 0.02214087311759944, 0.02147545809679686, 0.0183500117348085, 0.022663306850779563, 0.019090105120033035]"
6,11,Interaction,Causal Forest,1.1115652457615453,1.506910616298332,"[0.04806984566750121, 0.036398482852806516, 0.05312695015281273, 0.03730642372252671, 0.05210422934047845, 0.02648317245950931, 0.0508196686600416, 0.07751651053675873, 0.0351916862520272, 0.04231966481102032, 0.040051381630355924, 0.027755689958390242, 0.020377399462978216, 0.03482195617607844, 0.02315078636093749, 0.02727525717285988, 0.036743435233871344, 0.02608604328154767, 0.024683612547985886, 0.024185331553531704, 0.034894897241879115, 0.033832415407475155, 0.023220066673011627, 0.021225108441622238, 0.023258629325324177, 0.018601298980047854, 0.025978807194648273, 0.032109779353310094, 0.02310461984952509, 0.019306849699136784]"
6,11,LSS confounding,Causal Forest,1.3435245125654838,2.079601927282115,"[0.044882830806791695, 0.0585679163553929, 0.0989852347650363, 0.07135341371152003, 0.05831708006092355, 0.04392815971257206, 0.02307384816797915, 0.024395260825560056, 0.021813734534215968, 0.02399572256009053, 0.01919620255937139, 0.03602695101325341, 0.021632661870548475, 0.026781366907105607, 0.02735547783801502, 0.02485526885278684, 0.0292341933419526, 0.021607873625389254, 0.025208673758819335, 0.024262682679844542, 0.027416020606050355, 0.02574156829583496, 0.03033823994370972, 0.02289661975611655, 0.021747329320485065, 0.02902526587080158, 0.030190197208290196, 0.030327138909571606, 0.030155527255106524, 0.02668753888686485]"
6,11,Linear,Causal Forest,0.29268390345128037,0.5387548835569806,"[0.035287194146339955, 0.048677958996631326, 0.02751643691809172, 0.051826189552770394, 0.02951842675039199, 0.03013194126975386, 0.04666690147352512, 0.09755941565573592, 0.05057398539860505, 0.05071081527651547, 0.05553495844409006, 0.05074861046727384, 0.025085089490770707, 0.0195001492321206, 0.02687191711028904, 0.01956382712024743, 0.022919984142945674, 0.02512522775858954, 0.022267138042716902, 0.02072905932467182, 0.02667211669747235, 0.026314627805511203, 0.021675548592587756, 0.021692878499097738, 0.02459857416716626, 0.023863246361581547, 0.026714479973187422, 0.025672241666023766, 0.02073110575362673, 0.02524995391166878]"
6,11,Mixed,Causal Forest,1.318925504313925,1.4715131999647304,"[0.025189515081161407, 0.021918139611680994, 0.01943547427627649, 0.024244537411261268, 0.02843164135610248, 0.02477238104724722, 0.02279504384674154, 0.01937802330178221, 0.0258755200219908, 0.017731919905651455, 0.025930428393112877, 0.0254178271039229, 0.04754249093538341, 0.12259909986203998, 0.08529804689050811, 0.041252619368314904, 0.11238671738520892, 0.07156539568480101, 0.01765562161468123, 0.01937571308984971, 0.022214507851133027, 0.023324179278148505, 0.01785272590642573, 0.016709070981228608, 0.020389477869489168, 0.019694186040844067, 0.01944175075389214, 0.020901268751952518, 0.019370119728547085, 0.021306556650620354]"
6,15,Interaction,Causal Forest,1.0906535148852337,1.5089638466173034,"[0.04597683180165912, 0.035428421095333285, 0.040987905691415465, 0.053588561472596725, 0.04745108998945974, 0.0517369192449697, 0.028996551981960047, 0.03562867750733368, 0.057017567813794356, 0.03463764533858988, 0.0671748507013519, 0.030136082941679146, 0.02614899775882713, 0.023265883449644895, 0.025366311280182016, 0.027333032350283767, 0.023177516501465517, 0.032065356235143276, 0.021184273412172036, 0.02330498362509007, 0.032819175231655506, 0.020530881769143975, 0.024128587517591803, 0.025150932309028425, 0.025799425655193994, 0.030939667231422358, 0.027807012579825822, 0.031226970947469054, 0.02294083187165363, 0.028049054694063734]"
6,15,LSS confounding,Causal Forest,1.1977643789253403,2.0490125537652872,"[0.04633298731852615, 0.04008821277467744, 0.060511028786917255, 0.09214215879047373, 0.05614613705896863, 0.11296817682862212, 0.021614595624437235, 0.022465787194398686, 0.02219211753999389, 0.022209973261510238, 0.0226726066279617, 0.02040317240673945, 0.02735340959544724, 0.029712805824889426, 0.029144557573064337, 0.021506930513739718, 0.023951683771159894, 0.02882792576038311, 0.02705352083893169, 0.023851918933224504, 0.02499369437419734, 0.025290565881625215, 0.02348793162681681, 0.027643499848227025, 0.024564718323455123, 0.022120751148220385, 0.025732797073431787, 0.02945580103261726, 0.022429982389946476, 0.02313055127739614]"
6,15,Linear,Causal Forest,0.36553725830727724,0.5360420717464164,"[0.04522092844552766, 0.0654847214759871, 0.039749456977138845, 0.028474142754462268, 0.05476362632753008, 0.05349380186637513, 0.046526060704993814, 0.045609266253937214, 0.038650810239542956, 0.03396398050468719, 0.039629736075068374, 0.05881044593377594, 0.02151759557610402, 0.0226146940801561, 0.026213980304783047, 0.023478577247459755, 0.025268676270545874, 0.022353207342858387, 0.023308564549217106, 0.022221649590278836, 0.02559852111361055, 0.025186196601880255, 0.024782936900582708, 0.03512851706835539, 0.026668553138630986, 0.025903557951302173, 0.02310547397275091, 0.026242336296322204, 0.028967503458055564, 0.021062480978079664]"
6,15,Mixed,Causal Forest,1.3202067441985672,1.481924317201131,"[0.01655789907519756, 0.0210571166875833, 0.02348368665608022, 0.025439993982091874, 0.019507056064638956, 0.0228924740466427, 0.020988410370393232, 0.02742063933412214, 0.024397253552130987, 0.026369042607826507, 0.019678531120078547, 0.021469161724657546, 0.08704885217713093, 0.03567897129186146, 0.08993197009859807, 0.09307028824023812, 0.0726070041279238, 0.09024869312890886, 0.028300239425699352, 0.02283202099782914, 0.022273074739495434, 0.021964852579069345, 0.023246695492616286, 0.019681142898939786, 0.020090411657750794, 0.01736543292386611, 0.02732727771087042, 0.015283264462566165, 0.0180990445818139, 0.02568949824337844]"
6,4,Interaction,Causal Forest,1.0346680005908726,1.5086439617604497,"[0.06419535448879553, 0.05071401987091699, 0.04584582291689969, 0.03865755510191268, 0.037170918120327474, 0.04203328024129241, 0.06950382475902978, 0.10812540277223862, 0.035634431197272595, 0.024807842148537467, 0.027993084285345735, 0.027556452154250573, 0.021975205626134663, 0.023619760363043706, 0.024299970838238136, 0.022247875915324174, 0.030438475302765153, 0.025858682232348443, 0.023715690196743647, 0.02180041181281266, 0.02181626153462679, 0.02628184233965872, 0.025053166232668674, 0.022739940727503738, 0.022658890458864604, 0.020220585958057643, 0.02513883280619811, 0.02041751091858532, 0.02428330492498102, 0.0251956037546252]"
6,4,LSS confounding,Causal Forest,1.1906046620411561,1.8893469557382647,"[0.08225045753443282, 0.08786845274820296, 0.04086280022428135, 0.042739879937412406, 0.06507086318295677, 0.06314997182707388, 0.034874630766099785, 0.023797396152113442, 0.02482101919314519, 0.022485444790461655, 0.025097240224460395, 0.020217325206807454, 0.023108149992696895, 0.02958743424073659, 0.0246741774080519, 0.023102972902108828, 0.026454946112279432, 0.0304038058029984, 0.025232823122549066, 0.02681311588524564, 0.027607728785332204, 0.023477379683027703, 0.026820474698761365, 0.02507860258857743, 0.026373207949634152, 0.022839771042668693, 0.025466710049789107, 0.0212472357193144, 0.03131962881118053, 0.027156353417599494]"
6,4,Linear,Causal Forest,0.3686390582099041,0.5358977798472916,"[0.04601804404509366, 0.04083009393644199, 0.06766738367189916, 0.03149764119498507, 0.02045633221131259, 0.04981797930940451, 0.030649746154888313, 0.04026638192681411, 0.044386133920793686, 0.035031368134909535, 0.07395138983510216, 0.03358436877881761, 0.025642564932851403, 0.03006855669298548, 0.01957408742088619, 0.026793644071117378, 0.02645985487075714, 0.026850476120399123, 0.021552185560653473, 0.027304498732592077, 0.028814296159327856, 0.025787351450900855, 0.025307884169265497, 0.028726251519863192, 0.02712848609204195, 0.036026439421426054, 0.02445886145484803, 0.021820149787983995, 0.03288075935520093, 0.030646789066436805]"
6,4,Mixed,Causal Forest,1.3121253276180775,1.4724482142523505,"[0.018771079115199218, 0.022367145804090306, 0.024757176327527757, 0.018191671685335163, 0.029147703507382983, 0.018501327997105313, 0.021052772891640606, 0.020172188523963235, 0.016531127536359498, 0.02523612875758609, 0.024790180152081183, 0.02035844316744916, 0.06889210490962382, 0.11868506188328733, 0.06685006069789629, 0.09988444797208851, 0.07125152054283383, 0.06860745501180489, 0.016899845497222718, 0.017515358962308766, 0.01972363262258139, 0.020035682747085837, 0.019809712942649656, 0.02260480616007987, 0.02176110820165987, 0.01864285995014147, 0.02078299212865801, 0.02412752023088735, 0.019705550089973545, 0.02434333398349645]"
6,7,Interaction,Causal Forest,1.0869005630419615,1.5089371577674002,"[0.04477193597050568, 0.04119472816890595, 0.07013823065958476, 0.05149724629043851, 0.04442548358713758, 0.02437171961628397, 0.060034466785327034, 0.034523253964770115, 0.046579826157286626, 0.0393938023038595, 0.04765652115433859, 0.03172015841436938, 0.027975162908630967, 0.02643157718603548, 0.02766980609858735, 0.024012426582760864, 0.019731186848340798, 0.01842446038944077, 0.025324675496126853, 0.02387029547549117, 0.021201476678169993, 0.0283884843521374, 0.025327958795234952, 0.022305046783646167, 0.04655990044324069, 0.02710663517160013, 0.024031886026836355, 0.025182234881783675, 0.02383935506056443, 0.026310057748564153]"
6,7,LSS confounding,Causal Forest,1.0022239821907417,1.7997385242953592,"[0.07598907920776612, 0.06212087641970605, 0.052026753748531995, 0.06823474099836038, 0.07524605907131927, 0.059702418835690475, 0.02308825540868762, 0.01986464516024455, 0.02505394642963491, 0.026091046232803426, 0.023634482293190994, 0.02060056296177122, 0.024795034344742412, 0.02655999949964852, 0.028522280294849475, 0.024374728035817528, 0.024790167014045152, 0.020370634657301386, 0.026045668085818607, 0.02694093706663666, 0.03275522137046789, 0.024835399293802598, 0.02584100465006338, 0.021128228802454303, 0.026247456493279482, 0.03011102080690528, 0.027890975485353253, 0.026886644827355723, 0.027040713169472225, 0.023211019334278986]"
6,7,Linear,Causal Forest,0.33963208181950294,0.5439697305115395,"[0.04650809234526232, 0.047109419344606863, 0.04362355439653558, 0.04337823597405482, 0.030366892964814714, 0.0454289680915084, 0.04868883738754153, 0.05755291275493416, 0.04865840675952738, 0.04052754329610564, 0.05933782968251051, 0.03571994573715013, 0.023852553498924626, 0.02554468314085331, 0.024224538280091353, 0.021979287884773942, 0.0226452835661038, 0.022640128621985105, 0.029305822401240595, 0.024647908954913648, 0.027548473337069435, 0.027580838965002567, 0.030037276544478596, 0.022502312786048383, 0.0238214820635831, 0.02509495497817213, 0.026322906276207925, 0.021120841985922043, 0.02749074809769384, 0.026739319882383584]"
6,7,Mixed,Causal Forest,1.2767768908860235,1.4370408707669098,"[0.019595432083577086, 0.021698376082554212, 0.025333788151396523, 0.021586476230234644, 0.028062922641295045, 0.019344053050301742, 0.01673922256331067, 0.025899173278843154, 0.01935073159253788, 0.015888911304605454, 0.022386477026479404, 0.019245603919083764, 0.04246857664477479, 0.09458395130570803, 0.0957014178011534, 0.10472394324309539, 0.06958282321012331, 0.07864961910004337, 0.018515257288640362, 0.020361401659591903, 0.028643001719389837, 0.021588619339413282, 0.01974167401654343, 0.020292119409166486, 0.022859254617409466, 0.020678239697574822, 0.016635540563679503, 0.01977764328839862, 0.024467685493530626, 0.025598063677543543]"
6,6,Interaction,Causal Forest,1.0646402356877762,1.5040514418137927,"[0.030934060160735542, 0.038728188644045, 0.06308300538947756, 0.04497050275800745, 0.026584042820537123, 0.04427898816665712, 0.04146719834525868, 0.03862189615558274, 0.07823042067133185, 0.06357002565182697, 0.03176772878355245, 0.02866468164766118, 0.02768899886676165, 0.02594682549396975, 0.037161853076464794, 0.029856509603908014, 0.02768796935925045, 0.021878566341330896, 0.027823841543653922, 0.022443435947775536, 0.034109270307365346, 0.022155011708142953, 0.02257725409388452, 0.02194879311121006, 0.02588438364575913, 0.020798184293651024, 0.022459409356728473, 0.026491751912753263, 0.022689173071972525, 0.029498029070744183]"
6,6,LSS confounding,Causal Forest,1.2452768903384828,1.852418080210429,"[0.04613161427979847, 0.03815231264565754, 0.07860548108719541, 0.06646448392288319, 0.05451435495034742, 0.059194910241757465, 0.025306480338495724, 0.02540335427387601, 0.02468641092872003, 0.031065383793250377, 0.022024736090355677, 0.025034866904681055, 0.03305348442416114, 0.027930432368853158, 0.026012526888487524, 0.03831833004862202, 0.027451450034596314, 0.02853637169310945, 0.029364582901760323, 0.027233536025170754, 0.028190352744290582, 0.030656891504503913, 0.02384579661084489, 0.025306243871778853, 0.02890324177521783, 0.025761690115919795, 0.022260748057930702, 0.02553498920067884, 0.02840975636044285, 0.026645185916612482]"
6,6,Linear,Causal Forest,0.34253949918640675,0.5271404994253508,"[0.023385214244540885, 0.03904919251082142, 0.060832108963720544, 0.09108810072510633, 0.04148138878424357, 0.027967197769947497, 0.025784791794213013, 0.053038979045594924, 0.02826060981763296, 0.053871038627607344, 0.0656714946468035, 0.046057906165455936, 0.024856570339973807, 0.019378403335281392, 0.02811307195134013, 0.032627284322198656, 0.023274418014968167, 0.02177978721314983, 0.023663835808810468, 0.022397862271542047, 0.023242425942606938, 0.019225909584416907, 0.022617318805581356, 0.02880480851999202, 0.020779695079299283, 0.024622222420527383, 0.02636864415253551, 0.02948060158995525, 0.029961848079189887, 0.02231726947294298]"
6,6,Mixed,Causal Forest,1.3074780800136867,1.4767980179747067,"[0.020914258506765763, 0.022717003713122266, 0.02330181376556042, 0.027820247853337806, 0.03615159160121272, 0.02040477419342921, 0.03140972239516723, 0.019026903354476984, 0.022760998631707267, 0.018962353335343764, 0.02712838375986896, 0.02278990434384345, 0.06502755094292746, 0.09031852772715186, 0.06256075324899948, 0.08614320727290666, 0.07467556604061491, 0.0648989492300362, 0.028651932909824807, 0.017925993592072805, 0.02338664353041857, 0.02081912231640031, 0.01861996234903958, 0.025961457079139928, 0.021479960435341568, 0.023492005732261727, 0.01823735806675066, 0.018965930768954115, 0.018044728160022498, 0.02740239514330112]"
6,9,Interaction,Causal Forest,1.06157827577032,1.5028065792076761,"[0.040399938234245765, 0.03520832475154018, 0.03128665136464055, 0.03226610933519698, 0.05344073328040372, 0.05577911662651348, 0.05801343443179844, 0.03335855354035083, 0.047922280830831526, 0.06344284552262294, 0.05310918840876504, 0.03911865305587318, 0.02728460875403733, 0.03305301275121127, 0.025218542788410153, 0.02424484384633361, 0.026128102779040673, 0.024853455745973262, 0.02189234066512963, 0.02980275837661571, 0.02077134790991637, 0.025441334371776446, 0.024172431305813227, 0.022766862566742378, 0.02237325963623996, 0.02141016970054337, 0.027258034259873175, 0.025634929680072555, 0.028834170184332625, 0.02551396529515564]"
6,9,LSS confounding,Causal Forest,1.1612447664468486,1.8925401316257358,"[0.06317664269792166, 0.05114495409971857, 0.050968584789093004, 0.0349991507131553, 0.08393483319193032, 0.08612242082427396, 0.028072385759348978, 0.02020411870394195, 0.024243721519396418, 0.02649192169575122, 0.027613204010875376, 0.022721359727783098, 0.023407608720585258, 0.02667159251678226, 0.020547365883170673, 0.02764403687279249, 0.024974069619578834, 0.026908870771843035, 0.02532453938093509, 0.02314645612348511, 0.02353331868275654, 0.03192283642863783, 0.02544854583091489, 0.029077629309063147, 0.030247769237700624, 0.028965562324327513, 0.0269941578489708, 0.024858364431142, 0.0324357728908882, 0.028198205393235774]"
6,9,Linear,Causal Forest,0.3310159651248919,0.516104703716602,"[0.041351558524575255, 0.051859953554677665, 0.04918801209042138, 0.02616080704266328, 0.07831210742693197, 0.03613837356153945, 0.042221272309881874, 0.06961672891820143, 0.03422338444238568, 0.03330570263153871, 0.04788414366031005, 0.05582161977895343, 0.016282032272637487, 0.02258604521654709, 0.025439273049678385, 0.029384089256248073, 0.023669784833667027, 0.021371161194419654, 0.0212029429089843, 0.021932234616555392, 0.023432147787271648, 0.022883573548320598, 0.02630888402971836, 0.02631899390420289, 0.025647900624637062, 0.022978033725223536, 0.026000537021286785, 0.0316251980057956, 0.021676866309962815, 0.02517663775276316]"
6,9,Mixed,Causal Forest,1.266850107483499,1.4110071441085703,"[0.022868384409993336, 0.024119069195719173, 0.03612885240195454, 0.024947072263270677, 0.023372730531972433, 0.024507072956054202, 0.023677875016516494, 0.022145131113880244, 0.026477892374692443, 0.02457898829775605, 0.019803132139767782, 0.02207871455553606, 0.04923972672626392, 0.08853931988428605, 0.08081076088544514, 0.04420446026470841, 0.0979257892859887, 0.09135033512886609, 0.02391021192287809, 0.0188886528163671, 0.020311115666773183, 0.01820263503091996, 0.01745488350807353, 0.020143984323981515, 0.02395554806766119, 0.020954016328630948, 0.021916782031072005, 0.026198482437019034, 0.02119631133411427, 0.02009206909983732]"
6,8,Interaction,Causal Forest,1.0538829758442865,1.5029873435994605,"[0.05259145715384773, 0.08160773582567392, 0.03691274663898369, 0.03832486932484105, 0.03917854325948665, 0.03592022098186425, 0.04045983050712165, 0.04648082232923669, 0.049318610170435796, 0.03966990104401741, 0.04075248823732591, 0.05511857418807766, 0.02397392131333873, 0.019835569328869877, 0.026330488920526442, 0.030097556298258964, 0.01881493119944177, 0.022561810987859247, 0.02610835726358807, 0.02527168443420303, 0.03203022098010383, 0.025504581998785976, 0.028118194308416066, 0.019385872790940367, 0.02476952502551654, 0.025472469323746194, 0.026105519996765376, 0.02449821214384292, 0.02134121893970358, 0.023444065085180724]"
6,8,LSS confounding,Causal Forest,1.0563212907412922,1.8111895861308918,"[0.05095614601522625, 0.11102278164381796, 0.05849098822326941, 0.0627711887961921, 0.05139136301400629, 0.06312041374141429, 0.024010349751223764, 0.030529494652859097, 0.025863459955492978, 0.018556014347055994, 0.02424693160735945, 0.030423457074092927, 0.02576874882441811, 0.026107247878195912, 0.024549612183848865, 0.022983341755065997, 0.02808389465127426, 0.02624867372791187, 0.024335982807610502, 0.024030747749953254, 0.022084413357341393, 0.026488736250346357, 0.026427902324017084, 0.02135272517064487, 0.022636554010470884, 0.023131457613722893, 0.021214851421250652, 0.02883962150425529, 0.02902850720893222, 0.02530439273872906]"
6,8,Linear,Causal Forest,0.3969414767452844,0.514496271687709,"[0.0279971116999183, 0.053661998730990354, 0.0523508422577557, 0.055549236898903696, 0.056961481248726666, 0.08333734820624411, 0.0404538125034884, 0.04014819590921135, 0.04480910770956398, 0.03528733382043188, 0.033647625714113685, 0.0368622943544418, 0.022511850936846822, 0.021399585128209372, 0.02623433363837047, 0.0259864736438748, 0.02674274945176572, 0.020922166575547383, 0.02197600441097759, 0.024264237496254334, 0.02087777057205279, 0.025939785551847366, 0.0264845251355296, 0.024646939740815953, 0.03247810553057636, 0.02483792568883512, 0.022902476819059527, 0.024606595960223628, 0.026887772946511013, 0.019234311718912152]"
6,8,Mixed,Causal Forest,1.2583382688961662,1.402194616007531,"[0.0232214045089472, 0.028224519147619545, 0.01939320696573724, 0.01906396973898422, 0.021299324397061396, 0.021769729148927677, 0.02336074239051577, 0.025191021197718953, 0.021730684395534446, 0.026475048383043535, 0.028560627761908926, 0.019985570385522587, 0.09525553920333918, 0.038079072323209416, 0.0594443151003478, 0.08860966578142308, 0.13300505429192058, 0.056103299946953906, 0.023536636821400603, 0.021322636559198194, 0.01784078712338211, 0.021113470353778894, 0.02407507236736705, 0.018609985487402884, 0.01986175576615667, 0.018252141720168775, 0.016635775050114928, 0.02468552298329404, 0.019855034852268135, 0.02543838584675238]"
6,18,Interaction,Causal Forest,1.1645175364845768,1.5072739880453867,"[0.030166787008748676, 0.04021596874129405, 0.0320415736280254, 0.05079724911736915, 0.045493495883380246, 0.06700826775824444, 0.032483676601981246, 0.05412352030018364, 0.03338956131848045, 0.04223464456209919, 0.030425664320524053, 0.05676685458371302, 0.029133818469085443, 0.026903470087703888, 0.034989697671669984, 0.03192704996235939, 0.02382864518608059, 0.0247023197526852, 0.024590256194602925, 0.028369477691268286, 0.027112572102075516, 0.02176417395799762, 0.024384937058780247, 0.024887680151777527, 0.02889508020997103, 0.03410134420832505, 0.026250063718926277, 0.02287675351722343, 0.02310155751622502, 0.027033838719198972]"
6,18,LSS confounding,Causal Forest,1.2211301442976972,1.9408574352828754,"[0.10767771537322277, 0.07868275014428444, 0.03674722153342328, 0.0489458696498641, 0.03298865898522332, 0.0667408020936061, 0.020236731891851642, 0.025387219109323914, 0.02904780423343735, 0.024855349189141715, 0.023730757318236866, 0.03050914150826782, 0.02107891025099017, 0.026194471125258384, 0.030737982142255968, 0.03042404046203713, 0.02438167007706958, 0.025023151136522946, 0.02554482682708606, 0.02538623291904666, 0.0235898855388135, 0.027395128686690185, 0.02708135031418981, 0.027515367011708636, 0.024316764171825284, 0.021252543068807295, 0.029982464053878527, 0.022284591777519864, 0.033041769468519416, 0.029218829937897227]"
6,18,Linear,Causal Forest,0.32590844169418887,0.5158504043573774,"[0.06102938511738128, 0.04160572251756937, 0.05825922313436052, 0.04807983415467094, 0.05014664135308409, 0.039453570374782164, 0.056488246731420874, 0.050305988017617875, 0.03798149698170339, 0.04764210229819759, 0.05790498674277513, 0.031228200791191655, 0.02763183197427888, 0.02599446615003478, 0.02526649602930172, 0.024228948570147367, 0.023416553528424127, 0.020327910434471, 0.02119227472673737, 0.02096227867589052, 0.020350023426033842, 0.025650574252930877, 0.02364428414605417, 0.0199959189050728, 0.02146106179984235, 0.027530460588696046, 0.028633243880765716, 0.0226880311168832, 0.020256044983710954, 0.02064419859596956]"
6,18,Mixed,Causal Forest,1.2938015165674166,1.4457558701970035,"[0.01938974144222771, 0.023613516323100558, 0.020833283336265777, 0.026804706968307723, 0.02173542238897689, 0.01910999527238052, 0.02676939163303921, 0.022159925756975223, 0.02147335918364795, 0.017852356547907178, 0.022429312699969166, 0.018352659323263843, 0.17303514489250346, 0.08518438103618232, 0.06113340141181582, 0.08527772639102288, 0.049360264233353913, 0.06274034726199801, 0.02151093128973725, 0.022330286643132573, 0.018606506737257538, 0.017350003670840775, 0.01955413197256184, 0.01972070904914239, 0.01759943668435776, 0.019407721030926584, 0.018987096692835357, 0.015750361079071185, 0.016333325627542975, 0.015594553419655434]"
6,12,Interaction,Causal Forest,1.0374310643112705,1.5036382029901874,"[0.03771920281640264, 0.035022550399738804, 0.037296792649349056, 0.0346904502124419, 0.08983731600927738, 0.07554513813141966, 0.029967797979736407, 0.05542668731046585, 0.036937694828548584, 0.04073207784649086, 0.051062580204451154, 0.039887792936908605, 0.026165670725550025, 0.021028263000097594, 0.022543488729610078, 0.021050984633327614, 0.023413690685139182, 0.02235339500658408, 0.034798233191598346, 0.03379652718737819, 0.028375962547350034, 0.022349969780856672, 0.022115820110125087, 0.024514189246694712, 0.029958964323218696, 0.01992101700895236, 0.017953916099974373, 0.022264517978601062, 0.02076484386217548, 0.02250446455753541]"
6,12,LSS confounding,Causal Forest,1.1500771754742547,1.839833889012829,"[0.036518093184719366, 0.0724134479905527, 0.06606032308245813, 0.053405428462249896, 0.09532947817580088, 0.04025679838674067, 0.022416993152577586, 0.028473342232757586, 0.02092886353140093, 0.033767900655358486, 0.0225969850835739, 0.025735031045485184, 0.02484788833757708, 0.02523319984416552, 0.029165063296279645, 0.027319705180138043, 0.022576012240486262, 0.02384534653753621, 0.02518068645134148, 0.029263604155373053, 0.030478498105249018, 0.019949293251464578, 0.0277988931252775, 0.029133906451289802, 0.028457154384738437, 0.0237253075750476, 0.024931874198834882, 0.028745680037105235, 0.026737042218495953, 0.03470815962592457]"
6,12,Linear,Causal Forest,0.34177191338690294,0.531799717102558,"[0.05374525118111882, 0.03517222555982527, 0.04723958154626598, 0.05176271259485629, 0.03183352662813611, 0.04115499440743512, 0.03312968318930348, 0.044494813362294564, 0.03919010611095238, 0.07491763876827423, 0.044173573730777155, 0.040275917335799244, 0.018500705189824655, 0.024724383952496067, 0.034409644720225466, 0.019807303106604883, 0.022962488237508853, 0.03454651256673795, 0.030990492114115836, 0.028488075067637723, 0.02666011026344147, 0.020664892518267038, 0.02292607104760779, 0.0302029015538311, 0.02285261673023619, 0.02752094421308171, 0.022141279987460703, 0.022651627893089013, 0.02926711783033624, 0.0235928085924585]"
6,12,Mixed,Causal Forest,1.2848668290650718,1.4177016904011128,"[0.02167599822311573, 0.022829358407409867, 0.023347659065023642, 0.02280690655307906, 0.02198250971800125, 0.027717232606806065, 0.02533591945871743, 0.0203554345902497, 0.024221349112131512, 0.01881808175861864, 0.019355578594615085, 0.023871279411503236, 0.07665262048243887, 0.08025459135266025, 0.08515298764529877, 0.0657621923046456, 0.07634054120168332, 0.0840301404266208, 0.016225151828843015, 0.02349591713438402, 0.01956292074733146, 0.018779817968943274, 0.019771103562804065, 0.021005852854990768, 0.02241902963284183, 0.018662035112782128, 0.020273066323616997, 0.018302012556955183, 0.02845783901837895, 0.03253487234550962]"
6,17,Interaction,Causal Forest,1.1108933944993284,1.5045317996442569,"[0.0296229048470875, 0.02974304035000573, 0.05234442218473909, 0.06708502729970327, 0.05012042299747825, 0.03415503748665879, 0.033249829713332665, 0.03912711909602515, 0.05073745700749833, 0.04152245299790979, 0.04107375951101125, 0.049137156551411675, 0.0290866742973555, 0.02409753061908119, 0.027472702994398773, 0.029260610806776575, 0.024025841807545766, 0.02772047032248066, 0.02183539521105263, 0.028284321569251827, 0.02565220237641234, 0.029616262370748925, 0.02308679526239417, 0.03283372369754992, 0.031659794120267024, 0.022599162530394675, 0.030433244862558873, 0.02861013528350822, 0.02257715810138361, 0.02322934372397797]"
6,17,LSS confounding,Causal Forest,1.1160371742288406,1.9035591527690006,"[0.0652499369044072, 0.04191554113144826, 0.04560991975220172, 0.04643062534560145, 0.08524058485157687, 0.10337550196845706, 0.018092154672722804, 0.021964897648334186, 0.019451766552408635, 0.02372154421884758, 0.02895867644373227, 0.03189071448728181, 0.027578699358303052, 0.025232169881159262, 0.02626824278476233, 0.025231478201104697, 0.03507805372892838, 0.023349503854732948, 0.026188957224160356, 0.029250052212324847, 0.028571038383402147, 0.02850898677276066, 0.025840796358501845, 0.02635131487770351, 0.028618125314104258, 0.024761460375066623, 0.02304183423768983, 0.022835714108589134, 0.019057846847327083, 0.022333861502359074]"
6,17,Linear,Causal Forest,0.33768663896621676,0.5302388876254178,"[0.05836787035847957, 0.025701343366915496, 0.05028529629073277, 0.037258706979621595, 0.03392195885434299, 0.03529104048492724, 0.04749040295622866, 0.07227384341105508, 0.0659904916923654, 0.03543007548972705, 0.05673929866808053, 0.029124249661454167, 0.02532308103815515, 0.023749924517267165, 0.024427932709402373, 0.023720113543681337, 0.03536583831608396, 0.019215689683233103, 0.02810984278237385, 0.02888737419618513, 0.02347895870833142, 0.02553642909529115, 0.021372263961655587, 0.03026962165095437, 0.027274192281257315, 0.02025370167303884, 0.02294816630206406, 0.025013236480430513, 0.0248617309108363, 0.02231732393582781]"
6,17,Mixed,Causal Forest,1.2740250298961793,1.4240159645686339,"[0.022663146424605974, 0.022634011047255622, 0.020874688994623594, 0.02008407158383424, 0.02993497467755739, 0.0181102095333038, 0.02340905293972122, 0.01984814492030786, 0.022327099509195345, 0.022670304437668945, 0.021443653614235867, 0.02020413670348108, 0.09310349360180084, 0.12942400738248902, 0.07271374266996726, 0.06214145006917773, 0.0775448869612605, 0.052454352309256325, 0.025215703214112605, 0.016562686369937345, 0.019259115912542896, 0.01985853554736231, 0.020017190266367724, 0.01955723277392495, 0.018721050379795184, 0.021287165216416343, 0.02367300550569804, 0.018017768239775807, 0.023278530184219368, 0.022966589010104697]"
6,5,Interaction,Causal Forest,1.07916583752069,1.503166800780743,"[0.04660967413509624, 0.04518630705190971, 0.04884216265944269, 0.05771598258101322, 0.047016930586611674, 0.03444522320423223, 0.03534247604818268, 0.06040506817457512, 0.03763397330580882, 0.03556452868444996, 0.042509197640700463, 0.04356817135381617, 0.022159788868925123, 0.023075187592067066, 0.023743556119065343, 0.022654134712402352, 0.029473928255005104, 0.024922001167668264, 0.026892036358659326, 0.024737783639238082, 0.02598065289580713, 0.03305517493725743, 0.029206373516675037, 0.02650416512802164, 0.028379009329470867, 0.023031623361357934, 0.023231652951377683, 0.03300816615274613, 0.02512251506969712, 0.019982554518719227]"
6,5,LSS confounding,Causal Forest,0.9938018614045293,1.7657648455740764,"[0.06320555522501563, 0.06587031935289646, 0.05247381470530061, 0.09841820197085313, 0.04550891757157229, 0.0728464200204706, 0.02982483598262647, 0.022293730991956185, 0.02953352411908555, 0.023662241359902067, 0.024427756905341796, 0.029545436815936882, 0.029089399600455694, 0.022766797307491614, 0.025280736091882368, 0.01965465570438223, 0.023593361197608777, 0.025792984973823176, 0.028260536633591227, 0.027502504488287675, 0.026152110896865133, 0.025002059442544956, 0.02199492969487255, 0.022996455797751975, 0.025281601030157225, 0.020235354923190788, 0.02602210280665992, 0.027283924406896216, 0.023998438014449584, 0.021481291968131172]"
6,5,Linear,Causal Forest,0.32954378179435334,0.5260184909611629,"[0.04527331473675647, 0.03991289743951351, 0.04433716420134793, 0.04047104541109339, 0.03617377527152203, 0.05255511595964491, 0.050248866596325055, 0.04520325131570704, 0.04702485771973573, 0.03719365786932673, 0.048395597852735416, 0.06192321369142813, 0.019247516854986768, 0.024389609566324525, 0.039685742330944754, 0.025864213695123164, 0.020415060886243282, 0.025671109532327353, 0.0357573960517545, 0.02184640395897591, 0.02197984095410401, 0.020933928379381038, 0.02369258220369483, 0.026580470250534, 0.022150123522914084, 0.023123197673652025, 0.025777410301417978, 0.022868012919178768, 0.025321522711327933, 0.025983100141978785]"
6,5,Mixed,Causal Forest,1.2693778326035678,1.4113488326336476,"[0.02406837537987719, 0.026010588206555475, 0.026644066165604743, 0.022084710236069467, 0.024693378852909873, 0.024352683701048587, 0.021609920469042473, 0.019166065825597354, 0.020119180194662845, 0.019341052327066566, 0.021108113273323507, 0.02512597123235348, 0.04428192369505205, 0.07331103280638256, 0.05989762924736211, 0.07008871564932903, 0.1527737663395346, 0.06481862208752005, 0.016786593932269334, 0.019931709205743664, 0.024750045453259595, 0.017329044636596944, 0.02352695186260769, 0.019812782675814527, 0.018117741145243102, 0.017899340872650837, 0.02035025050860136, 0.031395922974561355, 0.03129047629498668, 0.019313344748373026]"
6,13,Interaction,Causal Forest,1.0290316398931214,1.5030545840393688,"[0.03889205488455421, 0.0381610031147102, 0.05631817663148619, 0.03657686743329032, 0.03985404325089453, 0.0644715962541937, 0.03590615686832457, 0.04613296954810988, 0.03475249532995645, 0.07427490988160276, 0.04747839085412065, 0.05239745234056385, 0.029495075502833385, 0.027784529178915232, 0.024190098922076898, 0.023068698528617353, 0.02039588164500782, 0.027679798601167406, 0.023523951361113217, 0.022470779892603595, 0.02246061475036538, 0.02195744831771021, 0.01811351562183467, 0.0234569447049589, 0.02522749881326446, 0.023877186401157754, 0.02348799956754709, 0.029595759364140054, 0.02705811717096431, 0.02093998526391489]"
6,13,LSS confounding,Causal Forest,1.1986378115797454,1.9703338474327798,"[0.04523073507555119, 0.11733239965150542, 0.032829634706716494, 0.04364320647352971, 0.0657010741195115, 0.09534770081631033, 0.027590115108775133, 0.02046054809847055, 0.021660942641048234, 0.024724936263180623, 0.020430343538905004, 0.023715619731277428, 0.025391728517843083, 0.025054540611808455, 0.02635143400389471, 0.025111996995870557, 0.023979112549168846, 0.02380427200575498, 0.027023271718550842, 0.023799428695272597, 0.025308733240666445, 0.02316243209878099, 0.02501992614312116, 0.02774562355300507, 0.024696531411850072, 0.02445441940868825, 0.026711095105787286, 0.027599660890758767, 0.03327143630497079, 0.022847100519425564]"
6,13,Linear,Causal Forest,0.3328443737128192,0.5425983338549881,"[0.02888246285250003, 0.0556758702720127, 0.03605809833786802, 0.04975856478037118, 0.04099162341152588, 0.049039449315241304, 0.07793543638994274, 0.0431850080928822, 0.03381386157368633, 0.08964933466073667, 0.026807708885135714, 0.03614003002690404, 0.027429294485374085, 0.025151070847865636, 0.022493820847146073, 0.02169016635110805, 0.023162948134064144, 0.01970841954568437, 0.025129524211671597, 0.02838393400786068, 0.022292201097616773, 0.022262920544014343, 0.02712150391420032, 0.02269369608181403, 0.022616581196002825, 0.0207116394756177, 0.02709023680690974, 0.023936937543223992, 0.02188693268228858, 0.028300723628730148]"
6,13,Mixed,Causal Forest,1.303455845009721,1.4664938937956842,"[0.02049940966674784, 0.020590578643391026, 0.022584783255696555, 0.019060229065843804, 0.024309652850226987, 0.020745842678256375, 0.01809340341404096, 0.020416144012961563, 0.02294915308894733, 0.02201131305285126, 0.019196255998120436, 0.017409392187084493, 0.13499206003678124, 0.09321067918012982, 0.05934250452061729, 0.047267688391638335, 0.10108281257417076, 0.06603690274549283, 0.01856152916341181, 0.024479458067894422, 0.026830519498848432, 0.016417030898056566, 0.01848246504352844, 0.022811817448239537, 0.02252218543474923, 0.016506214533252687, 0.022178791429021842, 0.020385930810369376, 0.022192510788370798, 0.018832741521257936]"
6,16,Interaction,Causal Forest,1.0007175012514795,1.5061506097006951,"[0.04654198832479159, 0.044824140355048586, 0.07875687256498552, 0.0683927717493374, 0.037039620507003844, 0.05277822349675718, 0.052234880555714215, 0.03846022762869177, 0.042729875918528906, 0.03309926964028706, 0.02401319626441004, 0.029202620237767322, 0.022419302903835633, 0.01894114545104759, 0.020584882358055414, 0.039203049663312325, 0.021625016235189896, 0.023821278389368702, 0.025548557673746152, 0.029325839202646115, 0.025617707895860105, 0.02790929896404999, 0.02099603033172599, 0.02599987540578975, 0.021779050269451858, 0.021853693902792827, 0.030374698606786207, 0.02902313842603569, 0.02125155750458265, 0.025652189572399633]"
6,16,LSS confounding,Causal Forest,1.2197773807415087,2.018909645300312,"[0.04201836438486675, 0.05232837285616883, 0.09357114727102044, 0.06325870065593064, 0.06014461188788878, 0.058995665109120576, 0.023279629548521804, 0.02518010482814273, 0.024535343721165, 0.025784977651924213, 0.02497916299989649, 0.02570184435995101, 0.0329537538290268, 0.023111595321334454, 0.022354523245148323, 0.03169967041768486, 0.02512104899525768, 0.031625088338408214, 0.028486580153800393, 0.020865189861045855, 0.02427791080476642, 0.03024451052084061, 0.03246122026928868, 0.025260783084600856, 0.024190447640096972, 0.027373954176654048, 0.026147034039296503, 0.024368980753154593, 0.02711247895249014, 0.022567304322507392]"
6,16,Linear,Causal Forest,0.3435166779699679,0.5251445836602245,"[0.05834495132574137, 0.03384718731579263, 0.08751246630349327, 0.045768130173807556, 0.04835487490560329, 0.03681101305659571, 0.048143698034498125, 0.02799155562892638, 0.05452786040931782, 0.03306121097797461, 0.054826184981473215, 0.03763220117008662, 0.02476597062550253, 0.021930540703209565, 0.01669964436402811, 0.03399051274997109, 0.02192947564341149, 0.022715468863802487, 0.023151518167427425, 0.022884316050576916, 0.01998914768176626, 0.029160468413883752, 0.026238152696455713, 0.024560473815032072, 0.02474504804675849, 0.024827369575420803, 0.021431696755331867, 0.024201938615722896, 0.024966191450723978, 0.02499073149766383]"
6,16,Mixed,Causal Forest,1.3047189601827869,1.4163299436426477,"[0.02015544371932883, 0.017344528012737927, 0.020522200655667143, 0.018149032668040126, 0.025424037705416746, 0.019818076271139226, 0.02165894678564473, 0.017119805933075535, 0.019068450580630288, 0.02060521081572874, 0.017615153466478132, 0.020222868970195186, 0.03560284828197937, 0.11749902511189468, 0.032088049266233536, 0.12149741671433882, 0.07770473362466197, 0.12287523051264337, 0.019123100897255486, 0.016931557544268096, 0.019301428244611465, 0.01836555347212898, 0.02432458587255457, 0.018051938095503383, 0.0354447265133599, 0.021481536578561163, 0.02116004465825143, 0.019287922251416675, 0.02026148100448016, 0.02129506577177444]"
6,14,Interaction,Causal Forest,1.1112586323022868,1.508916332409439,"[0.03385421095528207, 0.10078996620997316, 0.043219801153969416, 0.04178500641718355, 0.036949637189188415, 0.04650712547413393, 0.04177238912364122, 0.037094118936603, 0.041701346452642986, 0.04152419146686686, 0.040187894682067994, 0.03317015179363531, 0.02399302837721619, 0.030001610766592843, 0.023135619948149864, 0.026574104514680754, 0.025368298012560603, 0.028139934350289095, 0.024222107146241935, 0.021063164845387224, 0.022915972706229963, 0.03234577919054305, 0.023943913906627357, 0.028455971988615963, 0.018213066420824254, 0.02782523688743324, 0.023737037877407843, 0.027159393233583122, 0.024881958864185177, 0.029467961108243634]"
6,14,LSS confounding,Causal Forest,1.3159252884437083,2.005080157166898,"[0.06346488716128718, 0.08172224184389784, 0.04500209084914454, 0.050137682579412216, 0.08536224722192677, 0.05707854602614036, 0.02072464724123929, 0.02217997107051042, 0.01940587929437921, 0.03038472594240274, 0.027243957295178825, 0.020604404841763044, 0.02522025772183228, 0.022567644228474067, 0.030882066173277725, 0.0274754095926752, 0.028562334004859975, 0.023724331980017572, 0.030969241792347578, 0.025603220099238214, 0.030701882662731782, 0.024203310681069585, 0.024518175623457365, 0.023600895495477336, 0.02303997845542103, 0.026570341050088032, 0.028250542744357912, 0.029611444121644615, 0.01963607545636499, 0.03155156674938257]"
6,14,Linear,Causal Forest,0.33509317667266375,0.5293469239646819,"[0.029462866785338996, 0.03385665347446368, 0.038753537693484316, 0.042057490776102824, 0.07737184251449186, 0.03299177927119659, 0.05537083190453168, 0.057005261839375126, 0.042690692068175926, 0.04125169501706132, 0.0502052560023115, 0.052732743940995974, 0.024003016673391026, 0.02226833870823189, 0.02527139461755412, 0.02049628654733384, 0.02532698164781269, 0.022435711011196804, 0.025808053357296988, 0.025091344689161542, 0.02601535923217343, 0.023758910266818437, 0.028802519514489703, 0.023160308550140826, 0.022731672386724116, 0.026247920093583076, 0.02375473242015154, 0.029523271969040504, 0.02457239636349492, 0.026981130663874836]"
6,14,Mixed,Causal Forest,1.28827971566153,1.459069373750415,"[0.024017944778527252, 0.015096937897730263, 0.024315228216626055, 0.02278546888976408, 0.017749633675948305, 0.020779532231547725, 0.01645377764017614, 0.020078529241232556, 0.024081576404896637, 0.019487740411501885, 0.019242479540887755, 0.020789218676643278, 0.08488868666518513, 0.12259175976885076, 0.11172803967729086, 0.05112823643769839, 0.07073506049413142, 0.07071603199449603, 0.018533766013039535, 0.018547942289069284, 0.01665749746298943, 0.01792809374092954, 0.02246565994922252, 0.021882229744360684, 0.029835596273496343, 0.016061773994496206, 0.017339466487205846, 0.018833748194505544, 0.021584136394746534, 0.023664206812803977]"
6,19,Interaction,Causal Forest,1.1164976845861456,1.507703886339573,"[0.054657830469859066, 0.036525825087293504, 0.05225569996350213, 0.034085811447836095, 0.04485817513726343, 0.0353793878119202, 0.04843355215001781, 0.03518812535104629, 0.049554355586862275, 0.035562412323141966, 0.0473933248972746, 0.03631658897134805, 0.02551101057902764, 0.022753748216694146, 0.02872615071977788, 0.028333689225559386, 0.03207172571152812, 0.026662651409262286, 0.02684000250187527, 0.02412946884119975, 0.025774832422453514, 0.03725777834682156, 0.033675962852729106, 0.03231284761164273, 0.02368381367773366, 0.021375240203775032, 0.024422065861151775, 0.025927308575097067, 0.025847237073064196, 0.024483376973241443]"
6,19,LSS confounding,Causal Forest,1.2081294865256267,1.8966499761040612,"[0.11066061338945321, 0.03836734769325829, 0.08573099959444555, 0.052926515917471446, 0.048303944135213245, 0.05871174752705938, 0.02981403657091808, 0.023448063884224463, 0.02769588469828453, 0.025305739017141223, 0.02804258603685533, 0.024195462548937435, 0.02085626040438079, 0.02528267058002325, 0.03473720339910388, 0.022021144214252185, 0.019262934378832742, 0.0256549400977122, 0.02419243597744496, 0.022730801887279474, 0.023031799347297245, 0.02877827125226058, 0.023703051546072343, 0.02648524340298756, 0.02753769363604185, 0.024655216101802026, 0.025622657777210272, 0.027552758292369986, 0.025951750036448146, 0.01874022665521833]"
6,19,Linear,Causal Forest,0.3581514418551191,0.5042668912292368,"[0.03015741706243226, 0.05708451471485986, 0.03652836289463147, 0.07829152877115429, 0.07726744091811444, 0.040948615821193295, 0.03514146344172608, 0.03568102651778429, 0.05300080214363556, 0.04455517600389952, 0.05013135466367934, 0.03975942796797215, 0.02660995355304756, 0.02085037686744926, 0.02424749288050304, 0.019777235431947482, 0.024442607418498928, 0.023300061521585848, 0.0207878147928764, 0.02811540529418498, 0.024304258208689408, 0.02534249944090191, 0.028343848805358403, 0.02087733730158688, 0.020697993903555978, 0.029991422797224075, 0.02077433177662078, 0.0188530705669102, 0.01918315038023113, 0.02495400813774529]"
6,19,Mixed,Causal Forest,1.2296382538006898,1.419867017791061,"[0.019360182454617805, 0.03735390227372114, 0.017001080360513225, 0.02455245348966188, 0.02843132198057514, 0.0194543854541369, 0.029285674612884775, 0.027593546485216613, 0.02038016013472024, 0.018326046272158468, 0.020641453794221363, 0.02675776941108111, 0.05821777877995232, 0.06051169717670735, 0.08645380262499017, 0.0612775048380421, 0.1325327816259911, 0.06088917922996321, 0.02153090825163996, 0.017160564092456067, 0.02096751373512248, 0.02042760708929322, 0.0220116007638446, 0.01961712874886622, 0.02521293079678789, 0.01915921009269193, 0.02401392988409827, 0.022768774696711416, 0.019931552270196422, 0.018177558579136506]"
7,0,Interaction,Causal Forest,1.212021808671042,1.7545487038884693,"[0.06545203204413777, 0.054638760394492565, 0.03310027405700367, 0.03150922428729762, 0.044242073890178396, 0.041465508411813616, 0.05156220173137015, 0.04008804452905128, 0.026936016050979682, 0.029130965034628545, 0.029915445631140538, 0.03195931330053918, 0.052241763496376645, 0.027828384611141926, 0.018291257310013288, 0.02226387205946234, 0.021143205022692634, 0.018703784397495066, 0.03446436334934067, 0.021302082927534348, 0.019189300617361498, 0.021205233570603523, 0.02516865573032063, 0.019119829634367962, 0.021079069891550072, 0.01742286868846521, 0.019050041322972812, 0.020071910957409896, 0.021778619434473057, 0.020218943450747227, 0.016939212686335667, 0.01883464008560497, 0.019114851376414103, 0.022825492668507873, 0.02174275734817544]"
7,0,LSS confounding,Causal Forest,1.2438703954206836,2.0740125300667853,"[0.07500131357936714, 0.03206467599034206, 0.04813812827950179, 0.037086111099393554, 0.0626341521072523, 0.0641067608274232, 0.06999591942982338, 0.022684201012419927, 0.01572437110594058, 0.021356272168739098, 0.024062295635039133, 0.022949089885998437, 0.019684355164075712, 0.027716839144873696, 0.024035144858212634, 0.019923451892935713, 0.020730042327387125, 0.022666774443820828, 0.026232942597111255, 0.022315542534290203, 0.01688967559770429, 0.020766607139149983, 0.02063208162869793, 0.022793383970999826, 0.024255917281646413, 0.0178410278290135, 0.021018068595828797, 0.023240160741679342, 0.020360675327133797, 0.019680819271233635, 0.016532328749661984, 0.023571976206825343, 0.021099228251602663, 0.0281965900993319, 0.024013075225542906]"
7,0,Linear,Causal Forest,0.43735676396155904,0.6318679372388342,"[0.03789381686610021, 0.04430101511305048, 0.03377670646468496, 0.030859415177864277, 0.03258176171503546, 0.05824583992456854, 0.04288687244919228, 0.042523618288634955, 0.028898734010545234, 0.02870399018264558, 0.07529654298294046, 0.02774525202717588, 0.028414987392618402, 0.03238157447910333, 0.030930152654803967, 0.023508944058909787, 0.019613232990418717, 0.02341866721624823, 0.0190112374219656, 0.022586063176678144, 0.01983812613904082, 0.019297275036509742, 0.02118347300041805, 0.018393020917995714, 0.024728242612280973, 0.019369809506441342, 0.019961470026154605, 0.026447362958697356, 0.024247286861907233, 0.023857992668709662, 0.018229419380677753, 0.022057731921401147, 0.019639321492397135, 0.019258734632493623, 0.0199123082516904]"
7,0,Mixed,Causal Forest,1.5067760053603563,1.6573703245832014,"[0.01821878604723152, 0.01630926484748066, 0.01715946095023997, 0.016085205575934066, 0.019438946568418203, 0.01879068680259334, 0.016829789320468188, 0.015587969802601272, 0.024647974225401444, 0.021099951023045776, 0.01602242594751119, 0.0220459253702193, 0.022967723701925458, 0.021482456510125078, 0.06755371511188062, 0.08674307125760805, 0.05482494483301497, 0.06669389095756603, 0.11063109249754818, 0.055988661121427585, 0.05505698797245611, 0.018126113678084973, 0.012798531219583896, 0.01922191256044506, 0.015662327298941625, 0.016801237159428672, 0.01996939482911852, 0.01849655982403915, 0.015896185859654344, 0.014765011904517138, 0.015736510368945876, 0.013984136726661652, 0.014386577130451142, 0.023397652558545153, 0.016578918436885692]"
7,2,Interaction,Causal Forest,1.3189720678666632,1.7486353672957626,"[0.03245477131594124, 0.052458845571004574, 0.04824177155689384, 0.02679660639907664, 0.04772312443043789, 0.03730163084526125, 0.038293842817046904, 0.03609080942961901, 0.033073232689064966, 0.03440981698471381, 0.028243970884727007, 0.03838436080027591, 0.03113838476128191, 0.02879958016892525, 0.02114593934131522, 0.021867504083237132, 0.02003004837839921, 0.026703854589774086, 0.01884982618195735, 0.026145177006468043, 0.025373315524540092, 0.02154035958005475, 0.02559239849427374, 0.02131890522541746, 0.020590824470778354, 0.01969250506419906, 0.020595723195372583, 0.022582004694182988, 0.03654508442004001, 0.02565887103649135, 0.021394462569087058, 0.02706701929632335, 0.024182745643786432, 0.01923875696933859, 0.020473925580692956]"
7,2,LSS confounding,Causal Forest,1.289772520707944,2.0865818383373402,"[0.04188082927769197, 0.08792226139641253, 0.05840349281083003, 0.039597610145525555, 0.0406779164717943, 0.053310876591519306, 0.041964548479120366, 0.02017843531948108, 0.02328352038736267, 0.025756392021412555, 0.029603121119741033, 0.026408583172403702, 0.02949654131455456, 0.020711568102539255, 0.020653856706102272, 0.021565096444628194, 0.030988602023023337, 0.020470545148944842, 0.021545666917503387, 0.018224120369114114, 0.02500783769074758, 0.025024613662105226, 0.021984050760361078, 0.02526083983637143, 0.019897555984341515, 0.017485127956664268, 0.022022100327135554, 0.022123557258898273, 0.01975090080403695, 0.018604702177531327, 0.01918328727747144, 0.026841400750043022, 0.019009773726268615, 0.01928920208155234, 0.025871465486766422]"
7,2,Linear,Causal Forest,0.4054830892666766,0.6045168809726146,"[0.040071987442134256, 0.029452160680874313, 0.03523043273576821, 0.0394748897124992, 0.04644959144512198, 0.02724339033454228, 0.04495497519449156, 0.051792979256714666, 0.04004740295463181, 0.025992101375657183, 0.04358276063084023, 0.036731038794128965, 0.029369124890027503, 0.05023579625559803, 0.020836572233182526, 0.02320519449605142, 0.01819061372288092, 0.02710157623853601, 0.02356919069429411, 0.02339891173936071, 0.023392027567197455, 0.024876670692383838, 0.019934227987014882, 0.02532829301215953, 0.02320541298537544, 0.021283780539308038, 0.023189462231584808, 0.01773395361986269, 0.017378523324579464, 0.02308144623778641, 0.022622649223697628, 0.024446355720420154, 0.0170208749905469, 0.01738330836892232, 0.02219232267182467]"
7,2,Mixed,Causal Forest,1.5393787664269112,1.6955670652234665,"[0.019296955059247486, 0.01995026103449901, 0.018099872802004466, 0.02080452453496468, 0.020383875449830488, 0.0200104717748317, 0.019605566815947585, 0.02034402408219008, 0.015605566708643137, 0.021251536803180794, 0.0148449256843585, 0.015998266443144584, 0.023321512493784776, 0.022154386672970518, 0.03836696434852118, 0.10799712279520757, 0.07173666040346488, 0.041583752121804214, 0.07172626568571243, 0.06454384087248152, 0.08602396377323712, 0.01489573684156706, 0.019269116874650025, 0.014892117118774242, 0.022493581956791076, 0.016010890106969492, 0.019334907831481566, 0.017024168191635543, 0.018222394113453513, 0.016324528770227657, 0.015329822113766626, 0.018502293269184046, 0.018251486400389014, 0.017778820660502483, 0.018019819390580987]"
7,3,Interaction,Causal Forest,1.2961158985217711,1.7438960229585285,"[0.053086505072343006, 0.04766836503245249, 0.03474498304218792, 0.02470122829840227, 0.04554822806287374, 0.03506823648740573, 0.034287318179841604, 0.03910594687107046, 0.030904894902647362, 0.027169171570803334, 0.03781596113667662, 0.038395015722138624, 0.04025682120571643, 0.03341803168651165, 0.02893548790739386, 0.022720231298896592, 0.018183553332518594, 0.023051787616458236, 0.02043431168003682, 0.020242583742339355, 0.021749409253260705, 0.022259230418160428, 0.022516560115125126, 0.018851987819209385, 0.020647100351450044, 0.030061577083756723, 0.021940544124060237, 0.01720115766981526, 0.022273416482206466, 0.025157033246162693, 0.02751615685906905, 0.025228406544975567, 0.025334490771394314, 0.021979374861385088, 0.021544891551253994]"
7,3,LSS confounding,Causal Forest,1.4242391688570997,2.0789347411247454,"[0.033531988745157094, 0.03848972179415342, 0.045792501789225566, 0.049538779980555045, 0.044997425887671964, 0.02933024978267505, 0.10300290846386842, 0.024423643972535106, 0.023115004578459705, 0.02079839571589763, 0.02757539080945401, 0.023454104709802793, 0.029969609013010438, 0.017865239252796747, 0.02305377893669407, 0.020011744050262265, 0.026292345156248554, 0.022852139302722622, 0.02442501177250873, 0.020835754620870898, 0.024022472379275062, 0.024651258560031617, 0.022038172537564998, 0.018778457315561256, 0.03179292494931671, 0.022304618115325966, 0.025581708948158813, 0.02832167289987049, 0.024899430454780377, 0.019856527873061854, 0.01848291177701719, 0.019222732846459333, 0.025999177414822317, 0.022703750324223494, 0.021988445269960338]"
7,3,Linear,Causal Forest,0.42800001831634493,0.600352618223796,"[0.09258858105299089, 0.03612903318345215, 0.03934627885920501, 0.045413897430182606, 0.04214993062830813, 0.024047150195969418, 0.03513948850988628, 0.03553005807371266, 0.024711822858109654, 0.024088059434220183, 0.04243224405077307, 0.0404784578838933, 0.036947734364266835, 0.04516204795282382, 0.02229645959163438, 0.021001014546630507, 0.020410127798606577, 0.02150072226990146, 0.019644086144599882, 0.024700929099625745, 0.022346927740905752, 0.018915943797042114, 0.014872881626960282, 0.020133014936810915, 0.019649923380044412, 0.02169650265114193, 0.021876564561160394, 0.01910874475827978, 0.019919198617093715, 0.020394591710661186, 0.02051331048867768, 0.023530199321611843, 0.021136470580203424, 0.01967342716981077, 0.022514174730803294]"
7,3,Mixed,Causal Forest,1.5059830190811039,1.669338290830953,"[0.016651150767094395, 0.020174896748507243, 0.01992002335414755, 0.022046322901929757, 0.022718259266376967, 0.025753285631417173, 0.021171878605541695, 0.016889958687156214, 0.01693373518925629, 0.01872086267717715, 0.018158309099757918, 0.01733572413519668, 0.016286141993445382, 0.018066986038963454, 0.0893227093050272, 0.08685811776438218, 0.06904052866112112, 0.05112656318871067, 0.06089089017332625, 0.04888010307391831, 0.0500305079538063, 0.020539221265988516, 0.015999596200454474, 0.01742854873310188, 0.01563917354736802, 0.018074253247383237, 0.0220550488159576, 0.024110111457451937, 0.021206152672275467, 0.014087012301117563, 0.015745237764724113, 0.028806542167975843, 0.018756053213152622, 0.021853593863133167, 0.01872249953365559]"
7,1,Interaction,Causal Forest,1.252223993184486,1.7450819640137927,"[0.05532887499709811, 0.028488105825675784, 0.03347933302249667, 0.0424316471012556, 0.02799905162212236, 0.029223494898782763, 0.027268408447253353, 0.03144297484099219, 0.041077229410226075, 0.02845945401398723, 0.057855396278660286, 0.043465826986495024, 0.030918054253469798, 0.06193890738032296, 0.02104173660062289, 0.024039422699425498, 0.021784328878871887, 0.02154017756108952, 0.023775761464950654, 0.020450210377785685, 0.022157571391170902, 0.024796490913629756, 0.01973803358195803, 0.021607748769725307, 0.02151171699730199, 0.025785918631230323, 0.01955652000334493, 0.017387972498877635, 0.025984523830911363, 0.02020299270773033, 0.02092390125167183, 0.023122466740477562, 0.021512958257269357, 0.02161906332138498, 0.02208372444173139]"
7,1,LSS confounding,Causal Forest,1.518198586910689,2.2525492604324238,"[0.038627629810376575, 0.04557071824338739, 0.06573546604522129, 0.043260219103408284, 0.05481587136005765, 0.04766157882153487, 0.0509943138810035, 0.01899400954906419, 0.01722654233170081, 0.026563114367229117, 0.021170797579931233, 0.025162937015861076, 0.018878728827713548, 0.01727724000970287, 0.0282891561372378, 0.020678905353251766, 0.02699121601678399, 0.02895044495288719, 0.02110737916247748, 0.025892208912851558, 0.024447361408355465, 0.021729719541765388, 0.02347520936379391, 0.028446927136826828, 0.019795723951653795, 0.020038455021361683, 0.023821324770985784, 0.034896524950643854, 0.021656053718340812, 0.021923583132800042, 0.02215895142095591, 0.021360409473222694, 0.0241899656657641, 0.028566738613128265, 0.01964457434871926]"
7,1,Linear,Causal Forest,0.4535588430312929,0.6495767903445464,"[0.05841724953373245, 0.034975832332765806, 0.03239274660474693, 0.03355788074113718, 0.05112350686052766, 0.022085627754987562, 0.0367775818854505, 0.0618615656886945, 0.035251600366293, 0.05765261964170212, 0.03270890314636218, 0.03166369276858538, 0.03283448834918724, 0.030263170514007495, 0.02139378402911226, 0.022371370114968443, 0.019611813073164817, 0.023187594939118743, 0.025169506995975675, 0.022858157216021063, 0.019228813781517667, 0.02397659789676277, 0.019121292240745314, 0.020557984950081556, 0.023203339791325633, 0.021486901055243226, 0.018570635514063658, 0.018323868005865065, 0.020702722847878885, 0.0206635434698468, 0.021477958954174127, 0.024177628811047104, 0.024027421109746927, 0.019086557311741154, 0.019236041703419]"
7,1,Mixed,Causal Forest,1.569911012011696,1.6870376268163225,"[0.018756560930574633, 0.013775829976149023, 0.02016975611762357, 0.021666033007468225, 0.017605429661236495, 0.015519634833850368, 0.020386210916524768, 0.01841943591422327, 0.01730910468645751, 0.01923361641971404, 0.017796007599926902, 0.016672767831032755, 0.019940106647963106, 0.01631614281236756, 0.043500617681027684, 0.05011396090755807, 0.05773270796508752, 0.07595095977642051, 0.13359153429642123, 0.04647001983994639, 0.08540619442993636, 0.018904636254450526, 0.01309525453030167, 0.015726382916023803, 0.018494776209808942, 0.017132575080287045, 0.0195859675274151, 0.01549993949550469, 0.016248149235427903, 0.016271133025261283, 0.023097603894187885, 0.01641260329561926, 0.014925688137570418, 0.023657932629116495, 0.02461472551751497]"
7,4,Interaction,Causal Forest,1.3341719137047168,1.7454742592243502,"[0.04375321590643648, 0.046598030852623686, 0.04128291344886883, 0.03408440332285062, 0.03255763257616874, 0.03680798665681593, 0.029118058173633637, 0.029508165958294138, 0.03505400810805161, 0.03246510060152237, 0.03166439844441524, 0.03824650610468689, 0.04066937271401051, 0.03990980074707534, 0.02183273524339922, 0.02440651068155096, 0.019516626669517197, 0.024654640517672296, 0.02359202422657828, 0.02123363025871269, 0.01812914159662956, 0.019060820261264544, 0.02306128562959578, 0.020674591235859036, 0.022688099805028998, 0.02973567096215469, 0.0234318743698856, 0.0287886971819886, 0.025253099466435388, 0.021879592104616975, 0.027615652883325174, 0.024299457046872575, 0.022734302273377752, 0.02506561118975032, 0.020626342780330424]"
7,4,LSS confounding,Causal Forest,1.3049698408491646,2.0842326029021443,"[0.042679695754844885, 0.09433259958787281, 0.04869365841759239, 0.06398233489551466, 0.029664712306472735, 0.04945664968837567, 0.04679299148530192, 0.023449057167130607, 0.022482677515727238, 0.02430557594884592, 0.024155390231914136, 0.022851647031687537, 0.025525914614502043, 0.019940274589188126, 0.02355939641244691, 0.023267484883855133, 0.02061927617769521, 0.01860383848069674, 0.031066202881714106, 0.021376670989040038, 0.02119269509086384, 0.02189540241551311, 0.019819012364175288, 0.024837623796383802, 0.017454587769534867, 0.02658889609264393, 0.02138718691282154, 0.01983780494249625, 0.02325624739972039, 0.02168503274490786, 0.019627814491002735, 0.021467417888150143, 0.023614707570975817, 0.021401896391039288, 0.01912762506935236]"
7,4,Linear,Causal Forest,0.43625743637620684,0.6137154414399667,"[0.06743217024183694, 0.062435826983108685, 0.03291744822709902, 0.026810102391674123, 0.04386542372519622, 0.040339197968763396, 0.023032769054472938, 0.0410678596259492, 0.029109822079363377, 0.040129749964432936, 0.04237168175494077, 0.03985451083864085, 0.036390068005639854, 0.03615222210640573, 0.019251619677997017, 0.02054844075766825, 0.022366725190796875, 0.018780748424649822, 0.01925970249792969, 0.01610786301899373, 0.02070519076111477, 0.022376500808488447, 0.021745808942346016, 0.02644722467800372, 0.0177934945638434, 0.02175139738483763, 0.026346236342531835, 0.019013237995472946, 0.019685862756909117, 0.019594975271753898, 0.020391156256585143, 0.0198068162696062, 0.023197286745927012, 0.022062246721382375, 0.02085861196563825]"
7,4,Mixed,Causal Forest,1.5361321693724677,1.6641788721940372,"[0.01796334085067925, 0.01527545091658609, 0.017419359139450433, 0.022513107799933967, 0.022009232210977177, 0.016070451991198526, 0.0185098149462677, 0.018017870104438827, 0.013912648332070485, 0.01847128626527606, 0.01741262769017374, 0.0190162372708446, 0.01816363724055147, 0.01871435564889166, 0.10107724325237444, 0.06498565315674615, 0.06503096023105895, 0.04605493623904318, 0.0644213925890434, 0.09733020938686698, 0.046676087189359415, 0.021794265167014056, 0.01531472019374463, 0.0216690611062421, 0.0187077572804572, 0.016039515315129843, 0.018666419119334112, 0.01531661279672659, 0.022717998138517208, 0.016057764931059256, 0.01598081235670395, 0.022962145572114852, 0.01579895766450644, 0.01972494692964479, 0.020203120976972362]"
7,7,Interaction,Causal Forest,1.309112080284574,1.7444949831471501,"[0.04977273286539583, 0.03637078591271253, 0.07996627833512274, 0.0448023110138734, 0.03538722229390581, 0.023833568118421, 0.024432529408106606, 0.04383092011128761, 0.044576511324980174, 0.03883311440844896, 0.026649748551600717, 0.025993986977088088, 0.026346841672742816, 0.02556408557493369, 0.026307555972768796, 0.022947449064458204, 0.020742022967570883, 0.02011323548587639, 0.0201705417364088, 0.025297551924396845, 0.020185387968492598, 0.02208010939804081, 0.025037839836108963, 0.02522430128337619, 0.020092369751141495, 0.023231120034853805, 0.022199904045812388, 0.018024654297151135, 0.02364826497974185, 0.019351617031491235, 0.02235996548818796, 0.021242424691358064, 0.024346760359121623, 0.019132096141976643, 0.03190419097304535]"
7,7,LSS confounding,Causal Forest,1.5116131222880977,2.1901365582474424,"[0.04154919702571996, 0.044352654836649394, 0.07501762979744438, 0.036101340444286444, 0.037061952184743584, 0.049146497100721595, 0.0627213046088883, 0.026026165674154556, 0.023097283525929286, 0.02604567778910669, 0.026233122614787514, 0.030509904884177787, 0.03032509207956695, 0.02025260611893094, 0.02397022834068471, 0.020094903906912848, 0.021937362979369577, 0.018901752362777316, 0.020843062546773133, 0.024670636811165818, 0.02439814904085572, 0.021205348823751156, 0.02012564279945175, 0.026756126173421158, 0.021450954843115398, 0.028423404821468722, 0.020910601837174865, 0.018965262715655608, 0.023455841144371884, 0.01903719496149997, 0.022346677058930703, 0.027430791265583954, 0.02236435719154367, 0.019777350741752863, 0.02449392094863174]"
7,7,Linear,Causal Forest,0.44816778789791717,0.6184202780291441,"[0.05161017855505332, 0.056229833147662285, 0.04055183673125596, 0.03197143024928442, 0.038631929169752936, 0.04597425408765427, 0.03200561522519525, 0.05062019766835152, 0.039179704410962336, 0.03641437939461629, 0.025767974742287827, 0.02969885162934405, 0.028524615945812307, 0.03666468815972749, 0.020248976269234466, 0.020086402278711633, 0.022197852167434, 0.026493252934645398, 0.02235537664187053, 0.02196431202034188, 0.022554833274169007, 0.015612191582320316, 0.018700875508320895, 0.02194287494891622, 0.02265692880926378, 0.021370938285320436, 0.026707266508793806, 0.02135511561558951, 0.021668121303757767, 0.020866502161737358, 0.02321966602993007, 0.020308286770199725, 0.023145007987109424, 0.02120028487885622, 0.02149944490651734]"
7,7,Mixed,Causal Forest,1.5439769270109982,1.7065976710267292,"[0.015927756690281725, 0.016713830064297903, 0.014629724471885732, 0.016867451027890543, 0.018001013799690425, 0.017704825317498573, 0.021653134399919456, 0.01938936048113742, 0.020307203237184938, 0.019742905913127554, 0.018393890103624824, 0.02127068811335078, 0.019229818387267807, 0.01896313397993611, 0.059114577634682995, 0.08107970080162971, 0.061859099273959516, 0.028537181099350214, 0.10263302281677121, 0.05964766486603743, 0.09848569587824436, 0.018712020378642717, 0.014486324253322165, 0.022266702336747962, 0.01621579225326063, 0.01770702360215718, 0.017660562812315903, 0.01644387452357739, 0.013423923027808465, 0.018176477589537676, 0.022529122585884336, 0.023575966762203672, 0.01901322199576702, 0.015385416909025834, 0.014251892611979898]"
7,5,Interaction,Causal Forest,1.3216637880374191,1.762628883584321,"[0.034598865609431206, 0.026271345110096885, 0.03670245043436565, 0.03462674479381607, 0.045006655572044835, 0.03775025120332858, 0.02977432425654569, 0.03452340201379453, 0.045335417856419355, 0.03650029470093135, 0.041795488735466714, 0.03601300446003699, 0.0411444689886536, 0.05850373800119125, 0.01760581732480467, 0.02313202629487305, 0.01881558985678536, 0.02095708540703115, 0.021097787524478114, 0.023851450268393012, 0.01969985701451756, 0.028352400106546643, 0.022981428478825592, 0.024599369227564605, 0.020712499450494196, 0.01706602903563665, 0.026698443946885655, 0.021134377633585603, 0.022519164221755508, 0.024492192202237147, 0.02419847660203332, 0.019455068629779772, 0.020640663986318097, 0.020952812592939244, 0.022491008458392442]"
7,5,LSS confounding,Causal Forest,1.3074658267806647,2.0909406006897036,"[0.065339079331245, 0.04574293833010934, 0.04630761052666442, 0.04820426542304844, 0.06040030817521841, 0.03938677785674914, 0.05778271089890591, 0.030765419174707945, 0.020813269902350474, 0.02201171901149131, 0.020063981093949097, 0.02545125506841086, 0.023170703392204187, 0.023602940773342494, 0.01987190233111177, 0.022145146537917156, 0.023286834854898672, 0.02323691123109585, 0.01911160322046654, 0.024710022467458174, 0.019957194518025825, 0.024418919968498053, 0.025608507861492515, 0.023158108282234576, 0.021676409577760968, 0.023673039718752103, 0.02059393738835945, 0.020860587869674187, 0.025073692484226612, 0.019885967884544883, 0.030480481583470043, 0.017973853590785276, 0.021837004011038094, 0.019859924952876466, 0.023536970706915857]"
7,5,Linear,Causal Forest,0.4285496882220482,0.6106660514450225,"[0.0310778145382677, 0.053385199999711294, 0.053577212126996655, 0.043087424750088026, 0.041314970910846495, 0.030827601272560297, 0.04049651520844555, 0.03338857719968451, 0.03568071647018509, 0.02556905659322568, 0.03781429394664485, 0.04340777627567193, 0.04716412708825791, 0.03631448905079717, 0.018659094833567282, 0.026577360680564013, 0.026637898492952113, 0.023563606492524185, 0.01989794146866688, 0.020470222151750025, 0.01736815801424364, 0.022377562965623987, 0.021983367041368104, 0.020645038177114657, 0.02262882804365403, 0.023024241160902036, 0.018145440641684055, 0.01676521742600731, 0.021729609548262908, 0.01999993745418762, 0.018920339671113798, 0.018996434499168956, 0.02378979541063705, 0.02260696399214572, 0.022107166402478534]"
7,5,Mixed,Causal Forest,1.5034212413171895,1.6370426622618488,"[0.025754856847960802, 0.016913325052482192, 0.01887194971094446, 0.016046490038722598, 0.01815029916066552, 0.029187592147347848, 0.019449834923352297, 0.01940476867519734, 0.01598229463785398, 0.0184241578554335, 0.015775772193542856, 0.0203074554318328, 0.018265500810272377, 0.014726404402379586, 0.08621129045218476, 0.052741649338535465, 0.06651773917977646, 0.10710343398237601, 0.0326230871679722, 0.061871298364237735, 0.06510948289510035, 0.023023532201677358, 0.018862539784909416, 0.01809040042241792, 0.02172069988765961, 0.021883120278230167, 0.013536689460198236, 0.01703148084040694, 0.01831893189760599, 0.015541385048513845, 0.01910492049295834, 0.018640582476125597, 0.02325670409055223, 0.016813928967199337, 0.014736400883373859]"
7,6,Interaction,Causal Forest,1.3176022442531696,1.7458928977010963,"[0.042553355074966756, 0.03020543726182153, 0.06946027113920336, 0.030820793862704688, 0.03439491966982007, 0.023058434748567783, 0.04052775729220489, 0.047193287967446054, 0.043464510926401974, 0.028936380233653417, 0.03137845387907648, 0.026452555406392308, 0.03851293800641001, 0.033551285844832725, 0.02111627245244902, 0.023217739087361848, 0.025288350082192174, 0.024437933880807877, 0.020828084003258442, 0.023690039665614764, 0.022284020933280475, 0.026595648963029496, 0.02372617310731092, 0.021038708117042566, 0.018983027293177, 0.03181520384993612, 0.02163204830156182, 0.022915486935219005, 0.016699758899712935, 0.019272290070512763, 0.028968851194346647, 0.02218125819397549, 0.02139452604160231, 0.01986829136512778, 0.02353590624897842]"
7,6,LSS confounding,Causal Forest,1.3529390752840054,2.1156179646489695,"[0.02841513913252264, 0.06199027967786242, 0.060493660873530565, 0.06330651222504537, 0.03844222551595605, 0.03625293867029236, 0.09628259453389644, 0.02879880020769963, 0.017976194411855426, 0.019445934963268307, 0.024991743490497487, 0.022054581787554442, 0.024623345669348783, 0.01776317492389797, 0.021541125656880992, 0.017923455072714846, 0.020551300168510932, 0.020387211864481797, 0.021441468440548093, 0.020376673980054712, 0.021119390430200086, 0.019382388780028226, 0.02134095665005406, 0.025753961372976888, 0.02417304854958223, 0.017988237267883008, 0.022550601400771003, 0.018661129025400826, 0.02569504355005934, 0.02160523368845546, 0.026189954247374737, 0.02057512956882785, 0.018463629510133917, 0.022297435870212542, 0.031145498821620494]"
7,6,Linear,Causal Forest,0.4260194181692491,0.6021004495855183,"[0.031878625375682666, 0.028829562990176326, 0.037928671808890584, 0.03604150657115903, 0.07155366320230983, 0.03163889915522886, 0.05589370626338095, 0.04534244452656674, 0.06466800096941935, 0.04441333541083952, 0.029261802863374015, 0.0354069903134876, 0.024295927887473336, 0.02642910934328145, 0.02606424606616999, 0.020115191764037522, 0.019292279103600152, 0.019976765424624482, 0.019947412288556225, 0.019612761346297906, 0.02086172297957947, 0.020057487502936473, 0.020114659424468717, 0.017761261963749178, 0.021724668651517537, 0.01631544979095837, 0.021166194581538546, 0.025462818999444158, 0.018593864682870588, 0.024502797340939304, 0.022760925180015636, 0.020300268188921285, 0.015820371271180186, 0.0185546450547922, 0.027411961712531893]"
7,6,Mixed,Causal Forest,1.4976473594331072,1.6583989338355503,"[0.017095433401038883, 0.01812374085466848, 0.016579087375844948, 0.01775559971876273, 0.02062634288051589, 0.029011270178712613, 0.023392366260448067, 0.021413239925958154, 0.020252261605401535, 0.016348476601909544, 0.020176365247523427, 0.018027313525619742, 0.029762260748885105, 0.02285656234114921, 0.051790817925662924, 0.04411342036573941, 0.08893535704127951, 0.08831341792055056, 0.06199214952552893, 0.08363404711557962, 0.037021895503569845, 0.021333980372832313, 0.0160236304881211, 0.015742523107573812, 0.01620432896688882, 0.01769731862009269, 0.016305862562432494, 0.015968997309749634, 0.02077810051516571, 0.01725156488992979, 0.02054652907684514, 0.025157115757766045, 0.01495009727923948, 0.0164969846046385, 0.018321540384375355]"
7,8,Interaction,Causal Forest,1.2918612205118654,1.7448494169942845,"[0.027843472414476, 0.033570999595246336, 0.03281027277497532, 0.027136791588860645, 0.07324784004757633, 0.035232693014572845, 0.038227612587291564, 0.03723959900868001, 0.03037611623152738, 0.04657661676789883, 0.03201905233459417, 0.04011138321830106, 0.03739579696699996, 0.03192610016991984, 0.02280435127927221, 0.02061930830037822, 0.020032452226593903, 0.017621974312717763, 0.02506865011930693, 0.022414888926805775, 0.02008461380621995, 0.026019138066188795, 0.022981891402627085, 0.019856401549861978, 0.01953504384689617, 0.023036240755180046, 0.023852779877600164, 0.02092946799563604, 0.021253132397185605, 0.031194122665663574, 0.027812095214243694, 0.01970759300445881, 0.01830064310604178, 0.025867876962255926, 0.027292987463945123]"
7,8,LSS confounding,Causal Forest,1.4272065015656537,2.028694311480468,"[0.03370950759327963, 0.04365659279156797, 0.03635812669178101, 0.028266447550877757, 0.0820381544449721, 0.04085996291063658, 0.08072600570832329, 0.021637592481525456, 0.026714334887636852, 0.02587613230607318, 0.026252097918251338, 0.020589174053101254, 0.031962001620534114, 0.02556458157184983, 0.02195808426563061, 0.020046130350148815, 0.021173789300545927, 0.020903010524750104, 0.023134487105230663, 0.021797630356283258, 0.022249890146482636, 0.02506257071040648, 0.023681631003052858, 0.02692757294757256, 0.020289153746954714, 0.021290910298575178, 0.02509542084248618, 0.019346333689246025, 0.022539471082136355, 0.023795753431983795, 0.020446147035034792, 0.0235492165706414, 0.03089980668738287, 0.019727668124461622, 0.021874609250582752]"
7,8,Linear,Causal Forest,0.44573755481906346,0.6148537951965527,"[0.040249625330825996, 0.04139934538357491, 0.035136416292723786, 0.028404603299963433, 0.043873560036634555, 0.06580982085023307, 0.059255493612063004, 0.035316706782736844, 0.03184827685563019, 0.031009851365166922, 0.046016104906060167, 0.035066523828316244, 0.04407487390663432, 0.03078129365239032, 0.019106249700144785, 0.02969717435214776, 0.01970862434911654, 0.021691627796273514, 0.02273104648440699, 0.01790347312681576, 0.019854385560518575, 0.026652366762725206, 0.018508595075072548, 0.019027244714207296, 0.016692052697864033, 0.02093526343616986, 0.021648964750693025, 0.018984476489213586, 0.019793488022180634, 0.019491087816067322, 0.021344532577413953, 0.019620804259304295, 0.02094825078502147, 0.01853894883172087, 0.018878846309968417]"
7,8,Mixed,Causal Forest,1.5663160446454358,1.7493657648695575,"[0.021506061124312133, 0.018430003364718874, 0.01670932768979928, 0.017310332348445243, 0.02292335220596033, 0.013771527794203417, 0.019687244935767786, 0.016768867446260157, 0.020012258004822217, 0.014877339521924614, 0.01412852260696133, 0.015852824868009523, 0.017378665354885622, 0.027735030638765798, 0.06622949906818766, 0.07305790588869358, 0.05175857923279837, 0.07171153621255855, 0.08838557939141754, 0.07015992117799667, 0.07680214066978235, 0.021430241222199112, 0.01895833737058734, 0.013230823601773889, 0.028255321740825953, 0.013852173264486569, 0.015595331647691541, 0.014788591239938819, 0.019875148886361313, 0.015570692855007453, 0.015977320796250714, 0.016862029625424085, 0.015931637199959305, 0.01766884572451671, 0.016806985278706187]"
7,10,Interaction,Causal Forest,1.2335366839088173,1.746196593101692,"[0.05003280395779778, 0.03608427576267189, 0.02811393262553412, 0.03433429171037126, 0.04057181460225885, 0.03389046141126064, 0.026967697764313892, 0.0560888417639899, 0.027653116520339367, 0.031924366890169115, 0.04227583633243527, 0.03479923113481715, 0.05740477849770016, 0.03822111764587548, 0.017352546869271273, 0.02075365906009443, 0.02227490245888981, 0.02419317133293168, 0.025307724204785442, 0.02664902847996782, 0.022927838244296072, 0.020850651109005695, 0.018730832645263453, 0.02239475095380257, 0.022952272668795768, 0.020050762475388968, 0.018934490421480998, 0.02016182325830347, 0.018028200220693538, 0.017509468982846194, 0.022282450364990804, 0.0249291376660589, 0.02976757298422116, 0.024047203231369583, 0.02153894574800749]"
7,10,LSS confounding,Causal Forest,1.3044408533713128,2.1113456636841836,"[0.03984719551933657, 0.09910861020350309, 0.05162312434040524, 0.039296171500388354, 0.049562892753896214, 0.03637828197467638, 0.06571004130159146, 0.02348934285257801, 0.018068916180983677, 0.017877653866576703, 0.023430135235400436, 0.022710424616955986, 0.024462230502630914, 0.0213489315422276, 0.026450547495724244, 0.020782781364025532, 0.018250883426549284, 0.018309112266938706, 0.02242158942846103, 0.02493659833447965, 0.02215086001219868, 0.023877441518335284, 0.020871028888703163, 0.022379333905882367, 0.022917706888270006, 0.024061754949464085, 0.02217164423156773, 0.021589269406724457, 0.02445251150337036, 0.025668867380759873, 0.02141088855932403, 0.01887915517128208, 0.02149096089973367, 0.021422053966956733, 0.02259105801009837]"
7,10,Linear,Causal Forest,0.3959654385896337,0.6034368988098805,"[0.03695259669881122, 0.0539813068558842, 0.029703758885844502, 0.043981005125980896, 0.03044488399240557, 0.030702650008374337, 0.04458662699386083, 0.049111822843174835, 0.04140242901932003, 0.034652219333000084, 0.03530999704216265, 0.049070744900928026, 0.050045966896791416, 0.031592825341240284, 0.020268621467121748, 0.022130334815425527, 0.026873116545660207, 0.02108279246258509, 0.0239827663267765, 0.017235291006646815, 0.01846281907743415, 0.02037701125492614, 0.025144249755541383, 0.021500347045343832, 0.02128727569273448, 0.019377649029252358, 0.02030571135211877, 0.021127939323839124, 0.018617229143929805, 0.021315859636036272, 0.017758305289919313, 0.02403120273456476, 0.02225679561517681, 0.01850085499666581, 0.016824993490522407]"
7,10,Mixed,Causal Forest,1.5213147848761637,1.680703394718137,"[0.022852275666413603, 0.02043693006420563, 0.02402583006660073, 0.024512259248042137, 0.018482466525500837, 0.020852534290469224, 0.030752164808229135, 0.018342725305975586, 0.02149250259673817, 0.022470968161072573, 0.023779142513673558, 0.0196166872747653, 0.01553170843173567, 0.014655867377557514, 0.04754530643188858, 0.07407005652461064, 0.053888012403655455, 0.07931747005966903, 0.09183576901556333, 0.05266608562132978, 0.07105196056264901, 0.013460817123536417, 0.01568501659208937, 0.01541380177648648, 0.018540152747956753, 0.016823655101406862, 0.015474097089256502, 0.015890399583051308, 0.019828684867313713, 0.014698281671308022, 0.014322961355483508, 0.021939045107018464, 0.017408246853240675, 0.016909989924813684, 0.015426127256692729]"
7,15,Interaction,Causal Forest,1.2345303782726753,1.7444385162631932,"[0.04168402354711498, 0.023388891502533534, 0.053657370637918554, 0.05461707570649744, 0.026646517486161064, 0.023634887064168483, 0.03255997794798466, 0.0430389091503496, 0.032604369949457486, 0.03381631000146399, 0.024266262071612067, 0.025029095654170393, 0.07987543198347342, 0.055257229713039376, 0.02002213069726142, 0.020548317943369417, 0.021374090635223046, 0.022818305612419158, 0.0243791742504211, 0.02097538553461747, 0.021324367981806168, 0.025649458513200076, 0.021286394059326683, 0.019626816324084233, 0.02190265508885347, 0.021449426398885, 0.021412657502442214, 0.020427227645559144, 0.02216524031097014, 0.020777706397497445, 0.0208359866627342, 0.02322566323320122, 0.020842101654657677, 0.0208898179339435, 0.017990723203582165]"
7,15,LSS confounding,Causal Forest,1.406588761766759,2.226253567337122,"[0.032542255928109005, 0.04888487294621836, 0.028953314353817396, 0.15100939186749726, 0.05631671074361702, 0.04569270391953274, 0.03738614628798035, 0.017396649530975476, 0.018817678168854955, 0.020123846546153866, 0.0183069833117762, 0.028878913614447266, 0.02202286120407592, 0.025620857607231512, 0.021196158004191976, 0.021481814069158802, 0.017979668642083918, 0.020576756647458543, 0.02195911965569265, 0.018917702513491737, 0.0168258045195344, 0.019512574149861232, 0.023339147626540595, 0.021209948977245156, 0.021051093193779666, 0.024605666046260133, 0.02085233104220498, 0.02327809579617709, 0.023551913998769245, 0.02423996082090967, 0.02287293702868852, 0.019602749250417193, 0.02189740789670083, 0.023018241694530484, 0.020077722396015893]"
7,15,Linear,Causal Forest,0.4499914573873394,0.5982180416842069,"[0.028909269478441767, 0.0378530375489857, 0.03855172459816661, 0.02681092450695903, 0.07233139571795177, 0.04303501562855026, 0.0799153609314592, 0.04422940734802616, 0.0352319478525861, 0.023883370621894592, 0.025496429110125826, 0.06169381652516271, 0.026899104173244284, 0.0259591895790215, 0.024449301551008606, 0.017461206209161625, 0.020111413203112206, 0.020200583776342332, 0.02735541175737199, 0.02239410120413972, 0.019383928717748817, 0.019831809138875594, 0.020937813717847982, 0.02118944188529438, 0.01994171756990814, 0.01635847488844369, 0.02181428833914811, 0.023991032316613592, 0.016737107962591476, 0.017001427773991502, 0.017420006782229398, 0.0200193598901762, 0.02384677462047494, 0.02025733722943237, 0.018497467845511695]"
7,15,Mixed,Causal Forest,1.5155047052733035,1.6410727399352132,"[0.015934980827236295, 0.01929691847910629, 0.017340337058297087, 0.02372628956953014, 0.015088808398526634, 0.02618798529093584, 0.014962475823781045, 0.01523613757202546, 0.015367818956339853, 0.016422265323334188, 0.024037123563496667, 0.01622063538280317, 0.013403567123534327, 0.02019573991931563, 0.053686730693220414, 0.06544055759245299, 0.08567711012384689, 0.11853579023515383, 0.07978699925899511, 0.033251267073010814, 0.034124091566383095, 0.01817560469291742, 0.02334876668698492, 0.018531903673968755, 0.02232185421152589, 0.017389263863194625, 0.017038056737072208, 0.02198320081910084, 0.02400935276018582, 0.01398656705191428, 0.01582276926930275, 0.022581962118971503, 0.026830009016747453, 0.0164598838512699, 0.01759717541551797]"
7,14,Interaction,Causal Forest,1.3488545666357799,1.7447564302481853,"[0.02318865652069289, 0.038058415634253204, 0.10195068048660616, 0.01927902658934908, 0.030983698222628413, 0.0299175014047129, 0.031814701563499706, 0.050505038831181445, 0.03509174243364665, 0.029737834579660442, 0.02374352818853231, 0.026974276286947516, 0.029779627766740945, 0.03704742831606496, 0.02273918624510719, 0.023384522604542598, 0.026893904341704945, 0.01892090831927506, 0.023707740923207002, 0.022452984106743054, 0.0333068768488367, 0.021043482878714423, 0.02229770270895961, 0.02278020860828063, 0.0246508145462515, 0.0194858910627934, 0.033867488527626895, 0.024106161499277405, 0.020161681786524194, 0.022276869089517582, 0.018402297657892027, 0.02247467607374993, 0.023739286168981376, 0.021676378923995702, 0.02355878025350216]"
7,14,LSS confounding,Causal Forest,1.2977235501707611,2.128329901907608,"[0.0388161295876164, 0.0870330947422085, 0.08498161662079, 0.06230192630447093, 0.03288591046214544, 0.0344615683082993, 0.03199678339592592, 0.018984278403242297, 0.018736150533102805, 0.01892874370039448, 0.023628007013766893, 0.025736190462225514, 0.03331704700826116, 0.022151398302794247, 0.023119733453599276, 0.021836399515951475, 0.019543937124620787, 0.023699512591708723, 0.02433501994826381, 0.02336245776924271, 0.020727941819971216, 0.019441767155402, 0.022835596812490963, 0.025168108224806352, 0.01842670836066933, 0.020892275990981958, 0.0208710725666111, 0.019697460587467238, 0.020399937916694, 0.020028642808355944, 0.03015750422059833, 0.023101315598154055, 0.022243985410709245, 0.026301051544984754, 0.019850725733472758]"
7,14,Linear,Causal Forest,0.42268002883899675,0.6243446492683106,"[0.02941062252837689, 0.040197754976196355, 0.03573288970471932, 0.03386391171178613, 0.04370797956821094, 0.022145064396164007, 0.06515148604243906, 0.037300761135680795, 0.04677682551443138, 0.03308080594862099, 0.03450650828846383, 0.05577379147354514, 0.033480782763595715, 0.03222055796831577, 0.028331691256766406, 0.022368281733406336, 0.019213745219217118, 0.016860490677004597, 0.017903862978782475, 0.02323207687569701, 0.021599141304274653, 0.0226316151274641, 0.02253801485503743, 0.025406827761507888, 0.01721395510211046, 0.022647097767307223, 0.02650966978932395, 0.02002239237006997, 0.016469933156797564, 0.023009332830531498, 0.022024920555373265, 0.02868409468525084, 0.01958033237338873, 0.019666538533821297, 0.02073624302632085]"
7,14,Mixed,Causal Forest,1.5230936040420795,1.680758524481889,"[0.02026557254867394, 0.023880972890023923, 0.01625900849701466, 0.022855258831513226, 0.021734986299155646, 0.022294278163784997, 0.019055932597979584, 0.0152625349669642, 0.017325122777894643, 0.021409102309286263, 0.02337312461772175, 0.017795912879711676, 0.020607490867881984, 0.0189609669791278, 0.06051047066354335, 0.0461908411367915, 0.04479460573284613, 0.0691611532861144, 0.05994846409177139, 0.07563310239126973, 0.11863631368986949, 0.0145877427270673, 0.019752256654370977, 0.018292568700154485, 0.018787466882533764, 0.015935171241326998, 0.016993850284956192, 0.017996517051876083, 0.022016841176437943, 0.012563121610361867, 0.016606320826715794, 0.016099262416967207, 0.017758127155027, 0.01693711280497527, 0.019718424248288853]"
7,12,Interaction,Causal Forest,1.2538514511823522,1.7439465509381136,"[0.031034068740974665, 0.0359037057597568, 0.04590163256819054, 0.027793031932555657, 0.032371849618280726, 0.021878863602933292, 0.07002568646858733, 0.04892193555300818, 0.04367763769229231, 0.034075462283427255, 0.032004188223154255, 0.023827613682542985, 0.03326175382135266, 0.039564595500827665, 0.0333202378376298, 0.01914847887210375, 0.024690777481827988, 0.021405177304670116, 0.0221306371089921, 0.021510692538998122, 0.01762622815783682, 0.021913997242718183, 0.02055483809288596, 0.024275941315323752, 0.029409117358230916, 0.021086569942548528, 0.015897694331275296, 0.023685122492648526, 0.02430797783758613, 0.022035395180146623, 0.02145152537950665, 0.02754182182644649, 0.02237674210908292, 0.022638122279273424, 0.02275087986238366]"
7,12,LSS confounding,Causal Forest,1.2685243286504297,2.074854227248206,"[0.05879629954007441, 0.05531261719337611, 0.043221625296893613, 0.04341781553204954, 0.076575652266246, 0.05428968756240458, 0.04211099472160244, 0.021495949991256605, 0.02158778499724643, 0.016740020346759865, 0.018439186680909835, 0.01940443202477148, 0.02154344431254852, 0.01921737572014061, 0.024154825492105708, 0.021736873215409937, 0.019619271594202226, 0.02008827043998274, 0.020621799866078844, 0.02633275201111069, 0.02217817729917498, 0.022059221648511932, 0.01769553714639406, 0.023347294149253617, 0.022419047683901353, 0.020785838940499214, 0.019974839238561276, 0.02742812167004352, 0.026943342731958718, 0.022128537387546065, 0.022618279405952145, 0.027083604018510968, 0.0316616523972714, 0.023571850878577015, 0.025397976598673547]"
7,12,Linear,Causal Forest,0.42789590013109535,0.615597524534227,"[0.03263046216272754, 0.08673079352251081, 0.04589262810862824, 0.0405599828317215, 0.03748365490584036, 0.03598774029720078, 0.02523720748211872, 0.04684642502536848, 0.038166690834522364, 0.02683243938696123, 0.02938847820957605, 0.03249087005568006, 0.03849321460867585, 0.0360899595380985, 0.02105764455017163, 0.02088458163928995, 0.018124691685928864, 0.01702006620886191, 0.016559478817063412, 0.017845943827723115, 0.020041847538087295, 0.02232422907211527, 0.03256564186790745, 0.02151652286878515, 0.025128670986377666, 0.02198465159873714, 0.017964733220752576, 0.01835569329356645, 0.023664598080910062, 0.018504610966688515, 0.029016152196990032, 0.022677915271163217, 0.023710994126924814, 0.019130207598018957, 0.019090577614305923]"
7,12,Mixed,Causal Forest,1.4998941742034082,1.6562356970941106,"[0.01846679860074368, 0.017464238427011333, 0.016826258896110308, 0.020580980768901785, 0.020154358387409484, 0.020346475964167443, 0.019500949791431382, 0.01743370323750827, 0.022201552712870068, 0.015160180440672468, 0.014420119499889956, 0.016709125540045913, 0.017041181765369656, 0.023571756986291274, 0.0664865463717588, 0.06432842442509086, 0.07333619225536314, 0.08244302443857679, 0.05785814724734694, 0.07720987187808356, 0.07033227682640054, 0.0186680675208703, 0.020359854161979184, 0.018169731357594664, 0.016350913602647302, 0.016155359172604442, 0.01553721879887632, 0.016777909055288826, 0.024453705527575618, 0.014821706962935862, 0.015430716555492503, 0.015388653429152578, 0.01833267704873183, 0.01762751648922596, 0.02005380585598069]"
7,9,Interaction,Causal Forest,1.3207258788473224,1.7438267839011663,"[0.022666866236861007, 0.0381644694540736, 0.040117128243211425, 0.046936280784774735, 0.04355108479553237, 0.03416833006895463, 0.0700420199683779, 0.036609405944953675, 0.0327544112766644, 0.030746438783930508, 0.03844208292825886, 0.03183832122537309, 0.023167932554008286, 0.03153648867164427, 0.02419998142602751, 0.021588773830825872, 0.0203882769682933, 0.01951480423387764, 0.03034346369032589, 0.020071101988108832, 0.02318278683287115, 0.02396476576418383, 0.024605059773281247, 0.025197591505546714, 0.020597245329720897, 0.021507939099291835, 0.019458552673190077, 0.020385705292274466, 0.024645337984656162, 0.03070894111030606, 0.022465923684771825, 0.020593675035103922, 0.02329786800878039, 0.018502656539494695, 0.02403828829244898]"
7,9,LSS confounding,Causal Forest,1.4964220717310888,2.2050292170518015,"[0.03159704643869327, 0.04001125062491118, 0.03462263298690527, 0.041739964944809665, 0.0865742169289557, 0.05779424668658664, 0.06301357919309684, 0.027748689502877864, 0.02088423016914683, 0.02049125001289713, 0.01828955355909215, 0.02304838432067936, 0.020366565823991486, 0.027631692332910057, 0.02105041365258932, 0.022139121852050987, 0.020975471093179883, 0.01954127736550348, 0.029583463627849107, 0.022756807958296155, 0.02340671337872963, 0.027222345093547415, 0.01902616946035675, 0.025751818122591783, 0.027822030792779843, 0.015841561593533185, 0.021323360100831856, 0.02771629107473749, 0.028382019913320188, 0.024251857667957625, 0.019803303571780423, 0.02186156604662107, 0.025031228476053824, 0.021471622943148368, 0.0212282526889881]"
7,9,Linear,Causal Forest,0.43474286069419227,0.6200323108749276,"[0.07783919695763315, 0.025613070025762012, 0.0368160405950678, 0.02402313332410375, 0.03252889112739768, 0.04350210797077896, 0.06467355188062003, 0.044578613192377735, 0.03259739813992168, 0.03905819525187075, 0.030461113023825138, 0.05298181494959168, 0.027353578605519756, 0.03409099586639322, 0.02137644792863265, 0.018655534164208246, 0.01682691713213757, 0.019291296423754076, 0.02048380409999667, 0.021097144896754134, 0.02414509991507631, 0.02230082193910527, 0.01695213626646283, 0.022761743593830965, 0.017732937866984468, 0.019265339794152736, 0.023405862394482144, 0.019936321253443103, 0.023041493637608674, 0.019111760642214027, 0.02367660974112286, 0.0216715744477801, 0.019773112025776456, 0.020779432933875925, 0.021596907991737264]"
7,9,Mixed,Causal Forest,1.5688626509958468,1.7219133312571622,"[0.013897706361951569, 0.017209343914162064, 0.021207634218368607, 0.015954540413635414, 0.02341607269278913, 0.01946018306642791, 0.01613627436858521, 0.01527634686362256, 0.01586298383359436, 0.01835717467232293, 0.013641163283741273, 0.019392143038817828, 0.020554388096445247, 0.016743061610157303, 0.052322269892826075, 0.046712068634385734, 0.11068724075314523, 0.07641319554307444, 0.06501126249611815, 0.05679671329446386, 0.07862060432295404, 0.022299892213810416, 0.021636616693396265, 0.018779263559486278, 0.03502144474524696, 0.015805364647336666, 0.013606878646109273, 0.016208301853687303, 0.020812367015640314, 0.015263463707518568, 0.017146841726349966, 0.016854790080060793, 0.017227977141508883, 0.016648503857504184, 0.019015922740755274]"
7,17,Interaction,Causal Forest,1.3329414136426652,1.7524877586820125,"[0.05098368577341067, 0.026911585599298845, 0.02732599784504611, 0.04323137099806723, 0.033398593031725994, 0.065190923109071, 0.027562967558878045, 0.03263519755285545, 0.04014504613432577, 0.027763260860086635, 0.050776543832585584, 0.024892030714816684, 0.039085457921718046, 0.03087674390479724, 0.01954259931907818, 0.02050363520926765, 0.021328895626241143, 0.026125762684542267, 0.025011902525545235, 0.02096501872635967, 0.02823596763989611, 0.025981282925688846, 0.025898698974634322, 0.018326626247902884, 0.028642636302851444, 0.02192606242810093, 0.02230912917820052, 0.020415683886735394, 0.02275115544363517, 0.027210998698590935, 0.021206109349482263, 0.022651523562153168, 0.021989925098356972, 0.019143117526464765, 0.01905386380958883]"
7,17,LSS confounding,Causal Forest,1.3389578806292304,2.1153629142951385,"[0.08386501424957192, 0.06112562763707654, 0.02951763433671796, 0.044129604373234856, 0.09096488302279997, 0.02855709894212299, 0.05447229895844545, 0.023029725953184903, 0.021635957655235356, 0.020291416945961493, 0.029552362272855553, 0.019202838250820007, 0.02200728550501739, 0.02395151723209821, 0.020072112639997676, 0.02617248482544965, 0.0250395970900816, 0.0214546652152661, 0.01927712570239112, 0.0221077994978158, 0.02248490022460259, 0.017742172568404276, 0.02242022452024695, 0.02342344609789479, 0.019611971295171882, 0.021741612247319905, 0.01987605500250922, 0.023382687968030422, 0.021920339520438106, 0.018762762837610667, 0.02217303924799517, 0.018301450701234595, 0.021250016697110453, 0.022681909479094264, 0.017800361286192296]"
7,17,Linear,Causal Forest,0.42415354291545787,0.5931539429156364,"[0.024742310300658214, 0.0459021846359178, 0.05125627227715409, 0.04704123690459644, 0.061331337106630995, 0.03953680835310939, 0.04712390170410486, 0.039255538687722795, 0.04173542351912984, 0.04123502512993817, 0.026004859649821976, 0.02671446944618658, 0.026661515229179165, 0.04564396369533125, 0.019197586538261334, 0.018598689845142985, 0.020345066486835796, 0.02373438252189636, 0.024008055556352815, 0.01864580953002718, 0.022517424427017492, 0.019205514096624233, 0.01987656053415292, 0.025827420237306487, 0.02179754273463303, 0.020487638060050037, 0.018753618867543696, 0.01777629043422603, 0.017933867881474674, 0.0212877197613138, 0.021032206331289625, 0.02307582580484548, 0.02162976061814013, 0.022438659623310247, 0.017645513470074085]"
7,17,Mixed,Causal Forest,1.53885387240939,1.6797630032940922,"[0.02010397713519953, 0.017782586065596736, 0.017528418927610843, 0.016359317599283517, 0.014434431194918091, 0.018731159169414712, 0.0189369152603774, 0.019785046751117502, 0.01798930486783898, 0.014954367552686317, 0.018912206515794082, 0.017712311073568833, 0.019152898690935484, 0.01800901347415193, 0.04094840735893729, 0.05634553791156132, 0.06482253711633984, 0.0936747011286351, 0.05538020485006629, 0.13759729837582296, 0.05049423432861919, 0.021379901198781893, 0.020573328282126515, 0.014561897075375179, 0.0157193172214413, 0.01747746147755913, 0.01733244355865412, 0.014724823781596398, 0.022977285611423922, 0.01701151957605213, 0.017586488011434847, 0.01556313431138584, 0.01961092466226767, 0.01630160302658141, 0.019524996856843592]"
7,11,Interaction,Causal Forest,1.2651019582839274,1.7438598960209,"[0.04223889329031318, 0.04570155019498591, 0.035178679191286, 0.031175200439861314, 0.02895751756696787, 0.02723942524286295, 0.0573553626877192, 0.0376837482874037, 0.0453358408025657, 0.028367169960817614, 0.028161315572267833, 0.040916330436978905, 0.034896949000812416, 0.04964623526860119, 0.022387470468669117, 0.021564999329710566, 0.019603934706651126, 0.017954854863570072, 0.022450657294850587, 0.02285886967224127, 0.02239388743497753, 0.020171945774544994, 0.023694000473274704, 0.021591810264109283, 0.022551744692008106, 0.020454377982874875, 0.021770272717949454, 0.02206491928510783, 0.022365681943151156, 0.027571004520366756, 0.019325249145248337, 0.023425180889068878, 0.02708557452992398, 0.022692893778830263, 0.02316645228942745]"
7,11,LSS confounding,Causal Forest,1.3869085394879885,2.2075161372428638,"[0.042921965886434404, 0.04902610672792527, 0.06472959892435873, 0.0793754933600652, 0.03404145420479289, 0.06530015245098787, 0.051772506523598896, 0.021522662888118018, 0.0165049245379681, 0.02036145482376938, 0.018142846593608583, 0.020517258933531842, 0.02116708157069476, 0.019207924117763255, 0.018685701038021186, 0.019896339633276104, 0.027477625820943482, 0.021919260698625907, 0.023146628203607317, 0.0208034805762136, 0.027273246861615603, 0.024938319140069245, 0.022177678306967923, 0.02093645202231513, 0.02156635160607819, 0.02800157875511941, 0.020983780624610607, 0.019742510630704427, 0.022449921351279222, 0.024709456696877227, 0.018299612861491173, 0.0221343916305093, 0.020521340196920815, 0.026667198577239978, 0.023077693223896932]"
7,11,Linear,Causal Forest,0.443259257967928,0.598898834793238,"[0.04561940444566729, 0.02996100058788719, 0.05003398691801614, 0.08682073010467978, 0.026551465220635725, 0.031384533152377075, 0.05125253879438918, 0.04732539884919316, 0.028245969214099866, 0.03725476392320644, 0.0458540535987255, 0.029441151387912402, 0.028025819167584936, 0.02945661858686259, 0.015660564917558295, 0.02216303190625811, 0.022445072139928284, 0.01942450325192113, 0.02682678623032039, 0.019534331681701832, 0.017663899953351526, 0.019080089209950996, 0.025298250022127423, 0.02007992598010822, 0.01885388247902169, 0.021493990859269226, 0.022265517418161726, 0.019672444658786575, 0.01812531764227153, 0.019419731612334002, 0.018022743453751933, 0.020003855826006743, 0.021430694043498223, 0.01956134711811831, 0.02574658564431656]"
7,11,Mixed,Causal Forest,1.513946830339241,1.666136118856016,"[0.02529535368122217, 0.015943941950669113, 0.01792317359442993, 0.01891263146834579, 0.016783957288692336, 0.025294685041673225, 0.020099025445574594, 0.022401760396470526, 0.016407699524403317, 0.019964735085346057, 0.014245205135142493, 0.018137688678564027, 0.01990790256137845, 0.020345829369229435, 0.07526783881887884, 0.06357704115704522, 0.08418836635317634, 0.09919611115083306, 0.05573165901952838, 0.03568586365246741, 0.06539673125242082, 0.01694821361539802, 0.015641784685386618, 0.015227815154431628, 0.017055363919695855, 0.019163456341263114, 0.021828391414503222, 0.017123876202660142, 0.015980377882453944, 0.01998300018003585, 0.020681837819085953, 0.018608005159145843, 0.019019202210794676, 0.016957569806883514, 0.01507390498277016]"
7,18,Interaction,Causal Forest,1.217805912608139,1.7455966611369853,"[0.03506225158497333, 0.031175579774009823, 0.025897818811793063, 0.03071237340004188, 0.05904256662657065, 0.050940878074737884, 0.04158411729580644, 0.03612096031034275, 0.027642683830622877, 0.03612180071078585, 0.042443119863264114, 0.04255905144116636, 0.048550824424084274, 0.04844196153308005, 0.02865039622628878, 0.024890886252600164, 0.020005512676772492, 0.024462072287538373, 0.02123648769341737, 0.022441176264634242, 0.01862169581535353, 0.020754588554785708, 0.02321127333525522, 0.017709732671024544, 0.018962797105339813, 0.0212132084005618, 0.018973957918989374, 0.018005864434656592, 0.019821119927091818, 0.022087764397417508, 0.018857015391991822, 0.020915928124085756, 0.024646999817388986, 0.01946665832926159, 0.01876887669426525]"
7,18,LSS confounding,Causal Forest,1.3458382333456382,2.1580074286076623,"[0.04708890247355811, 0.044286439587127684, 0.08424125012871057, 0.04199421232303992, 0.03645581566897471, 0.03443619238324536, 0.08670500164911367, 0.024812317582671835, 0.026937233520133445, 0.017954590350469445, 0.016376726592346413, 0.023701212068165525, 0.021297391276680882, 0.02611273724662613, 0.023709201862772932, 0.022348845194877003, 0.023311860205851617, 0.02008169546500238, 0.02286379325207711, 0.02376367805043917, 0.02714961808369304, 0.019753415683761877, 0.021832509096445952, 0.024271022924520096, 0.02759927404736137, 0.021132409453270544, 0.02265861978782035, 0.01842652978253981, 0.023007906871992573, 0.022397970591069755, 0.02243691176074937, 0.020556730506006177, 0.02081452113837763, 0.019591153414942615, 0.019892309975564768]"
7,18,Linear,Causal Forest,0.41788756160803286,0.6143583726880371,"[0.031775509869938504, 0.025121944581182727, 0.06483624991353323, 0.032233135785032264, 0.04501994435289651, 0.03390908895948216, 0.025333625023767202, 0.04021837463307623, 0.021593101405408422, 0.03517259906299532, 0.03705005609425218, 0.04850612118271098, 0.043984383236327786, 0.04272853613441297, 0.024433681164375762, 0.019591657337295457, 0.02291366882246551, 0.01759869982096314, 0.023423419206802756, 0.023690279831714667, 0.026409149301437562, 0.030213212060919266, 0.022504104607493615, 0.016344752684766733, 0.019556162213998425, 0.020746256728760827, 0.022066678787097296, 0.019719149639245245, 0.02140487214412192, 0.022253522765037576, 0.025118891383677136, 0.02094116157702131, 0.021778063769149286, 0.02115464335858965, 0.030655302560050335]"
7,18,Mixed,Causal Forest,1.5637927520008899,1.7148555694431469,"[0.01728518730638895, 0.016964241728250087, 0.020888695559560185, 0.025015594701651364, 0.017670712180798024, 0.016282717146584795, 0.019260807082637457, 0.015877971924525332, 0.020329770395020944, 0.019281173509336533, 0.016492488107487602, 0.01578633383987628, 0.01626171924582321, 0.01942572765187573, 0.054659706062941196, 0.07618842664289954, 0.05016196127148863, 0.07941044210303726, 0.10380561382682287, 0.06461415806638497, 0.05046400839179314, 0.019238783218332906, 0.018822506753610625, 0.018094077092962367, 0.018518279604986823, 0.01977006276011114, 0.017263335572856475, 0.01945412419449676, 0.02388385422952068, 0.01711540495594513, 0.02216151517549038, 0.01944282015233007, 0.01984566117255005, 0.01564231831694793, 0.014619800054674524]"
7,19,Interaction,Causal Forest,1.3368707778883706,1.7507414645158303,"[0.027405877332305893, 0.03112572480577011, 0.059768274783119545, 0.03489458734161148, 0.04153450037371375, 0.029588848651711186, 0.02542449121421412, 0.027728389890128487, 0.03473250573468173, 0.03845543729223164, 0.03635753582790723, 0.04438339076311723, 0.05186037690390863, 0.035306653673750105, 0.025134029788018254, 0.01812300848737077, 0.019568926377209285, 0.02366541742452775, 0.023636758481170903, 0.02435483819603471, 0.023198957159356524, 0.021470944324885343, 0.023049362271130663, 0.021122103989120147, 0.02213812407710215, 0.018094421742341146, 0.02655466514807124, 0.020304504013512154, 0.021029174408692876, 0.026942819152619823, 0.024283073379023176, 0.021213819058179526, 0.029662027932499863, 0.022866224503435468, 0.025020205497527107]"
7,19,LSS confounding,Causal Forest,1.4563050567580171,2.1541833924513303,"[0.03401415244419223, 0.06925748078572712, 0.06788856078053461, 0.0391449384507981, 0.03612392049168358, 0.04955829962082358, 0.04582937468025139, 0.021292731346856945, 0.028414703694704727, 0.02417730935905898, 0.025692362972007884, 0.023476250580028273, 0.026613400408273237, 0.022339413683991508, 0.027145306734431437, 0.025792187531490807, 0.019661736058022794, 0.024918888121496167, 0.022866502404950535, 0.021069926285134644, 0.026217203207197268, 0.022922359136278735, 0.02430668662717768, 0.021996694662177674, 0.026474468672896732, 0.020156790938508876, 0.022917726021325233, 0.019302396261257994, 0.023302154551218993, 0.0187799896803298, 0.0285994544855276, 0.021390244833881553, 0.019832422256727898, 0.022656242306659337, 0.02586771992437598]"
7,19,Linear,Causal Forest,0.42867229729015116,0.6091410931330993,"[0.037983392210736704, 0.03751103915574907, 0.02585688589875344, 0.062228057378832816, 0.04735865216453759, 0.041960143663204504, 0.061876437087527394, 0.025158909448999994, 0.028655165449506404, 0.05228656521053745, 0.02782181403210566, 0.059604035825031126, 0.0307508374155865, 0.026990274947835804, 0.022942015204395195, 0.01560611024191364, 0.021993431945183942, 0.02362801676215506, 0.020847188409212257, 0.02157480760344058, 0.020531970727776617, 0.022969454046901608, 0.02283084904408864, 0.02116130643288507, 0.01770477425405218, 0.020203823548818355, 0.020109390881474672, 0.023031671761329375, 0.019213946670363292, 0.017825480193279574, 0.022778425453373167, 0.01997856026711448, 0.018809937623964143, 0.019981595970933887, 0.020235033068399914]"
7,19,Mixed,Causal Forest,1.5108688329959126,1.6682963218035551,"[0.020076057046095618, 0.01869357663488637, 0.01706848066641467, 0.018578592330408764, 0.01583281658106656, 0.017497860194984706, 0.022935353230675415, 0.018926854267578643, 0.017043587328613358, 0.017698846230378575, 0.01765930623782479, 0.017024990940039095, 0.017704346340765575, 0.020826120736659636, 0.10541128924620655, 0.05480319029233551, 0.048101735801434196, 0.05679935843681706, 0.05856609227122856, 0.04251703395788593, 0.12675981075132298, 0.015966773655167407, 0.019170368113689634, 0.018417829192434326, 0.02338382524369508, 0.017529043199451068, 0.01628311818774825, 0.014567731724349848, 0.02410306655263433, 0.014152071725186254, 0.015406409185863003, 0.014361042325054384, 0.020418135982238114, 0.014915612944378724, 0.02079967244448706]"
7,13,Interaction,Causal Forest,1.3369722869125977,1.7669203184574755,"[0.03078588764994838, 0.025968258088153267, 0.0349297345192455, 0.06040032416711063, 0.02672267394434904, 0.03286472596669843, 0.038551661107832, 0.040013177602659065, 0.03559907377214703, 0.08996521639585092, 0.039595220994081165, 0.026422832636013208, 0.032006064507018435, 0.0333019641267076, 0.021015164708304317, 0.02083624313929195, 0.018297696066348484, 0.021593654425299983, 0.019805603119117346, 0.01983086569927038, 0.028883904715248973, 0.01865478672684646, 0.02207022569262734, 0.022516009696124346, 0.018729289559203353, 0.02211839738114119, 0.02617632310489184, 0.020213598036701468, 0.01979739556641117, 0.02192885391259958, 0.022814990860121013, 0.025465246873088473, 0.02271094387227622, 0.018142959837657145, 0.02127103152961434]"
7,13,LSS confounding,Causal Forest,1.4627265884019138,2.1746630821338515,"[0.04094246811885415, 0.05080406178232849, 0.04362924641293617, 0.042073345659045865, 0.05025389749505464, 0.061017020888091744, 0.05898222282139155, 0.029936035928918886, 0.026268272530963616, 0.024819490407316794, 0.020819795325626084, 0.022264074006553714, 0.01991466229629471, 0.022306465752447248, 0.025830632718900483, 0.02353704491405596, 0.01816796283981307, 0.020233311632657763, 0.01720098663411145, 0.024561887793694743, 0.024737917081393418, 0.026671748367701666, 0.029866385393722647, 0.023916812616263248, 0.02866027344038773, 0.019766550752540506, 0.02166044303909652, 0.021436184088535995, 0.025705966043084047, 0.022858260001769482, 0.022533922874340324, 0.023871336130467512, 0.02267854795470749, 0.018415217640176798, 0.02365754861675546]"
7,13,Linear,Causal Forest,0.41710180955103543,0.58823416722236,"[0.05185416302818334, 0.042257880356622035, 0.03007145128079734, 0.05413926844921965, 0.05584537351067263, 0.028884484124429188, 0.057440749950709746, 0.03224900719658711, 0.03858733419797747, 0.04712022923749489, 0.0312657491455091, 0.0514666314950267, 0.03024136877529036, 0.03629604210219911, 0.026310689420119552, 0.019803170991849403, 0.022179611908873624, 0.018774827726057847, 0.01702121177786551, 0.01975013636122229, 0.016497105429356805, 0.020190236999579773, 0.02043556681102577, 0.01973932840280229, 0.020547528157780902, 0.02312337165136982, 0.019036623950991847, 0.018250764928246014, 0.01845602246940829, 0.01769530939649534, 0.018445724185773556, 0.01922705545358508, 0.019619990677905225, 0.016394011725696322, 0.020781978723275887]"
7,13,Mixed,Causal Forest,1.535929563743973,1.7208806887370567,"[0.01648621232463974, 0.023017778427118035, 0.01829639988566145, 0.019264361069924695, 0.0184681895826486, 0.0160392987080721, 0.015793978397490832, 0.01771108132038878, 0.018516372222565053, 0.015894123222327097, 0.020546751649222615, 0.015294754781611191, 0.018698324267415828, 0.018252996999368023, 0.14146229291553705, 0.07974644395951881, 0.06484361389310633, 0.08431906892477407, 0.03727449655192362, 0.0456792367825813, 0.060901403480829154, 0.02309763235229193, 0.014993113223105576, 0.017852420784912785, 0.019615797908796813, 0.0178706079487017, 0.014666487822741048, 0.014596920786781334, 0.01942406211801386, 0.015474823014127073, 0.013617538433106917, 0.016468676640797444, 0.01580238989475693, 0.015169347487086848, 0.014843002218055576]"
7,16,Interaction,Causal Forest,1.3136642554816644,1.743821108149623,"[0.04156150030510011, 0.05644539845261431, 0.04735583674171983, 0.02612042397995151, 0.03400318445530845, 0.02955047459406669, 0.03954545274177335, 0.05518925891702178, 0.026343785874148228, 0.033982511910079345, 0.02584162595253086, 0.02739625507615278, 0.03339865317007855, 0.030915964407654414, 0.028981299402631992, 0.02617815562148167, 0.022665098481896937, 0.022816446649384377, 0.017769288658303947, 0.022980238331387622, 0.02236619193425809, 0.022464156404482093, 0.03263115620412423, 0.02101692841516547, 0.021297850810107634, 0.026163581515156683, 0.021390554753288847, 0.023602284290252858, 0.02703102961512498, 0.019588552149016326, 0.021978291099641847, 0.026405726727149238, 0.023967401852873715, 0.019731254242679238, 0.021324186263391994]"
7,16,LSS confounding,Causal Forest,1.2914412215884763,2.096197679894675,"[0.07745570065665254, 0.030945798790072896, 0.06911138683988527, 0.04439142839710665, 0.06618004607792975, 0.04120264959608232, 0.042460127719852477, 0.023816065611557486, 0.018329597638110706, 0.019510923608365507, 0.019745838385505605, 0.027877177089706034, 0.019143977234631328, 0.025264827702971067, 0.018980977988769455, 0.022114430416683793, 0.017519716781451113, 0.024207326433268, 0.021986690312587296, 0.020742227495581925, 0.021911560097590432, 0.026674340470556276, 0.028805741195500518, 0.020248855385301422, 0.023312270506765917, 0.020838799079445684, 0.02323361948362027, 0.023658540855742174, 0.023754494515334186, 0.020836159649381635, 0.024858938062399985, 0.022200847191180564, 0.025732242925093275, 0.02314277837072321, 0.019803897434593314]"
7,16,Linear,Causal Forest,0.4193246557424636,0.6247866857070742,"[0.045435661014646606, 0.03279844859623609, 0.028077376786050517, 0.03179360759313763, 0.045160639910648503, 0.04773104675138252, 0.03563120884778133, 0.038052349666703594, 0.024042964284172894, 0.04985770346936752, 0.04122084081251095, 0.040592364783379485, 0.04621376545502987, 0.037468679300325644, 0.02082709799211802, 0.024458922437468802, 0.022883676725317166, 0.024676250218399125, 0.019676138312584388, 0.020140976165756906, 0.019008121175467175, 0.021611017197104582, 0.02630263531136669, 0.01928636689009182, 0.018772850138175017, 0.01963228560962417, 0.022488076530202496, 0.020109880219252835, 0.020024945436850204, 0.019249979521687235, 0.028106295025992666, 0.024452531275152567, 0.020469718927387734, 0.01981531189032304, 0.023930265728304197]"
7,16,Mixed,Causal Forest,1.5457246632588206,1.6811220017749833,"[0.014700705481501573, 0.013812260339527017, 0.01880498791590538, 0.02943273088134318, 0.026530816171754804, 0.01887881666771928, 0.023460091288702602, 0.018833074193964475, 0.02297194438562232, 0.0146673244575798, 0.018445411483608773, 0.019438212913997534, 0.023451213504519577, 0.015166196599357161, 0.07198493032646881, 0.052018658136987576, 0.049821347473246645, 0.038942289282398825, 0.11275937921335323, 0.07947134905374036, 0.06748038795918371, 0.01750303125013472, 0.019466936737825943, 0.014885311833836363, 0.020681569416417033, 0.016397279433335226, 0.020148980511446948, 0.017316698396732826, 0.021870004545444216, 0.015686888816617946, 0.017080087935291085, 0.016350659963947384, 0.018013422008144712, 0.01568214388837001, 0.017844857531972905]"
8,2,Interaction,Causal Forest,1.528810644782536,1.9984805465748077,"[0.022945833910790886, 0.03035551582474062, 0.034521019550678746, 0.06339175490220031, 0.02444153607142225, 0.03841966521888222, 0.02296944065312407, 0.023967794236195737, 0.02780429275092819, 0.02856243540364454, 0.08236716785430319, 0.03120170036509635, 0.04140637747335784, 0.023644411509818584, 0.019743833370415968, 0.02552740806879096, 0.02376856294026644, 0.019276917193605803, 0.015702472897951583, 0.02079813337422707, 0.01671893135902102, 0.016729355777173157, 0.018156433320216825, 0.018424601069355225, 0.015149758138504651, 0.0194060362158048, 0.016609503595609098, 0.014034945708458266, 0.01770181347357652, 0.021159193611651562, 0.02440306152671737, 0.024789181787147185, 0.02676366417992626, 0.01926122393391255, 0.018932473357146172, 0.01929794983443319, 0.01805739269140809, 0.016701933382836934, 0.018120725640587376, 0.018765547826072447]"
8,2,LSS confounding,Causal Forest,1.584681008653403,2.361809645013597,"[0.030526307741668677, 0.04851125270661592, 0.04492618808522084, 0.04087719336722301, 0.03761818665930144, 0.04134196844836849, 0.05777799091236685, 0.038533280808661544, 0.019444998521573578, 0.016963916053983116, 0.020160337298959656, 0.022350222642297607, 0.018759468215052987, 0.01634012072513201, 0.022613241190831534, 0.027108290423907805, 0.020094582306708565, 0.01888749742829714, 0.025818169470665318, 0.024639243037862878, 0.020089101744965653, 0.02145716162032476, 0.022731154129170497, 0.02243437741198934, 0.028168956153617065, 0.01681039717697982, 0.01974417642963934, 0.02189793544214678, 0.019353566441403635, 0.020671269846880485, 0.023328253971504505, 0.018306040943551517, 0.022685648125314217, 0.018773369001172394, 0.018737174810677725, 0.018098185895897848, 0.016464497218291952, 0.016941136365562513, 0.0212956784477418, 0.01871946277846924]"
8,2,Linear,Causal Forest,0.5264050292933589,0.7047453554775145,"[0.05918835047601812, 0.026497621872430738, 0.0331874770424953, 0.02312166409870981, 0.027435487309400697, 0.06462186453388626, 0.030385082271166694, 0.049831300346226966, 0.03229524440411969, 0.031703005515763355, 0.03792074403335353, 0.021362667211290303, 0.02311630241626628, 0.02130371673558829, 0.032448595381496005, 0.03887095083012702, 0.021294902724877253, 0.018189772169921826, 0.021395281716398616, 0.015229772888141835, 0.017632889027541135, 0.01667946767779841, 0.019358389695261546, 0.02165252026344831, 0.0184819760060922, 0.013844018136032466, 0.016205514320521728, 0.01854167130638497, 0.015483666366508225, 0.019242809392656317, 0.018472711626559276, 0.018554364416972936, 0.022083525333782612, 0.020222229187859538, 0.015634024652694565, 0.01641373834767098, 0.017510395079318276, 0.026215806170364606, 0.0206944262598145, 0.01767605275503878]"
8,2,Mixed,Causal Forest,1.777747655875296,1.9805391367496876,"[0.017974371956618128, 0.020381163248721714, 0.0238229413113838, 0.02600282211056835, 0.014768155291698346, 0.018581682635257973, 0.027664066189720483, 0.017216598641137375, 0.013937697752990088, 0.013998289808065507, 0.01384568055283587, 0.01305150165664428, 0.02305453494879081, 0.01708598279372864, 0.013665327990978894, 0.01615256789015619, 0.05037365741329833, 0.06551243152353547, 0.029903135161480677, 0.04720201471143373, 0.12334670401627493, 0.036151794225695054, 0.04576359766214174, 0.05666946743186346, 0.013614428285451998, 0.014662472401671938, 0.0190311646234527, 0.015245291189908075, 0.013599196654765501, 0.013591383339445809, 0.01642606303766574, 0.013981831319064542, 0.016949021100684837, 0.013790880994447315, 0.01612823136466712, 0.017841464463324158, 0.015041491825574016, 0.01687500698849865, 0.02059776229241728, 0.016498123193940516]"
8,6,Interaction,Causal Forest,1.5797670186534254,2.004232090163211,"[0.02648266867367436, 0.03424091069826043, 0.03938568625195627, 0.026172202486753542, 0.03500219563935854, 0.04195530434014962, 0.01966927840005164, 0.036994686865235646, 0.05083857763834164, 0.02637637888538019, 0.026588401639213787, 0.02188231828127568, 0.02296704102926193, 0.023462491475917314, 0.04616321713584797, 0.03286214778437724, 0.01637823525984141, 0.017980003537012013, 0.017718663281877833, 0.021248843906348548, 0.021846702728135003, 0.02416927371027127, 0.020886637773543323, 0.016603046759702228, 0.019814088373745504, 0.021329204886899652, 0.02279312586744111, 0.017424897800122515, 0.020821563691524613, 0.016787956480809437, 0.024922655912850308, 0.017231472572081297, 0.018083030471809907, 0.01740633537861997, 0.02557010129232639, 0.0283740996078595, 0.015643930724679043, 0.023597233926002277, 0.020637977068870605, 0.021687411762570576]"
8,6,LSS confounding,Causal Forest,1.4701469151455437,2.287153529388734,"[0.06501640128200072, 0.027283171587998974, 0.03745632674768756, 0.08219519365818798, 0.034889289316576456, 0.03490337230156137, 0.06235125410358319, 0.02888004556084451, 0.02028863858627556, 0.019623846231253607, 0.014565643563655233, 0.02254335876088519, 0.01871073842245969, 0.022979887838466623, 0.01973967145455262, 0.02465755360273936, 0.016962138430902086, 0.01913428160701553, 0.0236559087159163, 0.019366980955606558, 0.019368515570645974, 0.021747564942826675, 0.021972576017873238, 0.01883068704522363, 0.023821598336386973, 0.018908885219853008, 0.020061003727980208, 0.019306580800345797, 0.017348140096028114, 0.01681286358605682, 0.01891200832135851, 0.021644372872541385, 0.019115774359020368, 0.017845984581933514, 0.022764937624270093, 0.015225114477038712, 0.016718882624137902, 0.01776758817577694, 0.01837092908258306, 0.01825228980994993]"
8,6,Linear,Causal Forest,0.5401746471649199,0.6854509214390808,"[0.07016098657830867, 0.034965564666359, 0.02193693029475179, 0.05524028863509515, 0.03638747423226885, 0.057863272490267736, 0.06305238336737658, 0.03771673979953043, 0.037718133490796044, 0.03538101822215276, 0.01913639004488918, 0.0188928900975546, 0.025950827429359925, 0.018038938278842242, 0.02917282994844109, 0.017773632213082907, 0.016101305914976292, 0.021249973710292934, 0.016400164881731953, 0.01824643995983143, 0.016637003392857536, 0.017015083197988418, 0.01633803499611443, 0.015002017646784991, 0.019419860783002132, 0.015729590332274942, 0.016444993787147377, 0.018903777144071664, 0.023056365744367237, 0.014126888481516199, 0.016731896866773063, 0.015718292858033445, 0.017020423228024984, 0.01548627395925974, 0.01873347558806682, 0.02290829455397826, 0.015634411662671866, 0.018562342545161058, 0.015228602701024926, 0.019916186274971413]"
8,6,Mixed,Causal Forest,1.8110107181311412,1.9667059429569205,"[0.0161495720789594, 0.020286560575533893, 0.015265266058930053, 0.014173011149673332, 0.014752855261594634, 0.017036502548857583, 0.024115459356731962, 0.015802448225578147, 0.017692690438000848, 0.019712076849282847, 0.01947364702013646, 0.016336137833566366, 0.01769727848759423, 0.016214046148767806, 0.017806193798403622, 0.016635653866279358, 0.05921649357343568, 0.03425747698320984, 0.0644347072606341, 0.06299123565186743, 0.05080175001254825, 0.08051222944578522, 0.07722359117170174, 0.05011066594972449, 0.014524612470154286, 0.01574152466737373, 0.016195839377977847, 0.019602497192995602, 0.01454547010366496, 0.013367305956988502, 0.013692217516615375, 0.013660071077990896, 0.013173732520329917, 0.014124085119951732, 0.016184156427719268, 0.015956938129032646, 0.015735411525238205, 0.015146206351359154, 0.014396449339580229, 0.015255932476230425]"
8,1,Interaction,Causal Forest,1.5278009473256726,1.998540112979115,"[0.029784834046704255, 0.040151484150609776, 0.03532057837330152, 0.04954526888584466, 0.026512171749954384, 0.020349353240073635, 0.033305166971740054, 0.04746852203243787, 0.033020492673284184, 0.0347189187436909, 0.028876274500792623, 0.02311630275570872, 0.02184730845937647, 0.028714274120866454, 0.02324771686751737, 0.038420277435679384, 0.02039060457453909, 0.018702964383023844, 0.022597478356756958, 0.020412660793520807, 0.02033246219069278, 0.019720336263172596, 0.02349006547118415, 0.017916006936720654, 0.022687280657146407, 0.022744135346024152, 0.01727238698660954, 0.020959803623647827, 0.02729661951193404, 0.01639442941614109, 0.015689855927737306, 0.02067265956420441, 0.019164107323502825, 0.01950238659513148, 0.015447449278247528, 0.021774969155602487, 0.02240859882092408, 0.01940328335000224, 0.016602627337437267, 0.024017883128514196]"
8,1,LSS confounding,Causal Forest,1.7306355659816124,2.4775729966866176,"[0.029540852956240107, 0.036070360982792316, 0.09607061098076589, 0.03882910657924399, 0.042817838019401644, 0.03344272657057724, 0.04960954015216134, 0.026160505769038705, 0.018755137176594137, 0.017510853362382613, 0.01784920888013174, 0.025947420930509137, 0.020895170908203194, 0.019001817332401756, 0.02085694101237165, 0.026534534551432492, 0.01886424393007558, 0.022976533905780288, 0.023945646499313553, 0.020071056625450265, 0.01901498058127575, 0.017744226324965865, 0.021919988093422733, 0.017197992792956054, 0.01924049813423059, 0.019590601289718252, 0.018115811360226882, 0.020653390098296073, 0.02383479180545353, 0.019574397704155845, 0.02226340186770605, 0.017600450986950497, 0.021114648067654698, 0.020318115690794867, 0.0249718079831632, 0.0205690637926819, 0.013974615134628592, 0.016867193773153176, 0.018423891047189597, 0.021260026346508275]"
8,1,Linear,Causal Forest,0.5272673472137329,0.7034284507159361,"[0.025313168524383433, 0.03254119988354489, 0.06230902376001372, 0.04653610276952149, 0.034256273572741094, 0.026805473928475942, 0.051046294373143716, 0.039674443562371466, 0.05387067421309052, 0.025339082046381415, 0.022676382974702917, 0.022000778381867127, 0.02443413476008429, 0.03291162454947247, 0.024274549518474214, 0.03384286186955525, 0.018919604507256826, 0.02014871685496824, 0.019666251879379697, 0.01810044680907305, 0.01557112424060357, 0.017815262000591886, 0.03095047207669331, 0.015154210894824847, 0.01634057722130134, 0.01592696079071112, 0.0157024300488468, 0.016336198527311448, 0.015845767985065918, 0.01943568275843498, 0.016046594211062404, 0.018699658999070303, 0.017855127118157194, 0.020847928672310122, 0.025245679728687746, 0.01680952658568887, 0.016367748600137306, 0.01530950373138964, 0.017847060308431823, 0.021225396762177627]"
8,1,Mixed,Causal Forest,1.8058122868069948,1.9622085360814332,"[0.019391308747178895, 0.01549175805051529, 0.016907080193237504, 0.013215907239941992, 0.01665461802129712, 0.019785391613752805, 0.01645358092206687, 0.0148319714246314, 0.019602822195638955, 0.016575516097923862, 0.01626369075890188, 0.01521894845372953, 0.016873535070497013, 0.014580158612715548, 0.025682827589271408, 0.014214435744833435, 0.054327538668284395, 0.04642230796148593, 0.03417458100106473, 0.06230789079273654, 0.052804840060983654, 0.08717261259813264, 0.04431119510326564, 0.09456046153070813, 0.018157206269745815, 0.016320971714221276, 0.017693990429526275, 0.016898591466920066, 0.017905835571472916, 0.014276201778165831, 0.019654607013966544, 0.015141068657706093, 0.01427341882433972, 0.014235387376244047, 0.01228378070447955, 0.013848946124032457, 0.015932990952864476, 0.011794174738401237, 0.01632575701983331, 0.017432092905285187]"
8,19,Interaction,Causal Forest,1.5654204190939487,2.0115449691933955,"[0.026096322776731667, 0.03234117326780229, 0.03010081422473558, 0.04263788306907843, 0.026846244559498644, 0.0389278899614884, 0.0363315559679383, 0.03428294331667199, 0.042777535985482104, 0.03050562756742533, 0.020132258803160174, 0.01983979424455262, 0.041768773594183024, 0.026792212993899684, 0.021468666348355588, 0.024107827118032065, 0.021780043676334637, 0.016698823318601598, 0.02831985596075306, 0.017619181664900948, 0.01693303664988896, 0.0176092701920187, 0.022319480811584465, 0.01522554202124386, 0.020317804409786196, 0.02439196198107302, 0.01784979821533342, 0.019293031942576852, 0.01619088863460665, 0.025150934697298594, 0.023476004308325523, 0.02478783662919329, 0.01756711582955152, 0.023060803820288866, 0.02254214429886197, 0.019935547655001846, 0.023184572418547503, 0.02239872765981524, 0.02189761071654619, 0.026492458688831245]"
8,19,LSS confounding,Causal Forest,1.6138479896461262,2.4330392592297443,"[0.06621791990019849, 0.025842108725131912, 0.07489568921676605, 0.02985822203577065, 0.03311460450314313, 0.073655097750356, 0.03277835773354231, 0.026826267032621486, 0.019048155780276216, 0.01914034034677088, 0.02514570654724487, 0.01751355921307173, 0.01701864661128035, 0.016955480713962034, 0.021730875899585774, 0.0179154734315693, 0.024685949014701888, 0.01910320047574503, 0.020430154113763123, 0.019616834569824004, 0.022494499065126586, 0.023340267169735977, 0.02233977285638642, 0.016462487334293764, 0.022539346367391966, 0.019271246597382292, 0.019095321354586622, 0.018034114367628563, 0.017923998131505726, 0.018288958911221054, 0.02152411462807716, 0.01903386570483734, 0.018322404923415785, 0.019895794611194357, 0.01875864041420741, 0.023465007601529347, 0.023648576765506482, 0.0167187313827172, 0.017219658891764786, 0.020130549306165944]"
8,19,Linear,Causal Forest,0.5396282815483878,0.7114841388124328,"[0.04251323675965696, 0.03045676132846491, 0.032264489699747476, 0.0568393025847323, 0.05980892400940085, 0.044264630106296145, 0.03507156528535413, 0.03413133342568098, 0.022397356218340554, 0.025050428164699948, 0.021505166735674364, 0.021892083228510904, 0.025917100166607924, 0.03656775527182967, 0.027185162578875596, 0.03643815347967284, 0.027031312294439305, 0.018902412319011755, 0.015394765763069704, 0.015052263868624925, 0.016716470128501696, 0.01705778239506971, 0.021545713866988142, 0.021581771688716396, 0.019465480382584607, 0.017654235925887024, 0.018327467249694814, 0.021375045290308887, 0.01660901610806988, 0.017480509870758932, 0.018348808381659573, 0.016461296591623643, 0.01872521308735485, 0.019655257816644147, 0.01684454600452377, 0.01634474534439661, 0.015497671212082993, 0.02056773000154792, 0.01818667255817979, 0.022870362806715453]"
8,19,Mixed,Causal Forest,1.7680282181843703,1.9815844132347882,"[0.018609297920918266, 0.016033056718189997, 0.021211771901815033, 0.021164538340041093, 0.01747388699663322, 0.017315151534839607, 0.019933960062665245, 0.016907758198762335, 0.01528134196828712, 0.013260572003905593, 0.013602660253372659, 0.01749306089531112, 0.015461258337405547, 0.014914373122136946, 0.015336303629921581, 0.017624625355804092, 0.056197334209077354, 0.09408228505868747, 0.03500187996821503, 0.031093399053203234, 0.06925780985763418, 0.023057777859291563, 0.08320770215686171, 0.08065442369973255, 0.01840069484229609, 0.014782510271453091, 0.017780496740328996, 0.014568713581169403, 0.012748988641603863, 0.017270755807691794, 0.0161996124348306, 0.010901893803009403, 0.01645330406179018, 0.011621256215952128, 0.014923754752889358, 0.020510878136687585, 0.019406663629740563, 0.014271839983238055, 0.01592468168169574, 0.020057726312910616]"
8,12,Interaction,Causal Forest,1.5259788106362187,1.9985867369290513,"[0.03792176642171929, 0.058947035473059586, 0.025484303641575994, 0.02017565864570719, 0.04394235461540671, 0.020154345137372808, 0.02385172300490034, 0.030756751349233964, 0.017274246772462462, 0.032463724622006127, 0.03047264371164945, 0.02756306748204916, 0.035903093834327555, 0.02370126864174252, 0.035018307816689076, 0.039243489116869736, 0.018604337475569114, 0.018523661397348797, 0.019722115408407535, 0.019737335254889705, 0.019502733022460476, 0.020010622531734374, 0.01918023959109569, 0.018139456842277746, 0.021501706539736726, 0.02002860639695375, 0.01981158192550154, 0.01746360038013415, 0.01931235968808331, 0.02719546262661313, 0.022466410319484344, 0.024920785546570064, 0.0183231735925858, 0.024867536397734816, 0.02092568749622256, 0.020322465149543785, 0.02284426059468335, 0.0283917406914571, 0.018081932246083895, 0.017248408598056313]"
8,12,LSS confounding,Causal Forest,1.4884134419268407,2.181841658768468,"[0.03338973714525854, 0.04682581527492593, 0.03927823039374802, 0.0687469586779666, 0.059435020311379455, 0.02796515737489916, 0.027301755862270162, 0.028347129318991224, 0.02145321465079328, 0.020194345817194884, 0.022600199625441034, 0.023739569312426843, 0.02010609436404333, 0.025679612447012782, 0.019743302991982393, 0.04135768805588229, 0.01702993988273588, 0.01822802382908121, 0.02150444176031491, 0.017359385459822796, 0.019621665702305995, 0.021049242672390528, 0.016461853194442932, 0.01613836833291402, 0.017361382149521046, 0.020109188397298403, 0.0178651801566048, 0.023491510839273304, 0.020293517715709482, 0.017046578239227752, 0.01896327618419426, 0.021254187808676397, 0.01891924513727407, 0.03213939680869298, 0.02025977640701096, 0.019751813907156843, 0.01810079158549534, 0.020344513323944304, 0.02018909868508075, 0.02035379019661506]"
8,12,Linear,Causal Forest,0.5478172538537476,0.6729915778394605,"[0.027150474968297287, 0.04464951096685879, 0.06921314397458363, 0.0447932879302511, 0.06697582527092054, 0.047739595231950156, 0.04714945687797198, 0.0236396393083674, 0.018367016630366276, 0.020874108427190993, 0.02264816123543724, 0.03318105340290403, 0.04451036944184514, 0.021034123267219, 0.02529266418919331, 0.02321444327133915, 0.017426476014041847, 0.017252611841474818, 0.015833812757981226, 0.017384856030659257, 0.014174016623618748, 0.018619857445827562, 0.01705239299835316, 0.02043754822199344, 0.018229433423507177, 0.015090884176786763, 0.015885195980203205, 0.015652952426337855, 0.017465533605250595, 0.018336503580558605, 0.01666725770019735, 0.01770946605868498, 0.020933337680290806, 0.018672404026374233, 0.01713394933019485, 0.014965070923631196, 0.019946809326908038, 0.018575542043396592, 0.018906068340201927, 0.01721514504882982]"
8,12,Mixed,Causal Forest,1.7977822007864157,1.9336916603147731,"[0.020243674241680144, 0.0166268302685127, 0.01768272275720409, 0.017421593924481803, 0.017374464733149565, 0.015988839725304804, 0.013266923914758384, 0.016857938919499743, 0.024165675145633395, 0.0165359627190304, 0.019279483753427213, 0.016187836144135655, 0.014972723189216233, 0.014816063283389254, 0.012714923531122507, 0.015757975149990014, 0.09303523832508503, 0.037848099241263505, 0.08386566974803404, 0.05051281490685205, 0.02733365489483971, 0.036598006587924996, 0.08779702185989599, 0.05920606761973665, 0.01547049080554954, 0.012891375744435225, 0.014179556856856708, 0.016508168685736298, 0.01719782431399925, 0.012283823784680029, 0.014505150224178857, 0.013904346007689002, 0.01576284742785454, 0.019243733128977557, 0.015108396202225422, 0.014497642354908628, 0.014475197578462962, 0.01815797074354317, 0.021330717313458813, 0.01839255424327613]"
8,5,Interaction,Causal Forest,1.5859847020579316,1.999079096357183,"[0.029754928498629582, 0.016445706111339827, 0.037793361028150334, 0.04233853243877564, 0.03238766940721463, 0.02935119887646387, 0.03762642165864541, 0.016727437408799728, 0.03095820459287951, 0.04543419383452671, 0.02220159081383696, 0.0321087041895959, 0.023945022487908994, 0.034739813408691395, 0.02635851397312547, 0.03268658776527153, 0.01784965708563687, 0.028823603197697258, 0.019272001058798272, 0.01912820415955429, 0.019441651238348786, 0.02226380289357531, 0.021614729422104576, 0.0277835609637421, 0.02398872663736644, 0.023072704403360587, 0.01998491810546124, 0.027091027375634166, 0.020817484287145763, 0.025095686480133935, 0.021344006596781488, 0.015993815224380654, 0.015541087666189675, 0.018488177491048707, 0.023096621519311876, 0.022468787780676194, 0.016270686438424678, 0.019311631159167782, 0.021802904453539815, 0.018596637868064047]"
8,5,LSS confounding,Causal Forest,1.56539753835967,2.3651353481952815,"[0.0501120223018437, 0.029852082377764905, 0.029211881472228276, 0.03671848321922564, 0.06382434801965636, 0.05492028099914525, 0.0335069439450036, 0.0407539586668776, 0.02198896788912115, 0.017888986030033492, 0.024900078427695874, 0.02102637007867979, 0.023236233133803328, 0.021489687886361596, 0.023942980528694594, 0.02341408001570328, 0.024193731080761328, 0.0213536858756263, 0.020654242286973816, 0.0199646465051552, 0.02312058584942307, 0.0205200954730059, 0.02099887343856517, 0.015657632351208452, 0.021180414442690712, 0.021194619112316505, 0.02012572529065764, 0.021320150820999553, 0.02091312971343083, 0.02384966808734369, 0.018047430743211655, 0.015149516069808112, 0.01964434832441015, 0.01949906865635508, 0.017705626166780286, 0.02052586433739145, 0.019689010390455775, 0.020572764751299686, 0.01868310198938984, 0.01864868325090138]"
8,5,Linear,Causal Forest,0.5218367795476118,0.7246237298300776,"[0.03292176309250422, 0.025069816754072338, 0.049666078329130774, 0.025523383038779754, 0.039284883530236805, 0.030975957696985072, 0.06568166994215802, 0.03128278697046854, 0.025434096877430024, 0.029672820044751316, 0.03252237609532109, 0.039681593128711196, 0.025007500473862264, 0.020085544517279154, 0.045068849827759196, 0.033376842727646135, 0.021187291615282728, 0.01512555841820514, 0.01788122547704743, 0.01877313368578353, 0.025541020825324546, 0.0197111034872324, 0.01895313444086034, 0.016656911636912523, 0.01577927136297588, 0.019313533635553916, 0.022071592949736284, 0.015487875665068167, 0.017647999263600212, 0.01762449182671909, 0.021121263213574142, 0.018794729788752868, 0.0190408357819507, 0.0227148435539467, 0.015789439204376997, 0.02030254398776871, 0.018257680011019125, 0.015494828642975411, 0.019339609422625883, 0.016134119055611462]"
8,5,Mixed,Causal Forest,1.782669227684296,1.948040795524405,"[0.017446415544395178, 0.025620508370088457, 0.016040081676883654, 0.01959450210602593, 0.01569365081295894, 0.019000418823440918, 0.015432821113952137, 0.017108794348371682, 0.016740584856447863, 0.015188454244370524, 0.013647370215008146, 0.02033262030101017, 0.018712517260738512, 0.01795087280110311, 0.012524100620636868, 0.012359132306915165, 0.03740293968363064, 0.05753005358396721, 0.03158219287297071, 0.060364293587365475, 0.051263045224234326, 0.056570662852176795, 0.13560875855829255, 0.04643138130205873, 0.014651730781983553, 0.014871912339147995, 0.014136909411550486, 0.015729554777784552, 0.015943919451600078, 0.016111913667290804, 0.014099039228728898, 0.01637590773653027, 0.017887162385222335, 0.016935865552451034, 0.015102182470586412, 0.012953114689864001, 0.013441255777396778, 0.02261281201951612, 0.014951505192402115, 0.014049041450900865]"
8,7,Interaction,Causal Forest,1.5246589929728367,1.998480235169674,"[0.05698314724547829, 0.032447902695141445, 0.02849378480025837, 0.030176993011653882, 0.021430804314037735, 0.02643780193763644, 0.05519955220582918, 0.02443812752979453, 0.045744420962788496, 0.03992838398036816, 0.0303133184247592, 0.026398980331132117, 0.019678518274988913, 0.024807368597635594, 0.03675547756243033, 0.02678797203255076, 0.020447689435951565, 0.01795743433606569, 0.016421376805056925, 0.018197728480383042, 0.020232189297003447, 0.017604507725786454, 0.020716443433449788, 0.01747158055700846, 0.02317679421441112, 0.018294190428744327, 0.028789043219971045, 0.016873876455479355, 0.019045369784037793, 0.020048673819348842, 0.01770924126993811, 0.02111600820108674, 0.015908100164857237, 0.0173212425857403, 0.019482694798319062, 0.02075621173976152, 0.017890080970706677, 0.01906534186378101, 0.02505164125096622, 0.024399985255661817]"
8,7,LSS confounding,Causal Forest,1.5825114612256386,2.337017709874388,"[0.04032606809596425, 0.028082844219900066, 0.032441620441372734, 0.046630131324148755, 0.029171210711979634, 0.04075119991136181, 0.06582069779411466, 0.04997202951824864, 0.024382845947453265, 0.023376363577137127, 0.01824525693355431, 0.02050819433771616, 0.02028433324579204, 0.017815231117544524, 0.02509771297991049, 0.018594668443694548, 0.020901834968012102, 0.02338915506662162, 0.023222303364313607, 0.018481350144207237, 0.019790296896279588, 0.0251059100894664, 0.0248275676256967, 0.02140963673610598, 0.022500393444246383, 0.02464987542646124, 0.019660702497482446, 0.020702070784432487, 0.019380906023752812, 0.020400190769556334, 0.021636390745060977, 0.01717561324280896, 0.01899702339094865, 0.02554583185541074, 0.014794741215913025, 0.02084027884569416, 0.017522965659552983, 0.016445988349525757, 0.022841533509559156, 0.01827703074899764]"
8,7,Linear,Causal Forest,0.5720364595410009,0.6972277155102569,"[0.08649016241353819, 0.03986916364092498, 0.03482062088616514, 0.0528625165547175, 0.05003125350612916, 0.03396830133195064, 0.026264344069300543, 0.035310599606427434, 0.02899757555474916, 0.024235320709067656, 0.023479851071599618, 0.03070584055042916, 0.030880587378456083, 0.02397406290058297, 0.018887802989032317, 0.024232144699414072, 0.021928192563509787, 0.01863162038899221, 0.017116131951922683, 0.020357550447844534, 0.01752031933373202, 0.018390755688511094, 0.018256919658322556, 0.014937299205626968, 0.019062687595954017, 0.01472556323409467, 0.0172801716205246, 0.02781835168866841, 0.0180462856592103, 0.02122106344406639, 0.01707564488914129, 0.017467588148692793, 0.015633377745488536, 0.015884908723644234, 0.017517189073378334, 0.016007057387100253, 0.018932323034269557, 0.019683433327452687, 0.014160883331393452, 0.01733453399597396]"
8,7,Mixed,Causal Forest,1.7388134125914856,1.8960614819578847,"[0.017432351652555238, 0.018459270365967693, 0.01885755087889577, 0.01812880027782858, 0.02017078771382241, 0.018303236149281057, 0.021349604469820566, 0.022315360862589437, 0.018866486563913962, 0.013509210793145831, 0.019314275349280527, 0.025659037809768602, 0.018890440818302063, 0.016968931772232666, 0.016700668437438285, 0.012815070754544926, 0.06474385093828566, 0.09028665828706262, 0.08550744334465862, 0.03953450294871149, 0.036952437738061644, 0.0412385560659804, 0.03758152278949567, 0.03983057295241148, 0.014645362687265556, 0.01691002191610648, 0.01851681271104347, 0.024566011365582716, 0.0184189443227049, 0.01627687421752365, 0.013940112238911841, 0.016014045134989875, 0.012953163662815103, 0.02005819966238315, 0.014639840902928514, 0.015368201797701287, 0.015446374773647893, 0.018007217181700612, 0.016041626949617856, 0.014780560741021947]"
8,9,Interaction,Causal Forest,1.5517817556741904,1.99849009045014,"[0.03525413381173347, 0.025141003614415805, 0.032011848381672654, 0.02543043559151322, 0.02427975951555762, 0.02786000927258729, 0.023015040741139692, 0.02297914997594792, 0.0264524735508693, 0.02443030651252863, 0.033708638216260634, 0.0187514872577735, 0.026343157290900733, 0.025916877897772438, 0.06613297423856787, 0.06508247985333307, 0.02676404671921757, 0.017741802469574543, 0.015344446452116897, 0.02288942405633863, 0.0220625785453455, 0.01935009665164495, 0.01621452364599503, 0.022072384261193637, 0.01976629343188442, 0.021297266769945325, 0.020511976463502165, 0.018183327818868354, 0.0219523268988456, 0.022125396085421967, 0.022505673952914692, 0.029634377148409396, 0.014949702834156442, 0.026993620706699844, 0.02081757416138597, 0.0180734980522893, 0.0186059451572524, 0.01889566930334162, 0.01958381222332807, 0.020874460467753878]"
8,9,LSS confounding,Causal Forest,1.7583479118831213,2.465892992449555,"[0.03221195208537562, 0.05561876416493993, 0.039514362245644294, 0.03961786534537731, 0.037471386705790546, 0.033781043703112086, 0.04172837178252671, 0.03371623578164343, 0.023601986186215514, 0.03580410805981111, 0.02169575710109132, 0.02249271012534559, 0.021459120426930756, 0.023624429655684075, 0.02139240664926431, 0.01946865307216995, 0.01969001962466381, 0.022495877931636706, 0.01939191993423807, 0.019569609978373294, 0.026873604871350723, 0.020171580701453622, 0.01953866770831062, 0.027911195552197725, 0.017867767578668408, 0.022805015711385906, 0.022354910306069748, 0.01869582073516954, 0.01759390979562941, 0.020226077621182847, 0.023132769265895282, 0.01793807379396889, 0.01756008999112523, 0.021664106697709896, 0.02115293853277771, 0.01842382861825295, 0.021482217572584106, 0.01570744929774083, 0.027512848440369508, 0.017040546648322556]"
8,9,Linear,Causal Forest,0.5601413322836178,0.7036909482749523,"[0.036009752914180716, 0.03541397950901835, 0.047865389138865524, 0.03501545581795666, 0.038468358718397606, 0.0595107197859318, 0.05745729815219724, 0.03456180630799409, 0.02627426774277175, 0.018217772333279245, 0.02646063199200817, 0.0348547107993176, 0.02443307260182538, 0.029541277141546883, 0.02312624492987292, 0.026849726764176404, 0.018552935679914593, 0.015063024671657673, 0.01541397647089646, 0.0161653439416325, 0.01974094755779129, 0.01880789682526086, 0.015477732104685258, 0.01645219271048763, 0.01816376046465456, 0.02454272633547945, 0.015546537281030212, 0.018301802832650295, 0.018224392842406935, 0.021203747139724616, 0.019567392909549692, 0.015357541125799259, 0.013030164728348228, 0.022125946851977746, 0.02777695280545875, 0.01474670801653469, 0.01985863947396731, 0.018253078420357356, 0.02378610993052296, 0.01977998422987144]"
8,9,Mixed,Causal Forest,1.7837832525640216,1.933995693894864,"[0.01632877792649829, 0.023561606219563363, 0.013363876067731881, 0.016142602515498226, 0.01672284425236363, 0.015265780228206903, 0.02936023637731776, 0.014387548865581922, 0.021536252016962517, 0.014629847063861145, 0.015214290107712867, 0.012578104809311944, 0.0119925000224007, 0.014805857740865909, 0.019059377323418527, 0.01632396471345996, 0.08755395874546908, 0.03890456392850056, 0.07951969413081367, 0.06628302989918221, 0.03881049389665397, 0.07188741071717064, 0.04303567839889649, 0.05008679266541166, 0.014793795367966368, 0.016371881929763493, 0.01801636445291517, 0.014596409425712118, 0.013296200864208609, 0.01839294412028659, 0.018151918260744825, 0.014776019345039658, 0.013721959321035553, 0.013552305295771385, 0.012287920728834523, 0.011548796674795412, 0.014625303187962404, 0.029395703808987594, 0.014968998015898696, 0.014148390567223789]"
8,16,Interaction,Causal Forest,1.5581741126443966,1.999619921277308,"[0.022373478502282943, 0.02416844854359232, 0.03316787500384078, 0.033791380929520776, 0.02035367154431032, 0.031661677990508556, 0.07476561416367408, 0.03521670515772064, 0.0280739001021887, 0.028670061900912428, 0.027831975978369346, 0.03913939632566424, 0.020340797586591453, 0.03726925810754438, 0.030892026552349672, 0.03249356645826058, 0.01846454171966594, 0.023344647989107244, 0.018150509879993143, 0.02342294955643508, 0.019540065152858853, 0.017405609889888825, 0.021236901032115615, 0.019386947934124755, 0.02240804182898676, 0.0176936575768788, 0.019012607780281344, 0.01603215766392063, 0.02137730364686068, 0.023391958347314355, 0.02139386676175687, 0.018281963190921697, 0.02233750846405897, 0.02089012797107283, 0.016374324006472242, 0.0169260191816165, 0.018453458644270945, 0.026159916380123847, 0.01992173068079083, 0.01818334987315204]"
8,16,LSS confounding,Causal Forest,1.5184817534055897,2.3767028591896247,"[0.03624154155562278, 0.050210020439611106, 0.04724674836259576, 0.044002864394469675, 0.03760780396468598, 0.026233757409080773, 0.10295517369804408, 0.034474722383714365, 0.016624958801542623, 0.025456246261029415, 0.020379772603556657, 0.01831256783164693, 0.019765401434881445, 0.02216490180715027, 0.022380153950698038, 0.01916232425737831, 0.021848942638390177, 0.024390315892740086, 0.018403342406847153, 0.01946727958078339, 0.021675076953633132, 0.014805555777594933, 0.02160235401687459, 0.019980017116568792, 0.018671547647627462, 0.014797902471243091, 0.019104645354898756, 0.017068217012504588, 0.017605284503787445, 0.02245492980706882, 0.017622973970621503, 0.0158283989418129, 0.0158848199093541, 0.019029220825170657, 0.0213819697694156, 0.020389217976631582, 0.015803037726525023, 0.018351647464707556, 0.016193039091379785, 0.02442130398811066]"
8,16,Linear,Causal Forest,0.49753023925345374,0.6966394290006332,"[0.06786361836631834, 0.034077618213571595, 0.03579206784061145, 0.030390521266190188, 0.033184617130254404, 0.03171951446540626, 0.04262999818884583, 0.03041982273774738, 0.032006307936271156, 0.023941475676315827, 0.039771536832084155, 0.025569965682703356, 0.01965886332935532, 0.06613943420585337, 0.03214802478293269, 0.021649145531272205, 0.020612243849282563, 0.023282997953536697, 0.016843408228526483, 0.015629938908467183, 0.02157800296749123, 0.01511288351720127, 0.01809155296303204, 0.01649290676358178, 0.018697220610449348, 0.01541968285741845, 0.019386405312628734, 0.01747243801550532, 0.017138264065780822, 0.016137325421083665, 0.018432437539090667, 0.018293782993634627, 0.019040044983541865, 0.01589396998374876, 0.017592072401149246, 0.015849794773349583, 0.022376846461484197, 0.020508372808181297, 0.0136990568310466, 0.019455817605054035]"
8,16,Mixed,Causal Forest,1.7889751217357348,1.9344456837579362,"[0.01647273058463172, 0.016120797171140382, 0.013816553421587344, 0.016983396957533085, 0.014433714220217456, 0.013858576309875475, 0.016277504357188322, 0.02101291518087472, 0.015890265457676026, 0.0178034942993053, 0.01682686231763489, 0.017094214018165466, 0.013880870741380984, 0.014072029312315089, 0.016971466013314417, 0.014511718199892975, 0.045529933471714905, 0.03811164462239644, 0.030709309228898543, 0.06752341644903308, 0.052983635502581394, 0.05430639573059496, 0.06548922807453371, 0.11769175495874178, 0.015148580624971352, 0.02256454251194846, 0.014539605767140997, 0.01563798188037373, 0.022477503137831385, 0.017389396102884144, 0.014069738334170497, 0.0131920609917285, 0.015369720312690264, 0.01572404547579526, 0.015625689024456588, 0.019138369454776528, 0.014955560204634592, 0.02485642335253988, 0.017095103124263905, 0.013843253098565454]"
8,13,Interaction,Causal Forest,1.6058873858009546,2.002100207933184,"[0.02934183405442462, 0.026752773024127933, 0.028399934371361617, 0.02981179954048951, 0.02199685195116702, 0.021822516428896793, 0.03260338166776604, 0.024964163337073398, 0.026271055959378002, 0.06484305517761349, 0.024917655472903637, 0.02863402982165662, 0.024633561016064807, 0.029690570602329804, 0.05451716234829981, 0.025509037853433864, 0.025311333810225194, 0.0189685934415776, 0.028356305208246623, 0.019476284902161547, 0.023458963627602258, 0.01832827431672772, 0.02078239402586688, 0.02229087772150678, 0.017613837940531434, 0.020794630458822065, 0.02621269642566502, 0.015171279291201663, 0.025491523759766422, 0.022736570223422178, 0.018146310290052113, 0.021611998950398975, 0.019652565650830033, 0.026783533001858557, 0.018428866791977697, 0.018712089257571004, 0.02069914391463065, 0.019737633207410236, 0.017074913928616743, 0.019449997226343572]"
8,13,LSS confounding,Causal Forest,1.5962530910701045,2.35360304912784,"[0.028153857801195756, 0.0382198405291548, 0.05936829344800214, 0.046873623344527035, 0.03486702175710039, 0.04330999607044924, 0.0600510360390052, 0.04018042896166865, 0.02739452894404783, 0.023442085235696557, 0.02478806497763858, 0.018592029037240075, 0.017935666535584323, 0.02123189716739285, 0.020761265646409677, 0.019269081986761773, 0.020150099307644293, 0.018328668204399393, 0.022122478964550267, 0.021114203806430136, 0.019366904834302583, 0.018034782535637835, 0.019361431903810348, 0.020261597125421933, 0.016002496705747774, 0.018489711336473955, 0.022546805604285916, 0.020859976338174015, 0.021739155172812337, 0.019796915767304333, 0.02054573588893447, 0.018983518961504704, 0.01934236073177858, 0.01580676743364128, 0.021626090495028914, 0.019904452138892907, 0.020975755190445314, 0.022079449755710773, 0.01719997995418532, 0.020921944361007708]"
8,13,Linear,Causal Forest,0.4960246626076722,0.6894564438659531,"[0.04963761598806557, 0.03877220096952534, 0.021450063550380167, 0.04095808390825033, 0.025140683486384856, 0.042958464327867624, 0.04108344332420378, 0.02374617726168046, 0.02710430573858892, 0.03781475148877059, 0.044617029389985075, 0.033607467677420275, 0.022745112146699543, 0.041396592734431144, 0.03027233909218663, 0.03855372310297326, 0.020015832184230066, 0.023272779951335937, 0.02269218170094743, 0.019252580306374854, 0.018688122573112986, 0.01715443018470844, 0.017528064438953782, 0.01621277877132812, 0.01789653212742154, 0.014495376002045077, 0.022408196263307208, 0.01714636241501156, 0.01635123595783926, 0.01616593756700775, 0.015348061712983151, 0.01859709370105366, 0.018389652695108397, 0.017733293852511347, 0.020777570110163485, 0.015470829259307468, 0.021603597760427147, 0.017916579861109557, 0.016262132160716675, 0.01876272425558159]"
8,13,Mixed,Causal Forest,1.7642274873550279,1.9372140163931466,"[0.021650589586541303, 0.014687471428513203, 0.014548336828289914, 0.016364759387537554, 0.020768994421799785, 0.015173407950110511, 0.011895363307771665, 0.014794080304894382, 0.018373646459158288, 0.015616516943455621, 0.013138962924528551, 0.020584741561096194, 0.019637795401859226, 0.013630187738889672, 0.012985576678326161, 0.016878609183056864, 0.06194762928058859, 0.09658620016503548, 0.046494750882934775, 0.04533506330354034, 0.04368357678535806, 0.05314334437048344, 0.04330060193530096, 0.07900576029399513, 0.016495956578423895, 0.015563342683934897, 0.0153047411657967, 0.016698487027614554, 0.019330788688710826, 0.020522415645479065, 0.012310868293961637, 0.016684643848669203, 0.020237418372861717, 0.017851835291554166, 0.012828988883199324, 0.019395725828967217, 0.021395113596091777, 0.011695009101620954, 0.015451717218454817, 0.018006980651593653]"
8,10,Interaction,Causal Forest,1.5310023946494027,2.0044121445099656,"[0.028484883643464604, 0.025698845238582582, 0.041037652703763604, 0.03462998602240196, 0.03297105172691749, 0.036390409739297976, 0.03567733510031547, 0.0412930422078782, 0.026835590300220723, 0.021245865810541425, 0.06218836102752768, 0.0307656950607387, 0.02260337371507142, 0.02456485640947365, 0.03193952677932504, 0.02108629670500038, 0.01810531302691675, 0.022635462116593636, 0.02137611174410582, 0.020988257636351988, 0.01858268786317874, 0.020066905038800275, 0.02148036964326426, 0.016853979890458597, 0.019001299754923814, 0.021519985210867554, 0.017613414777313034, 0.022027160428573233, 0.021807551597160767, 0.01867346405195212, 0.01676644968221209, 0.017717663023552918, 0.015768839497234552, 0.01972953560567334, 0.0275526047741084, 0.019867748921293487, 0.01728999038809818, 0.0272227865562391, 0.022820124983437485, 0.017119521597168928]"
8,10,LSS confounding,Causal Forest,1.991551359858936,2.7787482771547847,"[0.044666243199702325, 0.03875627899182433, 0.022898398839105893, 0.04016709500733696, 0.0867990054494844, 0.02953976974679733, 0.04413292643469521, 0.04357363070434295, 0.02512677574846708, 0.017555939096897396, 0.0180920505666974, 0.01707912743516618, 0.023373236284642624, 0.020343471010543825, 0.018842138759348318, 0.019766219733784906, 0.016825929492324275, 0.01619810176635786, 0.020747604965720323, 0.020278489195137427, 0.01690509163041321, 0.023637722795980563, 0.02982025727383328, 0.01764159423565888, 0.018803669343139415, 0.02299737233031779, 0.019593389255827265, 0.02015322690188934, 0.022732935022399866, 0.018364897217990984, 0.02560286456621291, 0.018210222092587717, 0.017150480636978147, 0.021610574079616664, 0.018810400646378678, 0.017506281954176705, 0.02151132724515061, 0.023378924169496867, 0.021857390357176147, 0.018948945816398024]"
8,10,Linear,Causal Forest,0.5430706205020391,0.7091604248071613,"[0.04074786708255221, 0.041848441674274504, 0.03450830599165572, 0.05068428868544099, 0.048443467764637094, 0.03625330116936001, 0.02709395660416032, 0.03449450653403044, 0.03861358628536873, 0.02410887752164067, 0.02126696633909707, 0.026597397315524258, 0.028545373630485878, 0.02845101607412903, 0.0255186131787543, 0.032554323219111295, 0.018106353678263794, 0.01950478740468943, 0.018047033944861412, 0.025070588484934965, 0.020343964788427867, 0.01817584113081116, 0.020329626407145324, 0.01971657704365343, 0.018193358906286934, 0.019439528656241104, 0.019038863198323874, 0.0199195260859384, 0.01531801063396415, 0.017744588286044877, 0.021781727045107727, 0.021937968914893014, 0.01930762206807737, 0.021014716888366355, 0.01683487490446926, 0.02036120141676842, 0.01533858480344213, 0.01905074776323075, 0.017084739205952403, 0.018608879269883357]"
8,10,Mixed,Causal Forest,1.7533797845302168,1.9115037812541247,"[0.02328416811151676, 0.014151267330656693, 0.015109508639942213, 0.015186446567369121, 0.01950787091511025, 0.016869855620697073, 0.017350210255384125, 0.01706285887403439, 0.021648333304522142, 0.02071510212987607, 0.01530976798200802, 0.01700802412509907, 0.014032949796009584, 0.020330285714733096, 0.01825459351873663, 0.013284837888415857, 0.050769991286214816, 0.03784205151816345, 0.041680733912743725, 0.07256816399197386, 0.06732640508188979, 0.02532026487324236, 0.11056137588081437, 0.05336998055101891, 0.01511103637146986, 0.014956626733876977, 0.016141831537675885, 0.013833054756497654, 0.01611349851797648, 0.01564189484510359, 0.017910355981821238, 0.02000043575321447, 0.014037055675567057, 0.020056803832250614, 0.016573941772930666, 0.017749946730376952, 0.015679297047514626, 0.017598276038724193, 0.015213211764507824, 0.014837684770319543]"
8,4,Interaction,Causal Forest,1.5619692448886666,2.003790099835082,"[0.03969649086954466, 0.02529542593701964, 0.022510163728055713, 0.028675993636849858, 0.024369447529861876, 0.034840828763924, 0.03398256778590823, 0.03809185666150314, 0.043850475200334985, 0.025794016395975384, 0.02813363532980949, 0.026850780110452513, 0.023794896081404334, 0.06619834919292625, 0.028183247973629175, 0.023745450369606787, 0.022798682168301103, 0.02033739243834354, 0.016356946691392416, 0.0194569724317187, 0.020805791749168998, 0.023058687904390123, 0.022657654826289488, 0.03179971390767808, 0.016449802577007854, 0.018647462912824243, 0.02328008615423279, 0.0174554891491455, 0.02029069536247931, 0.020691027589447034, 0.023569916928629194, 0.015422752394942521, 0.02347011471128037, 0.020310020681184256, 0.017026225940947298, 0.0202723046296153, 0.016413301295137784, 0.0177019893717152, 0.018480830972147453, 0.019232511645175403]"
8,4,LSS confounding,Causal Forest,1.5552979293436315,2.486073663477749,"[0.05525225336649294, 0.03632913506086022, 0.05853403990420564, 0.05264566962533632, 0.03970531807589841, 0.06820657078772896, 0.02773717575881057, 0.03318963161804195, 0.017039819442295642, 0.017154708027967158, 0.017974399168799414, 0.01863115037197983, 0.018210874986305123, 0.02113485745440788, 0.021883244627022642, 0.01936666928279213, 0.017378794154013052, 0.02087329624937603, 0.023024557563469467, 0.01910965842908945, 0.02330773163967825, 0.022711688101113972, 0.021397173145328154, 0.020611726767790262, 0.016883043041433496, 0.01709900247210295, 0.019381228536784634, 0.023021746898262876, 0.022073715243938814, 0.018195066954323505, 0.018470469005870304, 0.01703434416088417, 0.020283200671765117, 0.01999499221030433, 0.018784071824193786, 0.01859430158756201, 0.020070649046849062, 0.020729821765513207, 0.018823413057238912, 0.01915078991416946]"
8,4,Linear,Causal Forest,0.5292536920853849,0.6954370736904965,"[0.026250895771861026, 0.021193646787412458, 0.03600819616316011, 0.058505478353213354, 0.03947218603520018, 0.048728331198110195, 0.05929074649227143, 0.044911135965563995, 0.02401199197732786, 0.028668877985853217, 0.05293921112529842, 0.028801831115614143, 0.02397424665527847, 0.016819530869498535, 0.027590699422155782, 0.022112481313411037, 0.015716379018904495, 0.01596878643804799, 0.021368214225655217, 0.018206454553738465, 0.019439161582570065, 0.015382365596654233, 0.020561995640282615, 0.01976239469149939, 0.020611684332387754, 0.020145066550900023, 0.018102187990828224, 0.019139713342519474, 0.01752978319561981, 0.019191190694696648, 0.014093073917612817, 0.016366137375573662, 0.019268079888490327, 0.021009517389102415, 0.022117112259408225, 0.015455087952714566, 0.021572889174802646, 0.016234670994526624, 0.019207073312695794, 0.014271492649538335]"
8,4,Mixed,Causal Forest,1.7787198697242743,1.9347276394352846,"[0.013806780656520343, 0.016549225290299653, 0.013098044527066866, 0.020184860498671676, 0.022501769358354778, 0.022057662171239164, 0.015666791031712347, 0.01688695966107176, 0.02124713633485683, 0.01571139635470638, 0.0173010036758801, 0.015170509579902165, 0.02109719345640961, 0.01429159467259546, 0.014967051580160741, 0.017671296595310394, 0.07670115099835728, 0.04417544939130089, 0.028508653479249437, 0.06487136101831213, 0.0681466246018228, 0.03513907804248943, 0.08476814851898304, 0.057615719612989745, 0.01721881724719468, 0.017744632765317236, 0.01664848849542408, 0.01640293216582315, 0.015201568400503232, 0.014248505395238364, 0.013967886333051268, 0.013953445549859396, 0.018020551941981447, 0.014204346287533774, 0.015463132513913888, 0.027148356483947436, 0.015735024898823648, 0.01506494932913158, 0.013308038931918374, 0.017533862152075426]"
8,11,Interaction,Causal Forest,1.5459834619161295,2.0044313117371293,"[0.02310349599376229, 0.05157726855123702, 0.028974538418812177, 0.026462748133211603, 0.03141344545074498, 0.027995927288995484, 0.023362709168109168, 0.02945754205739052, 0.02369587386953412, 0.03418611022469716, 0.028576431762438053, 0.03265563637127659, 0.03446676175386146, 0.053023878994856194, 0.03394571200927726, 0.026756534602375936, 0.022918575560760223, 0.018995329377438298, 0.020897434591416807, 0.02177109599572323, 0.020844556497637043, 0.01695225117031466, 0.017362747086681136, 0.021872006405823093, 0.020285098011179906, 0.019152932867640936, 0.020098886348553134, 0.02073036255070742, 0.016677433655478, 0.020394085709865672, 0.018097409344614165, 0.019784880308010046, 0.018251668073075353, 0.02327340135887958, 0.022246433618269876, 0.024128572297229055, 0.016497861270433654, 0.029383959801372747, 0.019846451598597836, 0.019881951849718183]"
8,11,LSS confounding,Causal Forest,1.7878793809489304,2.5170165763568733,"[0.03027970986824546, 0.045485682763367945, 0.05406856758477059, 0.04603798046205572, 0.034829826967350715, 0.03698635172795175, 0.043325641282570444, 0.0417872802377371, 0.020545904396518426, 0.017006176044768083, 0.015640742615585273, 0.02222922864376285, 0.026187176523806775, 0.019029486531395037, 0.02137499259267085, 0.021552571344359263, 0.02261767781380107, 0.024165722847056138, 0.016552896396213334, 0.02344412139366221, 0.030208197307134584, 0.01988875318292117, 0.017277823166517495, 0.02264845887761993, 0.017829168587703222, 0.02343135054063115, 0.01570391424985214, 0.01775772061344005, 0.021212744551262305, 0.019948430849437503, 0.022764017272866366, 0.023547800586861983, 0.019834144728921886, 0.022126087602952312, 0.02505179023903382, 0.019440051288046527, 0.016817612818913287, 0.01986591425052995, 0.018635208158990654, 0.022863073088714655]"
8,11,Linear,Causal Forest,0.5157355960969113,0.7325168778500285,"[0.021022903988232748, 0.0379767484286731, 0.03169155187660355, 0.026307656512542986, 0.030371931402601863, 0.03656432760743934, 0.04483025881118625, 0.03184287744404788, 0.03478776543991016, 0.025083526550588355, 0.03128470536250336, 0.05549103005504781, 0.02514617279572307, 0.028755130134591113, 0.041244026312469234, 0.026144964798552484, 0.018632911421400902, 0.015584441883082611, 0.01756123099160896, 0.020783438225706566, 0.018305692970107645, 0.020214137853719127, 0.01990362910480259, 0.018972525427700716, 0.023029393522019107, 0.019256143725318208, 0.021742335852805952, 0.01626545789599851, 0.020406985229765827, 0.02763793972806359, 0.016234539429412533, 0.016667310292666146, 0.016338304929919733, 0.01722492769742495, 0.021017880509074445, 0.021658307450175242, 0.01923007002983355, 0.022581358560026382, 0.02101204475804762, 0.021193414990605768]"
8,11,Mixed,Causal Forest,1.774868039592137,1.931989505000336,"[0.02271082962611694, 0.020818729667635275, 0.01929328909985218, 0.014463945872389845, 0.019365477061708356, 0.021900678462172706, 0.015714633799587808, 0.018058288094824394, 0.015796904603813052, 0.01704375679983403, 0.013717837396402914, 0.016896193497058953, 0.018214443528799598, 0.01331950525326191, 0.013677619570467967, 0.023524396401267397, 0.04310349904454329, 0.03870467704761511, 0.05016859582495796, 0.034983361285461395, 0.07460908292597727, 0.0846308430932333, 0.08379151434860965, 0.04981630573608439, 0.015503526196828914, 0.012906636544032598, 0.014621182428969683, 0.014343461358331769, 0.015780178591150287, 0.017872679164898545, 0.013724472508364142, 0.01582546533200532, 0.01739140623526749, 0.016541803332224884, 0.0157613027375238, 0.021175261063136264, 0.015915049822864517, 0.014330006750944112, 0.019572708697912125, 0.014410451193869814]"
8,8,Interaction,Causal Forest,1.5183140817804932,2.000543768954784,"[0.038678024370759206, 0.03370592960574077, 0.06324217138333603, 0.029438954313047088, 0.021422124846174798, 0.0150387730154958, 0.026840983894665174, 0.03354153298570932, 0.03149107345628005, 0.025925512840364012, 0.05684531528724424, 0.03957282052238216, 0.025021891546038257, 0.02650538672787963, 0.02261936777044568, 0.029013875681071975, 0.018199440984608746, 0.02139518421487789, 0.02202164635087418, 0.017547912276194608, 0.015996688568949164, 0.02483319102475236, 0.014721393697007439, 0.021841619654640154, 0.015935500510093216, 0.02707707870827971, 0.01649904834604563, 0.01967472172847281, 0.022425106841355628, 0.018537535306480203, 0.02283250925477821, 0.014901403058906845, 0.025754016552378377, 0.021286276284510255, 0.017748933786813734, 0.020186525773361455, 0.019850088459353765, 0.024113572786076305, 0.0161106672170136, 0.02160620036754151]"
8,8,LSS confounding,Causal Forest,1.6153192819387452,2.338943284221125,"[0.07622298920446081, 0.038498518978327206, 0.036740532892767325, 0.036014931251212065, 0.056522043655647364, 0.03938413246038014, 0.039354209033898545, 0.03821608480434565, 0.028371232388843558, 0.0183565290215925, 0.017790496139276458, 0.017170605250856855, 0.018893338077325416, 0.018474830998634242, 0.02126752967885256, 0.02040620296225819, 0.017132262953981875, 0.020430938497465138, 0.01855521107051991, 0.02283326878042818, 0.019256353174724745, 0.0238343491921899, 0.021182737749998966, 0.018549854390817265, 0.018110506106584427, 0.017922999115970954, 0.01810374661258267, 0.017776747978843644, 0.02205201220483651, 0.02579849337849065, 0.016637934670218124, 0.015082634795065082, 0.020827118603155954, 0.023706528467714164, 0.019537311646873293, 0.021414798016581797, 0.021707042139267486, 0.020592475834232727, 0.02142746163145719, 0.0158430061893205]"
8,8,Linear,Causal Forest,0.5302295051553945,0.7144297241762461,"[0.04117773881342966, 0.031897298928769954, 0.0308159847128862, 0.05850915722755728, 0.04377284423398999, 0.04574434468374729, 0.039170207668773535, 0.02727060854498915, 0.03146433470040357, 0.03923043776055407, 0.024619297274640562, 0.04815212045182626, 0.031683335904077535, 0.026446941018260395, 0.023655833174910247, 0.022669133307004326, 0.014946277222537859, 0.017828504421844728, 0.01912780329968663, 0.015814173675511575, 0.01827772518932884, 0.018013654783097473, 0.02155781853633918, 0.016484211417422026, 0.020100456006335476, 0.0158708705451189, 0.024322729315091038, 0.018671200903849397, 0.016638330555664122, 0.020455372364809293, 0.018194786776454835, 0.015402353930368658, 0.016799787783495074, 0.027747002428257277, 0.01620157291369435, 0.015034810764131813, 0.018387350468766387, 0.015396036198083411, 0.015178311608821344, 0.017269240485470346]"
8,8,Mixed,Causal Forest,1.8005679288259233,1.9382706939621832,"[0.014421763181760819, 0.015632374705387676, 0.015745974035835192, 0.015438263762977765, 0.015464964199953081, 0.018081524116013006, 0.016975091397978846, 0.017234242278873834, 0.019963453942904705, 0.013658815013227282, 0.013590640656186988, 0.015006527701803427, 0.017632345843178878, 0.019151293620749663, 0.019891466452801505, 0.019149785683856085, 0.059023508095444266, 0.045810046284753686, 0.028534107021176452, 0.0699729060777039, 0.044460586588988715, 0.0734732513858744, 0.05535403771932823, 0.09798247561241429, 0.014175491262490519, 0.017059356648767284, 0.017936311205088974, 0.017100893878757132, 0.0168363175535038, 0.016472193220050932, 0.014873123263716578, 0.01654331945355271, 0.014898159467823566, 0.015755309110201402, 0.014288542680066723, 0.014732818568902241, 0.01454827158238041, 0.015527344829554377, 0.01987261487840384, 0.01773048701756681]"
8,14,Interaction,Causal Forest,1.5921188065136704,1.9986532699640172,"[0.034425886313058436, 0.028854827195161307, 0.02709131590708965, 0.030255375973990722, 0.040784917779082545, 0.035235494213402746, 0.04043392115077161, 0.027932135540584605, 0.03251275150610705, 0.033399172289383695, 0.03866566003136528, 0.027408510089538998, 0.028620018638815546, 0.025512866987693596, 0.03221836710189705, 0.031750338642842386, 0.019279531405795844, 0.020718813349903817, 0.01568373039706184, 0.01628435360346698, 0.018835064241895703, 0.02709559565095922, 0.023677141974158697, 0.02037412667924407, 0.02327513178651889, 0.022516678242703154, 0.022530522113247697, 0.018356530031233068, 0.021597416791259493, 0.019504815979198124, 0.018887627034759446, 0.022162785603048803, 0.020062137168965023, 0.020322628629621864, 0.02374111643105695, 0.01744418048072342, 0.015058360066857067, 0.017211364742205085, 0.02075107167675113, 0.019527716558579333]"
8,14,LSS confounding,Causal Forest,1.5525099829297202,2.389643513749998,"[0.02926503498898448, 0.06185674307401532, 0.05589557489040852, 0.03314410465897186, 0.046615215818583154, 0.030602935571305605, 0.036675074839748904, 0.06413736535113995, 0.022402888517145107, 0.018347556033234534, 0.017729981549934066, 0.02220849460878571, 0.015792678646577504, 0.022009001150187637, 0.02181506063329801, 0.02214553083882766, 0.018167284833623894, 0.02171917136316105, 0.01765455820866793, 0.019042465182800537, 0.02094602143648917, 0.02407822297101695, 0.02551849413900799, 0.02088300358502698, 0.017398648544008844, 0.01930127834701767, 0.022442443149801903, 0.01979465086438321, 0.0157272081810761, 0.016276868990332784, 0.02702935324357362, 0.019101418039906382, 0.017885257421842955, 0.018460687905713122, 0.020387356359526227, 0.02015328937815711, 0.018700900464022167, 0.02059313654255227, 0.017057833346319228, 0.021037206330823875]"
8,14,Linear,Causal Forest,0.5225663249271962,0.6894714446671871,"[0.029985163692965902, 0.029778710875994138, 0.03616337923134571, 0.06826687300139399, 0.07244848254149684, 0.03654657238394601, 0.04919622767052939, 0.03374607586394811, 0.039663534909722506, 0.020683726650910762, 0.020953874092453327, 0.021136923095677652, 0.04004628462488201, 0.029042866405424653, 0.02602629858531014, 0.024393693741257723, 0.01606806742785877, 0.0159528706332614, 0.020054649774659823, 0.01517969696477798, 0.021131833866402442, 0.019117506522043446, 0.017965183195524682, 0.018779506731075875, 0.021315457669810432, 0.013853042743581108, 0.017701973968007878, 0.01729655385956555, 0.016212664409231987, 0.016190607270264536, 0.01748769764149152, 0.022012339708086644, 0.017418766284551346, 0.015433659990460782, 0.01507153857857154, 0.01779059132551789, 0.018141892208506722, 0.015816516922634926, 0.015569120463948689, 0.02035957447290516]"
8,14,Mixed,Causal Forest,1.7244745629988625,1.9159153322341016,"[0.020803562741963773, 0.015519656148801844, 0.022200207755207247, 0.021248212803089778, 0.021261513874317295, 0.028893179257199145, 0.015597577506691794, 0.015556193882818753, 0.016432214667289974, 0.01986344823601489, 0.015281695751947544, 0.017343962925909666, 0.017964868928962582, 0.015249356891452326, 0.018412396946130807, 0.016858508736292403, 0.05748985856969198, 0.0389772493001605, 0.0467478585938686, 0.03925649123296691, 0.05190866334457122, 0.06651677293164884, 0.04971435015219248, 0.08582680462878142, 0.01737748448167559, 0.022831870620725267, 0.013196951241601133, 0.013004088985960864, 0.014887618605572773, 0.017136767945505452, 0.018646786348523268, 0.01769082009021607, 0.01727675993015451, 0.01896884977874279, 0.018695686488719852, 0.015222260021219807, 0.017461969810115552, 0.013550342086389255, 0.014551820592858596, 0.014575317164047401]"
8,3,Interaction,Causal Forest,1.5389816842312605,1.9985600837807687,"[0.04378109857963427, 0.03614758388914986, 0.03194691916165914, 0.036646941796748586, 0.026333673246194043, 0.023276323307652638, 0.04455991739862301, 0.03678080633281358, 0.03603092422854574, 0.042078630738836616, 0.03055118328374183, 0.02013267537913559, 0.02045646905236961, 0.03148406919202798, 0.02542142860785105, 0.030505872998154358, 0.024620586503011386, 0.01694303950884105, 0.018706302834720013, 0.017415325028381272, 0.021481825230687753, 0.017397084625944623, 0.019796812471967715, 0.02504447265507059, 0.016556577446557353, 0.019331788874567525, 0.01926371535594732, 0.020053109377238164, 0.021189119851794058, 0.023586576833495767, 0.025017884702652086, 0.021500159875236947, 0.02282345330736664, 0.01691085403882919, 0.02210234500778159, 0.02011254652755837, 0.022108064397527032, 0.02158334209156295, 0.015495721647378361, 0.014824774612744302]"
8,3,LSS confounding,Causal Forest,1.726603781147521,2.4428298147872343,"[0.03390123698492103, 0.039009661825525684, 0.029557193867133527, 0.05274373215046342, 0.057747461945011354, 0.033056213070153044, 0.05436024056918291, 0.061930032887869794, 0.01628067326687503, 0.01793041903460463, 0.024243785209162462, 0.019275078211538267, 0.016863142923982954, 0.01862092811132649, 0.017654482538320977, 0.01854821719567742, 0.02221816694358131, 0.018823978175626328, 0.01873709573387332, 0.01814499528610276, 0.018771689005123497, 0.018091475620805837, 0.021601460575901302, 0.018976545489967134, 0.021775363481220108, 0.021053780165760715, 0.02361556219429146, 0.021934940707769482, 0.022800662912963315, 0.020464071726509304, 0.019671644944251797, 0.019542735585334398, 0.01873913509815689, 0.01665798724954089, 0.023410170361632076, 0.024204265299539177, 0.021504012399938127, 0.017087717813549036, 0.021793927530410092, 0.018656115906402673]"
8,3,Linear,Causal Forest,0.5237723974734729,0.7306522688746174,"[0.02931792341156013, 0.0675335772606758, 0.026471728843721717, 0.045953344728309246, 0.041601389529588556, 0.024324695740005148, 0.022202491896105438, 0.033015913753017115, 0.03993360372409407, 0.04769974604193845, 0.04870837606281588, 0.023737622887676616, 0.03390674877243694, 0.024324821214113647, 0.022668918921109244, 0.01941726649348388, 0.019180052978377396, 0.01497402301964817, 0.01870707345825689, 0.02016072673765592, 0.01645538568902714, 0.017925124880966075, 0.01991941949177656, 0.01614508480333595, 0.019604672860051717, 0.018557120942401445, 0.01727575650724016, 0.016553779441570587, 0.02091591766441002, 0.014998521704742878, 0.013564605876109057, 0.016532139388236874, 0.025474857371060457, 0.017229154022548435, 0.017868565029804818, 0.021473250804286633, 0.020154009941050287, 0.021455544344472187, 0.015155834938376508, 0.028901208823941916]"
8,3,Mixed,Causal Forest,1.7699476897305149,1.9190439250424514,"[0.01218818245311886, 0.020881423127466995, 0.018596639267175547, 0.01547347249455582, 0.01517726087911877, 0.016533322712781653, 0.018445168432352985, 0.015623752814742037, 0.02142918562587841, 0.015044158698205513, 0.015395922058434035, 0.01574031185015414, 0.02139660475409208, 0.016198217069258565, 0.022001068114746215, 0.01727830098004389, 0.05668222687071611, 0.029739428696355538, 0.029418239943095777, 0.037864817339345824, 0.1368415990960838, 0.055633679024545656, 0.04756989900436249, 0.0459051114629735, 0.017777463643886035, 0.022995127165729795, 0.015262057435523084, 0.01595258316667583, 0.014985342857698092, 0.017928209120727623, 0.018818431792830534, 0.012232863662198234, 0.018653183136811927, 0.017084410749765064, 0.01819942208253571, 0.014001946692408174, 0.01092823751392164, 0.02814813890594256, 0.014242638698604869, 0.02573195060513668]"
8,17,Interaction,Causal Forest,1.5611897021875831,2.0034040983363,"[0.02362060088965586, 0.0301324037828207, 0.030727359235098603, 0.07731259540349023, 0.032381737551882096, 0.030197032598619247, 0.019836230165353592, 0.0278798131789469, 0.03364186008249013, 0.018672620637687185, 0.03195575612401003, 0.03247167555491765, 0.01999933233781212, 0.02798550105918881, 0.03633661834861032, 0.0370820557638542, 0.022314265046642273, 0.02070651308156349, 0.015523260521091382, 0.019743370302378032, 0.017035196047990208, 0.020259732619354664, 0.018770452648517396, 0.01865624764706466, 0.01810718763438735, 0.02538738192559701, 0.018909698527024038, 0.020126096315858863, 0.02153122479549252, 0.03070621852079559, 0.021670730604806555, 0.021951042020013543, 0.018289401226900714, 0.019847821160771845, 0.01646899872244583, 0.01832670427236088, 0.021523157759354285, 0.019134558901624913, 0.020203514977698823, 0.024574032005827435]"
8,17,LSS confounding,Causal Forest,1.714535891726607,2.5056129834757903,"[0.02004814362863255, 0.11969966853096702, 0.0325286466673166, 0.05645695057536457, 0.05321087613565889, 0.025812168590053832, 0.022186989601873472, 0.03621473806000073, 0.016939243021193096, 0.01676954381114704, 0.022483446271195723, 0.01836566566549074, 0.021966478578561963, 0.02161976090595386, 0.01856072567717609, 0.018680190809362843, 0.02361034583309708, 0.020414713991182654, 0.018354717189904352, 0.020784674687306902, 0.019342826535910077, 0.020809262953832494, 0.017841295346536404, 0.020854289616305623, 0.017866030259036835, 0.021498339773226075, 0.018986089319661024, 0.020024809842937193, 0.017711318757961565, 0.02332278722217922, 0.014020115466014631, 0.021018776876369518, 0.021511754275897174, 0.017140471057440355, 0.018651386018255004, 0.024652626467869764, 0.02149881979574788, 0.02096874265034951, 0.018400464729468626, 0.01917210480356104]"
8,17,Linear,Causal Forest,0.5347547002922783,0.7287533763125247,"[0.03069803593592939, 0.0385205063664896, 0.04749129109022242, 0.03804897476244845, 0.023512449331162734, 0.032248666106321815, 0.026920560205177378, 0.05056305727168356, 0.03973792235174972, 0.030543966610034116, 0.038904045613405686, 0.025187025150418058, 0.030477996320769103, 0.027841843657727204, 0.03588434484926586, 0.033292276822564526, 0.0194055030433313, 0.021938538800948093, 0.01797085569560554, 0.020076624763263697, 0.019527096468777455, 0.01726215833977422, 0.01772025233828957, 0.019325725399884794, 0.018619996589218285, 0.020336055563993084, 0.021177142776522637, 0.016805545391163697, 0.017111960842893265, 0.022994076951339634, 0.013704360499018678, 0.016670582179487844, 0.019990827052958054, 0.018038676768041377, 0.021946728608876268, 0.01896158496980576, 0.017559421144351016, 0.020159567200426616, 0.016268055579961423, 0.01655570058669809]"
8,17,Mixed,Causal Forest,1.7818049026344487,1.9282488473132422,"[0.014044427554551944, 0.015459109965338018, 0.01408097774187672, 0.016287331878405337, 0.018406958650010456, 0.013057517486615594, 0.017378232388395316, 0.016665874697964475, 0.016832660277018983, 0.014332146632802103, 0.01592924431745958, 0.014876193490359159, 0.01208212794501027, 0.014933484288337257, 0.0128150003680488, 0.020297497979222298, 0.05536304627767688, 0.06836399774003636, 0.044171405075687675, 0.05333567155625319, 0.03611274190800512, 0.022016979903094255, 0.151150371633364, 0.06352461673893338, 0.017198225520059892, 0.014571341815513174, 0.014299764724937956, 0.01381330369746077, 0.016835948243674834, 0.013983479466207885, 0.01269286028052042, 0.01846286408917118, 0.016436681705741238, 0.016732820884953998, 0.015556586841263058, 0.01596120578993069, 0.013891636725867367, 0.013620828324779061, 0.02791368842154737, 0.016511146973903965]"
8,0,Interaction,Causal Forest,1.6003015621484376,2.001439511812799,"[0.03449608180026069, 0.032957969472722566, 0.037010900177147, 0.025772896927231923, 0.03658840053899692, 0.03103291674785393, 0.027087390940662752, 0.0469075797155021, 0.02558691064014679, 0.025798894542927765, 0.01917302489636638, 0.03688933283166622, 0.02277102138900954, 0.02647423789867871, 0.03014594547048666, 0.04132345602992742, 0.029335051773628905, 0.021863280486986967, 0.018005195696454247, 0.017589774608879293, 0.01934853111123749, 0.02213564261746313, 0.019843690283424385, 0.026192581813322464, 0.020846517663354235, 0.017205014232436863, 0.01730033036224566, 0.023679247838707458, 0.021684189950891972, 0.01932170346822744, 0.03416448085513169, 0.017738777476053885, 0.020376171829439738, 0.017338007700578213, 0.020124660515302827, 0.01879877701802612, 0.018183806741257608, 0.01894504962402904, 0.020541797988875628, 0.01942075832445733]"
8,0,LSS confounding,Causal Forest,1.3892256257182887,2.3025552089214996,"[0.04164430618706834, 0.030518837634242384, 0.06231386207541714, 0.045800462986909866, 0.06378812053155909, 0.029875379274902206, 0.025061437113001406, 0.07663622073067013, 0.017980778088440966, 0.025010271785912457, 0.020809035173105103, 0.016180608081847146, 0.02121052007857397, 0.019363571823046877, 0.01785855573139582, 0.025326313355038377, 0.023815186215671483, 0.019311515701473866, 0.017483386037152486, 0.020162173369744674, 0.023020860684660877, 0.016571232088815134, 0.019466537138019935, 0.02042040206572728, 0.023065629311961103, 0.018706972795434693, 0.018456456953355804, 0.016143798800997155, 0.017846041416127563, 0.02458691377714727, 0.01629975494683996, 0.015360242756909727, 0.015128861459540361, 0.020457707463582924, 0.023172921897265643, 0.02120352159977127, 0.017214540340181786, 0.016222552635491837, 0.017173549835208544, 0.019330960057787398]"
8,0,Linear,Causal Forest,0.5422853887597645,0.6915809685616294,"[0.03755545604242355, 0.04901058735208167, 0.041889670651794615, 0.02606099385575845, 0.052034028201898855, 0.04818951694905933, 0.03488180181695546, 0.03698639875904042, 0.022565617977053344, 0.030057641112648213, 0.030472997646995834, 0.03086642219742278, 0.02249276633950538, 0.04511904272251533, 0.02822333338616788, 0.02284321633395722, 0.021644062449416933, 0.015739667293812584, 0.018820048988099265, 0.016151236588048245, 0.017114453450895017, 0.015041900233028276, 0.018852790575158734, 0.018383402160075297, 0.019212331406656142, 0.019171279523865385, 0.016605159402528012, 0.018420535270284085, 0.02021278657346215, 0.01497970149816768, 0.01922071466243977, 0.02073572435415723, 0.020059606697937726, 0.015284294619556741, 0.020550273561079826, 0.020367880649903518, 0.018070992921020754, 0.01797643171544896, 0.01773841911493443, 0.02039681494474487]"
8,0,Mixed,Causal Forest,1.6951691686084733,1.8811578353434764,"[0.024535518568409125, 0.01294421660072037, 0.04013793368455136, 0.04375496191477943, 0.01785372974050016, 0.02332054135307669, 0.02302233483088361, 0.019355246391838925, 0.01539446879519917, 0.012897107596408315, 0.015009355764544288, 0.015104842046596267, 0.01523883957097409, 0.01315568240223122, 0.012197655062396, 0.018080568244020292, 0.08025173671839754, 0.048008887586337895, 0.08656663001151708, 0.04363626091983187, 0.04885234852151894, 0.03615457563781438, 0.028702132808307544, 0.04337957244776478, 0.01755815087840322, 0.014181822805098361, 0.017670616581998342, 0.013722361994207708, 0.014343571776023896, 0.013887863110280847, 0.01281997195960385, 0.019618768706066242, 0.022729316782228906, 0.016929241894128165, 0.022835630052303966, 0.013634308644553457, 0.016356517312081913, 0.01444710044715145, 0.01614478636683077, 0.015564823470419552]"
8,15,Interaction,Causal Forest,1.5579862908499529,2.0031809544608583,"[0.038059480992706125, 0.02541300086893497, 0.02990261057538046, 0.025355127328189894, 0.03207261577529634, 0.03048572394615927, 0.04437596815891037, 0.03307737653677296, 0.029000704408526753, 0.025538203064962253, 0.04075745213680742, 0.027458158475450068, 0.023808331496066103, 0.028654086710699415, 0.041702673064068795, 0.02919894221349246, 0.01879485528854551, 0.019895279302613086, 0.023591987136486782, 0.01828625671100116, 0.020140348356184137, 0.016252972066580693, 0.02064937466204382, 0.0239366439439729, 0.018116725569962196, 0.020402417175190927, 0.024090654095288985, 0.01844651030559621, 0.01624029504975333, 0.020954268197154225, 0.022222549876307705, 0.017546887612375578, 0.01901752431499912, 0.019237790519108688, 0.022842926996299872, 0.021269278533117428, 0.021415625265204585, 0.024879709356562828, 0.020791640206277932, 0.02611702370694871]"
8,15,LSS confounding,Causal Forest,1.5703251647624037,2.379849427483641,"[0.030012622072670515, 0.05636337207019491, 0.024402527850448927, 0.029174652095215504, 0.027037251088252643, 0.0840069760916079, 0.08985135883731767, 0.02659888378244625, 0.0216644801423296, 0.01917526531733026, 0.016515092200735982, 0.019578815360828866, 0.01710313101757711, 0.016986187578503766, 0.01906604583392437, 0.017889555094125847, 0.024406613278774032, 0.017011101790315595, 0.018540358989183884, 0.017983667471262305, 0.020150721414929594, 0.01761741880810786, 0.018201272815514268, 0.01886202248645066, 0.01947837309353229, 0.029712611858199223, 0.021217564273042635, 0.019314456675575974, 0.020451075125150264, 0.02148833580315868, 0.02186399583218402, 0.018742575879525377, 0.017112097713430138, 0.015492653731083866, 0.02104981890622349, 0.016565526991115263, 0.018038229207224196, 0.028074057303155358, 0.0232736501073092, 0.01992558401204177]"
8,15,Linear,Causal Forest,0.5326662200616888,0.6875516008791438,"[0.0455948733298967, 0.04660193444669343, 0.046519069927472644, 0.08839478890093366, 0.02849136116935969, 0.02789818746228093, 0.03244984736640575, 0.036801313318365496, 0.017542626878376728, 0.025631248374842052, 0.023202857304453876, 0.030417652304829495, 0.03877887583186442, 0.02746485682442487, 0.024092068824577925, 0.03160287733979969, 0.017503021776898945, 0.014547042477165125, 0.022998816974816306, 0.019647330730088508, 0.01811592168814727, 0.01538132028228139, 0.018638590370978134, 0.016772886563912216, 0.016420923680765045, 0.018034457379240528, 0.020544931872462858, 0.016053787235237676, 0.015719148148218207, 0.01586715197833298, 0.023762583243295103, 0.016852457687358168, 0.013617075722776468, 0.01725146312796456, 0.018061563976795487, 0.01732658160877242, 0.018055157275568244, 0.016265461940111633, 0.022351394249689193, 0.018726490404546124]"
8,15,Mixed,Causal Forest,1.7969714004062538,1.9540660178715221,"[0.016779229460306987, 0.015904058497101085, 0.01830824540291666, 0.01788182697066716, 0.017352018557453188, 0.016624346958459314, 0.01787367394270477, 0.01690845477751149, 0.017862188981445246, 0.02218372861204663, 0.017518644995039995, 0.01615714077670274, 0.013758459151223463, 0.016651166486107805, 0.021690903470103877, 0.014883355981709931, 0.04976176330055737, 0.03826790400227322, 0.04517670121945112, 0.024879965308802023, 0.06788957794962946, 0.09280993930154768, 0.07726594543287103, 0.05161226225775563, 0.01906462736734992, 0.019134549891725923, 0.01655390460521365, 0.015947905514031392, 0.016653208908545693, 0.01461784984434488, 0.016063710159864387, 0.016512995877192127, 0.01809779599798983, 0.01923050624136695, 0.01743616724913434, 0.013698110000672958, 0.017906560662833852, 0.01532033053456728, 0.017853195696611594, 0.01990707965416736]"
8,18,Interaction,Causal Forest,1.6315718608955911,2.0231304907530885,"[0.026268157511054414, 0.02840127944459225, 0.052604539818768996, 0.01746300221194336, 0.03825704217159654, 0.02726040447482098, 0.04022373110065008, 0.022420732430767074, 0.029304961278058653, 0.03401587188614212, 0.021643007394119188, 0.024547832774587566, 0.022227755775664028, 0.045297106479372067, 0.030739230222540753, 0.030337556562112976, 0.023018098670319804, 0.016084877106813805, 0.022250901211838293, 0.023634075135509934, 0.019458196595161247, 0.021518981801609004, 0.01877310855046609, 0.025971703207495395, 0.019218348105567412, 0.018548183089222632, 0.017067627827561934, 0.02599438750656445, 0.018148650328890348, 0.021900506326225453, 0.02207822903787794, 0.03109545840253921, 0.019098145503211462, 0.02252909734334889, 0.02056075659859881, 0.01650292500198231, 0.02604589333189903, 0.02368711135433328, 0.015530325573365618, 0.020272200852806586]"
8,18,LSS confounding,Causal Forest,1.773879265384853,2.580290444758171,"[0.0380413238970816, 0.05151367853638544, 0.06065226599950966, 0.022208672416388874, 0.05875392840927443, 0.029187183313763944, 0.03973223990256107, 0.0474821207440329, 0.025128215756728838, 0.017469703188996794, 0.02204549912768473, 0.019659139266584455, 0.021954629143765007, 0.025450222853909316, 0.018352583031049148, 0.023311367789604288, 0.017932182562557818, 0.018110243335131417, 0.017656241670683984, 0.020741732952729366, 0.021685640935510543, 0.021835684312204666, 0.01723386568603952, 0.022913915092484975, 0.013648487179356121, 0.01937317398942738, 0.02487083758298788, 0.020917375955441377, 0.02094694145360156, 0.02158486977184027, 0.02204171322372491, 0.020125013307265762, 0.018073821684451586, 0.016775729772187595, 0.023155386772283695, 0.018407071751554795, 0.021921426064680397, 0.020474252312542577, 0.018262476001466604, 0.02036914325252472]"
8,18,Linear,Causal Forest,0.578169574468839,0.7147917966507293,"[0.03282153886172893, 0.04285518477886627, 0.042755303918077164, 0.06114432296682867, 0.0354880847723187, 0.03878902540607877, 0.044271461461569135, 0.042623992751262406, 0.02455562097607761, 0.02345590572541052, 0.026594265875852757, 0.028872312226150415, 0.02250714375576706, 0.018760566114027977, 0.021211750979570395, 0.03415098592051936, 0.020579522812881224, 0.017192527901869578, 0.024089696844793163, 0.019516502581185962, 0.017198300890102734, 0.01676899946029226, 0.022510695309388914, 0.015650306995228846, 0.016729853051945468, 0.022673194436600617, 0.014927932584158284, 0.02229016414914204, 0.02068455101015131, 0.019225050794389065, 0.015979468668513103, 0.020461754734944316, 0.018425799053717124, 0.016930918287143062, 0.02151266664827948, 0.020159885592838635, 0.018616314728464183, 0.018035071005192756, 0.022291626586256812, 0.016691729382414998]"
8,18,Mixed,Causal Forest,1.8018707945508556,1.9609542266176323,"[0.03262151080969182, 0.013506484179294431, 0.013408133633999357, 0.01816806940546579, 0.015880176657360606, 0.020060904305676027, 0.01444482644285197, 0.01916145344449392, 0.01759382619681929, 0.017359863171119965, 0.018150369571398105, 0.01862223641683457, 0.015517917113189485, 0.022594577983443883, 0.018972762710481254, 0.016456838672061852, 0.03394191657197028, 0.0449253962143682, 0.0696797984853934, 0.05459264110186309, 0.049176872900437756, 0.044240459599832756, 0.0837706740638756, 0.08486440791108472, 0.012454718824150208, 0.020226205394710782, 0.016473232385434765, 0.016168405478433557, 0.015020736283505016, 0.010819459417816157, 0.014195707301915434, 0.01570474366786221, 0.014310495089170589, 0.01445889778928658, 0.017353478729427396, 0.01630060250891489, 0.01437189584598131, 0.016215499724088953, 0.014193490539264214, 0.01402031345702976]"
9,5,Interaction,Causal Forest,1.8246704732173966,2.2555522690471927,"[0.02341998452218276, 0.024504263720743543, 0.03108363964707246, 0.026944110433364976, 0.04140492242749752, 0.02282690140184847, 0.022962207372622043, 0.0475008802041776, 0.024840916575978114, 0.03683678082690606, 0.021156415865894996, 0.03053139751627879, 0.01689612203297572, 0.030002716962994974, 0.03656933662383932, 0.021385932395210805, 0.02325133703483647, 0.022601723085374822, 0.019471332523336198, 0.03175750344032005, 0.02057634873553898, 0.02096268246502151, 0.022215432729215123, 0.01746064918039409, 0.017407849896404634, 0.017010614059827688, 0.015125536619451001, 0.019546292629831527, 0.022062728465311543, 0.019048522676477164, 0.01596715836443997, 0.01527969067985612, 0.016825436756504743, 0.015894407671772543, 0.015054301494218077, 0.019790700652187517, 0.016836910278150635, 0.0177441027561104, 0.017134966449399394, 0.017006790689759094, 0.018798097538671538, 0.017709433732865643, 0.015519309969607716, 0.0183164295425633, 0.014757181352964284]"
9,5,LSS confounding,Causal Forest,1.7515294857095223,2.5483485336024168,"[0.04177879293252341, 0.029491341187264666, 0.06836731272069405, 0.021104549637841225, 0.04944284831293735, 0.032353547237275834, 0.03329666835559492, 0.03508094768291347, 0.03663436048334912, 0.018470116420645995, 0.019726988306210225, 0.017615080849175683, 0.018528649859568348, 0.020586540440211, 0.020131289738970017, 0.020876002026897947, 0.01579420253953004, 0.019176094223896403, 0.016072440633544717, 0.015260980618228875, 0.021802106000487428, 0.01522869881238869, 0.01663394290104177, 0.01809209462649096, 0.01876059106868407, 0.021649865269493234, 0.015976440872671246, 0.01901634290022365, 0.01761322260297697, 0.01718555600142108, 0.015228229618964372, 0.016743569987869453, 0.0181475358191991, 0.016165168658646534, 0.016585589821043762, 0.017118956634160066, 0.02015041882469661, 0.01955830693126243, 0.019555206497064923, 0.016270802748514418, 0.022506569041915177, 0.01889334196110063, 0.016072314966667903, 0.01830457698763241, 0.016951796238109985]"
9,5,Linear,Causal Forest,0.6260816172486863,0.7800378769718882,"[0.04083879373664108, 0.045842800188106284, 0.05984625304569882, 0.029026648827976582, 0.05066482995341062, 0.028221034806037704, 0.04173763681056584, 0.05333077655679557, 0.02893781265552888, 0.0290897054860026, 0.0255950002732446, 0.026119645249746734, 0.017352978831007608, 0.020795745981219502, 0.017976610375836255, 0.021037399118536713, 0.02350750670801873, 0.02665265859574821, 0.013270047722477836, 0.014784352471566158, 0.01674964937625746, 0.015183063443080074, 0.017980082857910508, 0.018111105235558634, 0.015484149043858546, 0.01414131309294503, 0.01604884824667584, 0.016440200348791668, 0.014504341497226063, 0.014963029528611876, 0.015215439043418289, 0.015535513535353693, 0.014638995328770353, 0.016578247627547914, 0.014762913430221195, 0.01467745308974618, 0.015507078925691038, 0.014071164641276423, 0.015241269511067015, 0.013901703580560587, 0.014627086661823174, 0.01500281644790342, 0.01594102452555815, 0.016013024516527252, 0.014052249069453283]"
9,5,Mixed,Causal Forest,2.0750880897821036,2.249845260206398,"[0.01706911132814523, 0.016505818754871903, 0.012774612597593656, 0.01395483081497537, 0.01395099486550491, 0.01699050580078097, 0.012655691886170118, 0.013829409444950551, 0.015796170556506763, 0.015328075860892014, 0.015450071936159111, 0.013401372955806685, 0.01656549979250133, 0.01357662560725121, 0.01584009349839725, 0.011898251312858646, 0.016729060191738775, 0.021705417673192087, 0.04521429234283602, 0.04188524347157141, 0.061571899784093886, 0.05994145208602512, 0.0687576460329429, 0.05064003173718966, 0.026251316519245095, 0.05677913942250434, 0.041579326018281404, 0.015329706976139392, 0.013564692509150843, 0.013947847356791164, 0.01544080451452877, 0.013558853266339042, 0.014120483809393233, 0.01611133093118712, 0.01488062182916812, 0.018463755165269356, 0.014115226771988176, 0.01675351478467935, 0.01424968803668689, 0.017648428543543194, 0.014714266164170969, 0.016883707292559728, 0.015268919730525576, 0.013368683025335698, 0.014937506999556852]"
9,3,Interaction,Causal Forest,1.7966755808052293,2.2554839440500682,"[0.022768510484863527, 0.029547591131637102, 0.021891217741180403, 0.027469962055928485, 0.022914587827667404, 0.030548945957065282, 0.040119297879526616, 0.022185658322932796, 0.020499820430226873, 0.021472103093300287, 0.03450234374843167, 0.02574238345630054, 0.023992716639986162, 0.03498426090822549, 0.03533898643826982, 0.023411316107884727, 0.03757945446666209, 0.030084241706240564, 0.019226070077161865, 0.019930298655104012, 0.022829988303635314, 0.017815205984740554, 0.01419953961982571, 0.01959678533992842, 0.01568332620795367, 0.0175919420723229, 0.016736422343933043, 0.013318273309364533, 0.014866931330934717, 0.02251348389238769, 0.018065647714701243, 0.017136898002939705, 0.018089979180282344, 0.020276479896781854, 0.01926158202932257, 0.022529873178862705, 0.014037047878085636, 0.016234778863780622, 0.018559941481623963, 0.01969366024053564, 0.017784771227407604, 0.017389231876510113, 0.021362740399410017, 0.019593573096915916, 0.020622129399217683]"
9,3,LSS confounding,Causal Forest,1.8061271602160573,2.5326183991253286,"[0.02626319775904754, 0.03545840900685275, 0.03629073453922868, 0.02591864476685179, 0.03280675982969258, 0.06579484379997104, 0.029398946907181568, 0.045372521770919834, 0.032178544533125575, 0.021767309045970087, 0.024885805399492374, 0.013493549016684087, 0.018445959410181775, 0.020406224978361975, 0.023268717643294877, 0.02302713023112684, 0.016595384939141006, 0.018130673181515046, 0.016157777878967255, 0.020407183008368916, 0.015936540166381873, 0.016573898262572676, 0.018544044282423757, 0.02408604281313022, 0.019370563267937513, 0.019643358219966548, 0.01657243945794716, 0.02171622933570666, 0.020678061033042372, 0.015490732198038345, 0.020584991328599932, 0.017725152662825566, 0.021260143453348385, 0.019653462732870802, 0.0173732689504966, 0.018568047116854294, 0.017258500381699675, 0.017835959925855526, 0.017117150322431635, 0.01724577583903123, 0.0146036487937379, 0.01812164688335759, 0.014959623458895281, 0.01545715691096869, 0.017555244555904306]"
9,3,Linear,Causal Forest,0.5831447053892908,0.7596180191623245,"[0.03766621516157441, 0.029257911785329663, 0.03841484835934969, 0.04120418470601079, 0.029719988913517036, 0.03820578594304012, 0.0470062955206811, 0.06248155570682248, 0.03291193165010716, 0.01509530008345683, 0.016500902677334336, 0.023346065788280253, 0.020138670974483096, 0.023142907881254997, 0.034261646019107674, 0.041039680519859206, 0.02037126098553288, 0.026316886301398168, 0.014951364644369159, 0.015506901516221387, 0.01474645507373392, 0.019239768452773743, 0.012100918363373772, 0.019338397530711773, 0.014819853080685667, 0.01796513856466385, 0.0157589063227355, 0.012916394031203489, 0.014251722422061278, 0.01398385245634529, 0.01622330922249219, 0.016069296766829316, 0.016243386435224196, 0.018953036436766567, 0.01872755579052104, 0.013988156146254416, 0.01612503437197021, 0.017477932300839428, 0.01369608245921437, 0.014421692217269796, 0.015849343559518673, 0.014110443435416427, 0.015363828838128916, 0.014819185213698571, 0.015270005369837043]"
9,3,Mixed,Causal Forest,2.013500493907109,2.1718841458074123,"[0.02066871190811964, 0.021099398229936183, 0.016813233211789746, 0.010663595468351139, 0.016145612875585788, 0.021634366098320597, 0.015983350410917672, 0.01781916255059225, 0.012920931210449994, 0.015488080675807378, 0.015799836159861705, 0.014880514163870644, 0.01520936466884956, 0.017864050504565066, 0.016430691030804044, 0.012419707682486975, 0.016736714311545938, 0.01888320428367297, 0.027324974279704536, 0.05305299850549391, 0.04683412868894722, 0.030260939723660122, 0.046933256512141135, 0.03984290066831062, 0.049075433416578836, 0.08468739584971142, 0.06023808936989703, 0.012872301933472791, 0.018041050196113288, 0.012708419094891418, 0.014107961245555824, 0.014336609723369418, 0.016092481849205753, 0.012328390849206436, 0.01533820949014716, 0.013276506392694207, 0.013884252888514132, 0.01116646402054978, 0.012534879708644184, 0.01522878169163604, 0.017235681158442363, 0.01743992647166357, 0.019219043440387724, 0.013130098965428577, 0.015348298420105417]"
9,2,Interaction,Causal Forest,1.8035094121666873,2.2579430894442294,"[0.02998108600075644, 0.05200524432942917, 0.027852717274823684, 0.031277136152603836, 0.0194043081396508, 0.02749877716272321, 0.0179474248034615, 0.029436181387097894, 0.029537774803573568, 0.027058292596143355, 0.029967050536651847, 0.025476870006547726, 0.027925209432361448, 0.032431260111705475, 0.02233633436740304, 0.023569160904173332, 0.030995163684775628, 0.025446653441487572, 0.014406992571035176, 0.017298885076868047, 0.016830540395851676, 0.015864865246822856, 0.016802300721543244, 0.016934919087871533, 0.01716986897270251, 0.0159833919379828, 0.018598401794942602, 0.014655414707670488, 0.023118128246480664, 0.031161974901622373, 0.017359662402898605, 0.01737037935520441, 0.01636828042984214, 0.019704092444167372, 0.018676386625723997, 0.022774277445557458, 0.019279844423895277, 0.017867421699206586, 0.014151821262264119, 0.017338963128719014, 0.020584412444455115, 0.020284872599801954, 0.017188478030052322, 0.016894311134764473, 0.015184467776683561]"
9,2,LSS confounding,Causal Forest,1.7997762293416506,2.5642093844738594,"[0.035536274490931094, 0.04864873753904907, 0.021504785059658086, 0.02378320167487522, 0.03111820717041651, 0.03338559328929295, 0.051437994227241775, 0.05903513752389428, 0.03949499219121472, 0.022090539472056615, 0.018588334267150668, 0.015094042116946002, 0.024325615519157448, 0.020042010450347696, 0.02103361148853632, 0.017195639911665152, 0.017256565102159557, 0.020063839273421903, 0.017928819740834514, 0.017819204083275413, 0.01504402451920566, 0.019312137655066973, 0.018610199164166036, 0.016732906953448673, 0.013289879182113473, 0.017733688918243284, 0.018124412116426764, 0.017601756163590276, 0.017871262893993815, 0.016879676234959968, 0.016617549802469985, 0.020403868972989125, 0.01469375827293386, 0.015575429710306975, 0.018858789953831563, 0.018953419917093317, 0.02056830660721073, 0.021224973081872472, 0.01741358231841358, 0.01793511294808955, 0.01815148112827449, 0.018960972360290367, 0.017946933214729646, 0.01672892543247515, 0.019383807885679463]"
9,2,Linear,Causal Forest,0.6155361383865428,0.7800910797505107,"[0.03638740206442282, 0.03947291337994436, 0.056488297747571393, 0.03326203669711242, 0.045727282537924234, 0.055269323627762504, 0.04691027960134635, 0.03626918434285205, 0.01725172228224474, 0.03974096515444453, 0.03667011286376512, 0.021895479463782338, 0.026075999888775146, 0.015815096210543306, 0.02398773196793178, 0.019394432020127108, 0.02654635337689604, 0.018107199814480567, 0.01345765016831618, 0.0178207377949833, 0.015420595224903029, 0.017193589447242835, 0.012705309023266144, 0.016943654360129894, 0.020152576419785927, 0.013207605812202752, 0.014861847899948356, 0.01237587540806772, 0.013964782596069043, 0.013827706949334268, 0.012252856435473107, 0.0175552792892204, 0.01630173351159189, 0.014446668071158367, 0.015673337904637156, 0.015325286376947219, 0.015181566650351412, 0.016627536337465113, 0.014690131974464685, 0.013643443353660968, 0.013401757191472814, 0.012891997392445662, 0.013694305230434588, 0.013928309784830601, 0.01718204634966973]"
9,2,Mixed,Causal Forest,2.056242416243194,2.1968503553706547,"[0.01739854194034606, 0.016033931678473622, 0.014151497150594978, 0.013702475709219595, 0.016783891852406405, 0.016665256899256506, 0.013724102752092977, 0.014860716480503038, 0.016505097442024066, 0.012565250554934066, 0.014873453002512426, 0.013732139529599601, 0.01427894366193698, 0.014473996389307065, 0.013645287877858785, 0.014461141355437851, 0.021893397110878763, 0.017800035963630542, 0.05571101598949818, 0.03868045599267269, 0.06928729015079502, 0.045450709451834, 0.01977948320092487, 0.04100406718771644, 0.05129415797049595, 0.05485789554785613, 0.06008515440414589, 0.012199257544710598, 0.014958258902158246, 0.012760563200742696, 0.01433043813559345, 0.014861109901784937, 0.018653570703150175, 0.01233489275625537, 0.01263435284737593, 0.02385592648288512, 0.016907219549116725, 0.013132674275421568, 0.016679953023312096, 0.015331135966119005, 0.01525046186070499, 0.015869515048925687, 0.01584944811367572, 0.02224114439967424, 0.01845069004144097]"
9,18,Interaction,Causal Forest,1.7930832318565024,2.260461451031084,"[0.03036064947859654, 0.03126025181194496, 0.020481255759723357, 0.03764664156922498, 0.02470877181293467, 0.018134052678154298, 0.028506922427815492, 0.05096234982773841, 0.021361190156608326, 0.030053274647790073, 0.04984998930044665, 0.022421062019247272, 0.024401574835009047, 0.03733151233905241, 0.017524518572774733, 0.024827624227161053, 0.018690500691627695, 0.0300003323103244, 0.014587966016153248, 0.02588323742473724, 0.01744930760093161, 0.018491613086015463, 0.016263612922992558, 0.018690258475607225, 0.020434525966203737, 0.01765840735448077, 0.02144924569255746, 0.0158084617624185, 0.014914152024325405, 0.019001217500405093, 0.01447805504889348, 0.01934575139769954, 0.015934102318127065, 0.01546671895561317, 0.01959866892786093, 0.019353536478341572, 0.021851030493464346, 0.015124199716928206, 0.016875007690088113, 0.018690263761678507, 0.01727035923682916, 0.01849875364299764, 0.01643057647711881, 0.01563821936578784, 0.016290276195568963]"
9,18,LSS confounding,Causal Forest,1.9696240104490512,2.6864212256290094,"[0.03655652007258664, 0.03563777561883875, 0.07590967924278598, 0.019845632611574564, 0.030443064534994093, 0.0335576800131971, 0.03531403520001839, 0.028390993586040275, 0.03240610454985708, 0.018948932616992382, 0.019028820767874106, 0.015460945674400144, 0.03172840172674164, 0.02044532610785985, 0.017277380661932434, 0.01591817655386084, 0.015448245815933397, 0.017567830371653104, 0.014446504578962788, 0.018025360699249184, 0.01929198765617891, 0.017993332783333565, 0.014910359934449351, 0.017820515039523695, 0.014453882622495891, 0.028040207010643588, 0.016989975221871328, 0.018996325987284873, 0.019495575819619877, 0.020802224573623938, 0.0221635015099792, 0.014751556107650778, 0.019791717309460836, 0.020286443556113063, 0.018042894395242575, 0.01710532565278681, 0.015421930252447298, 0.01928738593112635, 0.017540479678705527, 0.01664959800979279, 0.015257407301150255, 0.024427370122310305, 0.0192425096523252, 0.020174408058206382, 0.018705674808324982]"
9,18,Linear,Causal Forest,0.6223032917320871,0.8046417286673776,"[0.047745230408006975, 0.034314791150885426, 0.031122824080361357, 0.030501050604208685, 0.03612925921505986, 0.023809396275673637, 0.027822037648557587, 0.032582042753216925, 0.045389401956752486, 0.03048345243084276, 0.017437821406145915, 0.03327191451735694, 0.03160581683925257, 0.020762723115898746, 0.02083761218889505, 0.029693599583285685, 0.026827762472798992, 0.018779386922811572, 0.014999761082355541, 0.016897436002335044, 0.01402185212910106, 0.01865537340733781, 0.021350977434119015, 0.019558064891431262, 0.020642051711907316, 0.01656229423249739, 0.016428684944570632, 0.01806832207447243, 0.016370429646783112, 0.01541256383332116, 0.016553510529459557, 0.020009256490437558, 0.01836567035855652, 0.01686521736344321, 0.014456484653549477, 0.015125634318491187, 0.015119050853762668, 0.022210279391591047, 0.012659179799878559, 0.015144156032045896, 0.01539443407483921, 0.019899713878219306, 0.016086196324901363, 0.02075489510221258, 0.013272385868369008]"
9,18,Mixed,Causal Forest,2.0355754632712806,2.169896572670355,"[0.014323994627550986, 0.012153179164017872, 0.016626870634537837, 0.01569939309028959, 0.016903782437980318, 0.016228266745958345, 0.01833396194308121, 0.015779282826043104, 0.01876750642366401, 0.019881258099234096, 0.015952968999479025, 0.015268849038930318, 0.014101763264017216, 0.013980207655650433, 0.015348207006174043, 0.014683318985461293, 0.012617173182337928, 0.01800793944745559, 0.047277781341428564, 0.05199383358618278, 0.0697651482129874, 0.030141604747121586, 0.0854952702466634, 0.02760507532103595, 0.07137708106353542, 0.02079345116597656, 0.044185444413923455, 0.014299020363988937, 0.015104212526832354, 0.014198162088556128, 0.014720721184330852, 0.01713009862205158, 0.014846667261199611, 0.011764681016160104, 0.014524299391229194, 0.01664819640301172, 0.014254904932597562, 0.01185779063007104, 0.016512857950040875, 0.013718150374855713, 0.011363521858534113, 0.014292478996072533, 0.01813471816747268, 0.018674062029308512, 0.014662842532968214]"
9,8,Interaction,Causal Forest,1.796696873008571,2.2554312015798854,"[0.024864542783568557, 0.02032660110308381, 0.02073178578554207, 0.025189372091385154, 0.032692489078666453, 0.03683626197307266, 0.02470111231905487, 0.03380451666591472, 0.030760168039915766, 0.023745894890617632, 0.06403046276252425, 0.025125570345917246, 0.029763329531816613, 0.02513601170432528, 0.021795429523755645, 0.03037834405940016, 0.024263018758390386, 0.023072885699565702, 0.02102017775256101, 0.015929846106468627, 0.01751136104745565, 0.017449900950362116, 0.01729864698476725, 0.021185212994997493, 0.016940277721569034, 0.014911392926489861, 0.017679750356693568, 0.01658758490650471, 0.017449351576742198, 0.018248947850799314, 0.019081301771788257, 0.01811374111056466, 0.01767783056954969, 0.015827677023084394, 0.0211592260582586, 0.022175885621324845, 0.018328491303513907, 0.01946029966180643, 0.01679226540809198, 0.016239236353982344, 0.01571761722246833, 0.017149873028638924, 0.02017776098638878, 0.016269407453329717, 0.01639913813528146]"
9,8,LSS confounding,Causal Forest,1.8440669667480394,2.6872977368794615,"[0.02762462283630672, 0.045170519235779805, 0.042492162310148456, 0.02441364694822032, 0.040420861950596715, 0.033545091279827244, 0.042578315289023005, 0.06116194917334509, 0.03613263619724275, 0.015962378598674415, 0.016622777968663734, 0.01745107258258079, 0.028898945866039662, 0.020336417622341365, 0.018017057199652062, 0.01927913399430697, 0.0175469089767629, 0.01798342745683321, 0.015259333039496998, 0.018394645486129936, 0.017765927449347536, 0.018923627207159312, 0.017366734510103753, 0.01812326192505959, 0.01715430837255781, 0.01927702260359843, 0.018326285868978987, 0.016741407693235823, 0.018467136241695242, 0.016143146508467553, 0.015400941347480348, 0.017651728991006747, 0.014560505163734425, 0.014716158401325992, 0.015133674712934747, 0.016787418272933192, 0.018587972886203754, 0.023664804191254614, 0.01756631678111642, 0.016829981566447404, 0.0167632652072427, 0.01816599961010356, 0.020483413731790846, 0.018701877828533657, 0.01740517891571555]"
9,8,Linear,Causal Forest,0.6343540170357853,0.7926831676556325,"[0.023898005434359444, 0.036332443560301755, 0.023558365258838622, 0.03244228952504958, 0.05050651911874762, 0.026482436552314224, 0.027532579471711692, 0.024340007752017077, 0.04206699395855319, 0.02174656163212227, 0.03852175093859792, 0.02874692926648142, 0.02730720495290551, 0.018016508983945655, 0.029020300565110083, 0.028946550565484393, 0.023638486446796805, 0.016435470634536944, 0.0180845015619731, 0.014604493841710146, 0.013531803854286135, 0.017925672351718058, 0.01750554233649862, 0.01683404804413595, 0.020138777895654675, 0.01748304449657611, 0.025848271234486096, 0.01738497613784046, 0.017072790324062594, 0.016372425804844725, 0.01689435332219665, 0.01708678582754421, 0.015560074843711056, 0.01842147517146367, 0.020842585029829195, 0.02043436839638656, 0.020669329227945902, 0.018980392621258776, 0.01365038343267696, 0.01809305574137227, 0.014689822121930365, 0.017602378447831073, 0.01509885142806986, 0.022821095217446463, 0.016829296668676254]"
9,8,Mixed,Causal Forest,2.0584400767079027,2.2488567643204997,"[0.017044088012312008, 0.01711534461143548, 0.01425348792041684, 0.012890196141627657, 0.017955585979729252, 0.014563470620500587, 0.01304857028022711, 0.014614363727241706, 0.013103161492399967, 0.014877642841543135, 0.014492235920351886, 0.01200208295393909, 0.017112406882707484, 0.01501957244544615, 0.014243787075453804, 0.01589605478221221, 0.015887159096239632, 0.014580426262045667, 0.07342223116540467, 0.03214396403851519, 0.061503030682533655, 0.05491829640145281, 0.037388487518830914, 0.08240708414764915, 0.0790021206437565, 0.030800160763232685, 0.020117779836377858, 0.013038512435233476, 0.014019786873679376, 0.012790112545219213, 0.014560387312089824, 0.015238057558825315, 0.01253347156180784, 0.012823042211592885, 0.015283585418810695, 0.01722527095420854, 0.016108466122891466, 0.012514819970382689, 0.01641749594158898, 0.01609572828354804, 0.013398381401355243, 0.012582158916070077, 0.012959307142602685, 0.016493327858462765, 0.01551529524804774]"
9,1,Interaction,Causal Forest,1.7891116458065106,2.2580150448994885,"[0.027414328632786842, 0.02844436766790576, 0.02707337904070949, 0.01964392225605643, 0.02536823060986529, 0.021738826152631067, 0.03229883203311057, 0.02547719577907392, 0.028487955436282818, 0.023315647448793126, 0.02650148440578769, 0.050170574306948296, 0.025712861704377272, 0.025619455315495462, 0.026090525888916943, 0.033242025903802694, 0.03729885614836352, 0.028604534869242648, 0.026790645331394147, 0.016842422837677833, 0.018934725171462483, 0.01959147767267086, 0.014614417633565439, 0.01779937039816045, 0.015696806398223392, 0.020442698754622447, 0.017953481666433464, 0.012210800106816223, 0.02056918376309493, 0.019292332971436222, 0.016648176110879345, 0.0183015523558758, 0.018583686121618398, 0.018121535564168883, 0.021036830779937902, 0.014607574735128557, 0.014135597351941608, 0.015597567080124624, 0.015372479605366867, 0.020113103850525896, 0.017113547099077524, 0.01730416403701532, 0.01911293858139346, 0.019651309727664112, 0.021058570693573992]"
9,1,LSS confounding,Causal Forest,1.7358622128889545,2.51609594833048,"[0.03032708114398296, 0.024836783848009938, 0.03500622418323975, 0.02936971549633119, 0.0403547667673024, 0.02990151766017581, 0.03030968937131332, 0.0627422077279796, 0.05614062926083128, 0.017166648901890447, 0.014840754079344844, 0.021989195405407565, 0.016851993939095478, 0.020495562356512925, 0.0173563030848501, 0.021708690507168477, 0.01949380011551216, 0.024837147703690346, 0.01788574598828874, 0.017162376427987087, 0.019328676645921486, 0.012965938025940819, 0.018751089000456717, 0.020147850691361723, 0.01658403622902712, 0.014960007846165236, 0.016500056068815924, 0.021431364585943635, 0.018224959717596738, 0.01861420102409066, 0.017499503403298332, 0.02295918255456783, 0.021616155197724616, 0.022446594894333798, 0.01971919831719235, 0.0147779752222106, 0.018650331955831403, 0.015710895474386505, 0.014988990021276958, 0.018940720324901933, 0.020678964664282526, 0.016512610555746675, 0.015106974852961468, 0.01633823241763639, 0.017768656339414313]"
9,1,Linear,Causal Forest,0.629174443983914,0.7791989645477941,"[0.02095031065007803, 0.04827184835069812, 0.04810848996742655, 0.025435680336279708, 0.031419200204816505, 0.03601734270590281, 0.017954433204533868, 0.05424220482487573, 0.055956261968601685, 0.03656930080022869, 0.016252701299554986, 0.015157189454046996, 0.02576649740955812, 0.02580792023904897, 0.022380783678036986, 0.023606537577851795, 0.0258490154721973, 0.02195847071992239, 0.015675411814722335, 0.01699256875563524, 0.014307030695244104, 0.015530912582253453, 0.014981300663519725, 0.017635686143277554, 0.014766239816759922, 0.013225649166340064, 0.011657171011585157, 0.016823960491565506, 0.014724294742644275, 0.016938308869288987, 0.01292442011420703, 0.022687814047820543, 0.014162545720442333, 0.015937501059354667, 0.015292420647014957, 0.014682348211253004, 0.016287301655573627, 0.0168954306963025, 0.0204059431889951, 0.017924861797312827, 0.033699863918424854, 0.014799413519927328, 0.01859888782174681, 0.013524397582140335, 0.01721412640298854]"
9,1,Mixed,Causal Forest,2.047679715242722,2.193916420718383,"[0.011896147973988302, 0.012397949571166782, 0.0130480960470044, 0.018283151506438115, 0.01775642773991414, 0.013714048089848161, 0.014479123733504809, 0.023408535587566663, 0.014187935763856447, 0.01561286391492863, 0.01293019584629613, 0.01474426722963062, 0.01542285095861884, 0.013868528147289332, 0.01577659621711415, 0.014971970368117258, 0.01565230339026364, 0.011960434697255067, 0.06717515866293669, 0.0635501730866829, 0.056369960706269026, 0.030904864488691345, 0.03133629547465548, 0.06164354318368977, 0.054488329103982575, 0.06366465183121264, 0.0338622768315124, 0.017318606011436262, 0.019017726393569568, 0.013842137369650363, 0.015746325092068227, 0.011449008839483143, 0.02320856091915716, 0.013886581255192359, 0.011142113819579, 0.013948916785398582, 0.014601827570733288, 0.012664213908999333, 0.012731143257361896, 0.01605345274725478, 0.014098526893411734, 0.011157967562348145, 0.015446015531671766, 0.01661120532061136, 0.013968990569638769]"
9,7,Interaction,Causal Forest,1.7902443475456582,2.2620654577961603,"[0.04636665376875552, 0.035021238893718006, 0.021151337993292597, 0.023151337515761747, 0.03460895844370568, 0.030642172085436858, 0.024059248191346132, 0.029193335565292165, 0.02168480406056551, 0.02259881749001491, 0.03309262605301724, 0.026613196317923037, 0.025635797323322485, 0.022127943407897355, 0.039228486620430984, 0.022860771793927936, 0.021693994485837913, 0.02361631825323585, 0.016443901105795296, 0.021920585801759828, 0.01748271364567091, 0.017418985799596554, 0.017100358993776484, 0.017440862426025116, 0.019452043114804623, 0.025489914713803196, 0.01612089983696373, 0.02152932538196533, 0.01768270977131847, 0.021708287963425162, 0.01696967503384076, 0.0170434104059074, 0.01876465515403465, 0.023497426604304806, 0.013896178123932464, 0.02250766981876448, 0.014472639114053321, 0.013910266913744852, 0.020312613516437313, 0.01659599268018675, 0.016722251073667187, 0.01582864126312226, 0.018986265659528736, 0.017971688406423124, 0.01938299941366524]"
9,7,LSS confounding,Causal Forest,1.7713316218068718,2.5662910186210453,"[0.08485572774879195, 0.047982104624925616, 0.03864009035416223, 0.026048054151657913, 0.03962890978890457, 0.02694650469604122, 0.037578667775311575, 0.03284557986503951, 0.02405582332876497, 0.018640104731437047, 0.018052094095298434, 0.014881258649913392, 0.02039048634792013, 0.019257709431314357, 0.01911643874340997, 0.01523410230158192, 0.019307787437353018, 0.02109930308588427, 0.0148957003738471, 0.01787195753036119, 0.01828340102881708, 0.017035629286560865, 0.016384747801885195, 0.015651797044296378, 0.01993091453092769, 0.022631946292231392, 0.016226474536001265, 0.015347847920999138, 0.017345693531663865, 0.01784249901033371, 0.02337185557277635, 0.019267763986263283, 0.01714089010569468, 0.020149442496300515, 0.01678080484712662, 0.016150810514144655, 0.019804969919169874, 0.014393027852825771, 0.018845148487326005, 0.015462106710772744, 0.014348803413356094, 0.014055803193443572, 0.015397454793147455, 0.022150767105997594, 0.018670994956017803]"
9,7,Linear,Causal Forest,0.62024062690396,0.7926588804289698,"[0.0422632728852162, 0.04539082961777272, 0.025713202467102025, 0.026449638479702192, 0.02620477739010442, 0.043818446238980464, 0.028776898456405395, 0.04230543666195297, 0.03306646048052025, 0.01886795649970776, 0.024609717246960545, 0.022248267012466256, 0.018195475927490996, 0.018811142480395508, 0.03651431629249306, 0.029219448665459922, 0.026988330963906595, 0.029689231000145172, 0.014367721217398812, 0.02245463757409246, 0.015422772372562638, 0.018530976184011533, 0.017159648364329094, 0.01426313296494756, 0.013924625370264192, 0.01880414214067466, 0.015310057339539088, 0.019433326624608397, 0.014243090240455778, 0.014817400676573058, 0.01998551410008752, 0.015206361445915051, 0.017115885080145714, 0.013952822489209418, 0.016517670915761114, 0.025851076138989564, 0.01708519598072449, 0.014633816856221265, 0.015916380654056116, 0.020468628884198054, 0.013267564231637446, 0.013119345145650925, 0.01886562681674138, 0.017563438809521086, 0.022586292614901016]"
9,7,Mixed,Causal Forest,2.0322588823573455,2.19278228770719,"[0.016070620591202664, 0.012184003033336157, 0.016111334696791595, 0.015192907701373735, 0.012675163838273116, 0.01997380753209903, 0.013646891905193661, 0.013473494153629742, 0.01661968431700073, 0.018526391836163083, 0.01612821928545642, 0.016077297827764236, 0.014065021068478718, 0.014383266192909699, 0.012819876661068754, 0.01751469652890159, 0.014127802734939148, 0.015002116300689467, 0.03903367571321319, 0.04227717946240947, 0.03334837886026714, 0.052513108780316634, 0.07523179102777534, 0.07402120122328354, 0.06054595736550648, 0.04277636635569507, 0.047576117974914255, 0.015721357032385832, 0.013712143688742868, 0.01337019645543558, 0.01386981083580988, 0.014543983508043859, 0.016211020742628077, 0.014525723322606343, 0.015399991121370794, 0.020195732180043623, 0.012399482646276383, 0.012179719838050438, 0.011714319375375197, 0.01214606913120341, 0.012858167641818002, 0.015712719131746763, 0.013330872401911411, 0.012522824470700073, 0.01766949350719879]"
9,0,Interaction,Causal Forest,1.8509367689489407,2.2552148198913033,"[0.028015069529214304, 0.060675736064869853, 0.01962741096319636, 0.021998520337588593, 0.018612553605322886, 0.02016535452680599, 0.021693405145217434, 0.03749981105909796, 0.023257428143390112, 0.021702412218978208, 0.035182695426537, 0.0212549680780478, 0.022742764223392095, 0.023669091477746384, 0.02872695802440203, 0.02326410602140007, 0.022683116660510847, 0.030343007004545022, 0.01804381741921852, 0.01725155873967491, 0.018356560622721143, 0.01719655923820748, 0.020805561206840125, 0.015482117994536922, 0.017082883848438143, 0.019874345966592395, 0.02129577933151553, 0.01851974644689465, 0.018504605056955715, 0.016589047732803813, 0.01726820416527314, 0.023443935147599678, 0.018169725559597477, 0.021487189379892118, 0.01808858901531204, 0.02502870293162302, 0.01630566306064881, 0.01952239001871553, 0.022957112301178192, 0.02256516125408889, 0.01937678843570866, 0.021107220517562763, 0.017585132085539933, 0.020127905844281778, 0.016849288168315726]"
9,0,LSS confounding,Causal Forest,2.03709367100033,2.658837856516287,"[0.026624143175687735, 0.044850127337474614, 0.0430620253752684, 0.03493177767765559, 0.02367634322283215, 0.026091478414685357, 0.0207536203754736, 0.028605699959988216, 0.03141534975883363, 0.01833036455874064, 0.02024867380183218, 0.019158898730265675, 0.027600027052162822, 0.028213190199738586, 0.0161780170052047, 0.019497111944408715, 0.02022283714352616, 0.024939432181374333, 0.016097187139845738, 0.017565840242021572, 0.022986160303788864, 0.01729948690117023, 0.016463996160573938, 0.01798658164098808, 0.01900393774247897, 0.01528507534049854, 0.02138492708379325, 0.01983502059933661, 0.02661277753320995, 0.017223091787799006, 0.025392732094299767, 0.022185739126565206, 0.019410380833583717, 0.01738541155725088, 0.017116652735510062, 0.021016847629098452, 0.014694171243413183, 0.020721502580545826, 0.018363799286289152, 0.0210187941253903, 0.026429191423338962, 0.020598366413796882, 0.01459456514955538, 0.02303103064626554, 0.015897614764438833]"
9,0,Linear,Causal Forest,0.6163575095116477,0.7677444765692453,"[0.043867003972808495, 0.03186030501725032, 0.0337610711765473, 0.03458914370536366, 0.03735076255384061, 0.04834381386395502, 0.028838699290428902, 0.03533977849003072, 0.026151634697367344, 0.022348150170026167, 0.026690660335422233, 0.01914919131498844, 0.02764847033401692, 0.02185057097972163, 0.03153342643169641, 0.017101366436284144, 0.026670030206527223, 0.020902228545878945, 0.015938482600824345, 0.015483348153666929, 0.023333412383319475, 0.018603540725352745, 0.015483244898230584, 0.018635604987388452, 0.022455510027205867, 0.01444631425702266, 0.02112741670994119, 0.015959744215019105, 0.016817856984824697, 0.014400228471020344, 0.021659701675353762, 0.013328647077722558, 0.016810230968461303, 0.017930324599751357, 0.016456789798129312, 0.017097398869385806, 0.017786709420591056, 0.013859225751022575, 0.019640957215139025, 0.015778844053292686, 0.015196400664932726, 0.018256812945976756, 0.02071616605736697, 0.01502308095573049, 0.013777698011172972]"
9,0,Mixed,Causal Forest,2.03611659207502,2.2317984641187745,"[0.017246544306420693, 0.014605585158050988, 0.014162802624153249, 0.013556306163867564, 0.01377783414277263, 0.012952066697014012, 0.016417924202588974, 0.015083336235951239, 0.017900387450635283, 0.01525135119247547, 0.01918113633985024, 0.0147995522731645, 0.01602829266272763, 0.01784453875273055, 0.015480823543633511, 0.017226400325706374, 0.014451510083463674, 0.01558560635438682, 0.05367196256194924, 0.047996765363188275, 0.052042133916534505, 0.037687144842121274, 0.058501696754814925, 0.052713059811682304, 0.06250438794915779, 0.06444095239363717, 0.028503520607123054, 0.015245174046643424, 0.01816508912255179, 0.018710984853591725, 0.01468700140526973, 0.012303304891655233, 0.01423014259113936, 0.013630918187417667, 0.01116291168868225, 0.011371460509310009, 0.017200546665809852, 0.013740374719742552, 0.015059184068973394, 0.013334089292979618, 0.01973171703857562, 0.01158409691858847, 0.015506531618557752, 0.010647402578183975, 0.014075447092525688]"
9,6,Interaction,Causal Forest,1.752901141245769,2.256193493832708,"[0.02386667610784892, 0.037857341243342765, 0.03070589650324205, 0.021784946846147245, 0.020488238333273706, 0.014504300521325677, 0.03547604468234017, 0.03328523244626182, 0.024862545306003445, 0.027225042282289117, 0.025917567433488192, 0.02264503393217892, 0.029052231256459313, 0.040338372980471854, 0.025857174442281382, 0.030502252132425696, 0.02570031134417148, 0.03203602861076014, 0.017902732715974982, 0.016723076768192305, 0.021335577220683223, 0.020986633017010602, 0.024524885576262468, 0.016559755137621687, 0.019171204989599698, 0.0176963007963183, 0.019283605025009243, 0.018408990135058756, 0.016992812520828314, 0.01448508545651454, 0.017391781785063294, 0.016581626246494018, 0.018205003105100374, 0.017165194628667148, 0.019653743771263568, 0.016745611311544704, 0.017636074014729282, 0.018675354827767957, 0.013885817921710165, 0.017589886831464577, 0.015572925111532717, 0.020935556923812305, 0.014636422666568793, 0.023541034490807508, 0.025608070600087518]"
9,6,LSS confounding,Causal Forest,1.902218348863885,2.7634991758595757,"[0.04365681873542316, 0.029923509583810487, 0.028110816971769537, 0.06488883023019706, 0.04308662772967133, 0.029963582088243193, 0.021925121920227032, 0.04054727593481129, 0.03833334754640774, 0.014854523084234501, 0.01940871013237745, 0.014077534433838896, 0.0248305954299066, 0.01752025362030392, 0.019028532907502917, 0.014510950891599697, 0.01586554874029994, 0.026932166625829514, 0.01911323170140065, 0.016073656370711887, 0.017246251192568833, 0.020273540977597877, 0.015535619418709687, 0.01815922615671589, 0.014709103262833081, 0.022353219239471804, 0.01416901294275066, 0.017169831625296193, 0.02643909454773329, 0.01798264801658092, 0.01873746322783125, 0.016351110183754576, 0.01769005371318766, 0.017987766147065643, 0.017015185443832626, 0.018202336603845366, 0.014184653684610686, 0.015447529334907837, 0.01742139775119622, 0.015067865697664487, 0.02258573052522669, 0.02243507046234432, 0.016034908822022378, 0.020819863681019027, 0.023329882662666213]"
9,6,Linear,Causal Forest,0.6200718541006626,0.7864800310865662,"[0.030825711228021593, 0.04350951614311132, 0.03121971972387387, 0.03155903610345434, 0.031521948256460756, 0.054345954740838476, 0.035867301335701755, 0.05446719647299052, 0.04263915064238259, 0.018094407833805816, 0.0224248939487711, 0.027435189859081426, 0.02235377890999719, 0.027226967854724893, 0.027517415237997153, 0.024294063242137103, 0.021495505190086594, 0.028696203059752, 0.015697273683018848, 0.014718132641714787, 0.019074126143304594, 0.021965715090082983, 0.01950774584369612, 0.015268497252243152, 0.015787120165943195, 0.01899883745577253, 0.013802304843340408, 0.01573022540822589, 0.012184366728261594, 0.013319328363597987, 0.013676263435796683, 0.013884593905019147, 0.01349013683503292, 0.020700461995239134, 0.014433538800594137, 0.01640915307968506, 0.013038684612403796, 0.01569329025116067, 0.014461255347141107, 0.016361051166129265, 0.01372389819271027, 0.013815519195921167, 0.01692003916587305, 0.014570762297062811, 0.017273718317840255]"
9,6,Mixed,Causal Forest,2.0303322796957204,2.191747722977132,"[0.017533704658871017, 0.01293990140985834, 0.013579653954659467, 0.012108504004965737, 0.011779587430635445, 0.013862911085248614, 0.015923245407540934, 0.028564832707703346, 0.018895159250203256, 0.0131069737029724, 0.016458110349263973, 0.012774867887104087, 0.014776785911631172, 0.014879279873142259, 0.011209558662435481, 0.011948764177704858, 0.013869603934668996, 0.02356536422734302, 0.027200426396454275, 0.04987054727278339, 0.08649906465951616, 0.04653779016587359, 0.036308513886851544, 0.04809210115481121, 0.07436379447553679, 0.0383979068168339, 0.060333667521469465, 0.011973502159658242, 0.01098701083612843, 0.018690096954708624, 0.016091842106376056, 0.011324068814274297, 0.0128769613309132, 0.014238189187426809, 0.009112466015716815, 0.015419410217249416, 0.011690337425214813, 0.010914092101729517, 0.013785794918580311, 0.012119358660412399, 0.015919370710990578, 0.012765770998231991, 0.011998278352438526, 0.020562148603171525, 0.024150679620695694]"
9,17,Interaction,Causal Forest,1.828769399790338,2.2565939103138604,"[0.022517940214667624, 0.027921806632811817, 0.027433061513196588, 0.028456558844422962, 0.025867282262880365, 0.028242815453464343, 0.03460397928370958, 0.01789785482308832, 0.03447183041067824, 0.020019472814114897, 0.03809126247426617, 0.03585055631806062, 0.023962573438197063, 0.028992710138583015, 0.03012623776225627, 0.026958916573329036, 0.021519085938675665, 0.0230464627049768, 0.017502421176977104, 0.020972538439422456, 0.020422895513076526, 0.016626852319268474, 0.01878479574349255, 0.021369947331808546, 0.02096607440504489, 0.01681791543313206, 0.01780072404710192, 0.015464790924170963, 0.01907433521355567, 0.01760694773015874, 0.02203024762708858, 0.016345689976612322, 0.020648073010826454, 0.016702188712848804, 0.017008606800045588, 0.0190222911692008, 0.022538895968083787, 0.019915189200383442, 0.01613534625470474, 0.015661324959401007, 0.018206859080879628, 0.02313832661086782, 0.017670226611616914, 0.017772741847314637, 0.017813346291536185]"
9,17,LSS confounding,Causal Forest,1.873282648810001,2.7148046252966975,"[0.04596291250603526, 0.022736819111664756, 0.025833217095812863, 0.04560933143119859, 0.046413216073628055, 0.03164926767232356, 0.03797216314525525, 0.043499577716352614, 0.03374637467393258, 0.02370506650262508, 0.027012301820615234, 0.02072661096024143, 0.018666276949885485, 0.016466669356387565, 0.022707803551218212, 0.019913167980618412, 0.024820418038293712, 0.02845188933496594, 0.019584773659027575, 0.018116354901595234, 0.020386498427146148, 0.01453749160274582, 0.014548379657308977, 0.015008033667577232, 0.017761367334311585, 0.01898992286768392, 0.017256358114731297, 0.014063231856487753, 0.013811665981132856, 0.018445894551717815, 0.021569814024448873, 0.01746494766462874, 0.01416322299814369, 0.02038768658513044, 0.017902801316784147, 0.019181896150012777, 0.017414182300348306, 0.01623242339988566, 0.022858778805225237, 0.014535127067947098, 0.01559261068086771, 0.01903281664286207, 0.016468338265700565, 0.013879747453636338, 0.014912550101857486]"
9,17,Linear,Causal Forest,0.6265820069580648,0.7564314826553312,"[0.06218929632185685, 0.05720309812143596, 0.07171273726443492, 0.04151322537415893, 0.04328993457126826, 0.02927769395272052, 0.017406002834746647, 0.03350441851858601, 0.027626139270628416, 0.021681743540930377, 0.021135194456271406, 0.020156890585423776, 0.023482675173981806, 0.01803364901250342, 0.02587573292456432, 0.021115949976765535, 0.015829159755095346, 0.019585535363346153, 0.011705616955195928, 0.015140937264648298, 0.016279680763347935, 0.01795062904070372, 0.013040224256207706, 0.015476498043909472, 0.01672553847395292, 0.017290225342575315, 0.014556462980765952, 0.015846307546425492, 0.015506728467481577, 0.01500102587610008, 0.015613316146440152, 0.01529247793773586, 0.014348334073411849, 0.01726519543552151, 0.013236992842119938, 0.019898517681493047, 0.015961778150498002, 0.017447052607570682, 0.016355396639050696, 0.015146868098158685, 0.017781374605864805, 0.017576335439180055, 0.015750036947250256, 0.01816815508534546, 0.01501921628032592]"
9,17,Mixed,Causal Forest,2.0070349304143082,2.1534143862579804,"[0.014064642466087067, 0.012968798226452543, 0.01622153242907631, 0.01658840863334614, 0.01893677781817466, 0.014523697155578616, 0.014085904168201371, 0.017380391863453727, 0.013835740879146938, 0.014387795329937593, 0.01416770204003863, 0.014620516529264289, 0.017179492531389375, 0.014143407200416356, 0.014672538174514242, 0.01294038808439058, 0.01629110025522583, 0.01763900692845616, 0.031313261010949396, 0.030875739241634, 0.06678994187115271, 0.05617968399050672, 0.03495492606564993, 0.05516787200909906, 0.053060673949816686, 0.06664076971410746, 0.04403229739589556, 0.015655861859621024, 0.018216042256109104, 0.020800476149886272, 0.01607213118581231, 0.013545517632193653, 0.01433857854504528, 0.020195962859371624, 0.014396716017770823, 0.023975205336943577, 0.014801066250254626, 0.013295060380735161, 0.013504644806624784, 0.017274479119756374, 0.011545792733394724, 0.011712399783008219, 0.01400590103590624, 0.013841529359080394, 0.01915962872652391]"
9,12,Interaction,Causal Forest,1.7889215927249955,2.25511810971491,"[0.019736405899377557, 0.02644047429965392, 0.02007150875553716, 0.04301415605491805, 0.018668654459476578, 0.028612587392455494, 0.04329173464310419, 0.026122733601161584, 0.032320683786118964, 0.023867211326810262, 0.019038962874532873, 0.01583932247720286, 0.03844681704438758, 0.024665953089699873, 0.034218701502865025, 0.037415570455138505, 0.032999747931377256, 0.017736046809795, 0.019925421875569525, 0.01831904758549338, 0.018674870730320103, 0.017466348410729714, 0.0203121078327352, 0.016734214941142418, 0.016750835216648833, 0.017400740585525355, 0.01700715538490866, 0.015620118920354252, 0.0171852154838195, 0.01612840418055284, 0.01827461376537954, 0.014353567479657561, 0.019588470505833216, 0.018447822579576844, 0.01968539566416004, 0.02754565555030329, 0.02090656318536391, 0.017763693220621515, 0.016492588183683786, 0.01803550197340715, 0.025403466824997542, 0.019448383634284593, 0.021138238671119743, 0.013123844998385757, 0.01576044021181307]"
9,12,LSS confounding,Causal Forest,1.696511445382879,2.538975894924715,"[0.029064943792242608, 0.06155567294365476, 0.050319440489418873, 0.024386480786049533, 0.06682801768877913, 0.024621943056699343, 0.02979466509642503, 0.027824174001115577, 0.03214806757536544, 0.01830992383304358, 0.022965265539591655, 0.0203905569582828, 0.020087522803725246, 0.013987913823670843, 0.02360847111390837, 0.020101945347360466, 0.014062958949770624, 0.019667207837918862, 0.018726207128041263, 0.019473722283190966, 0.016175209560811716, 0.018011385120892818, 0.018234171667453745, 0.01367758605469571, 0.017312929067921323, 0.017573072476100196, 0.01725696782147313, 0.013579942914058523, 0.01869926378001271, 0.01395122594677832, 0.01589137094472198, 0.01856645934856831, 0.016714800434404063, 0.01822096137089459, 0.013758469312306334, 0.016630637019808027, 0.01835397453130115, 0.018312464473631333, 0.023484987385056354, 0.024024272294830333, 0.022094298628350696, 0.01779608936221059, 0.016105599735478246, 0.018971620635804154, 0.01867713906418087]"
9,12,Linear,Causal Forest,0.6081649224497522,0.76262254402765,"[0.04050009247459191, 0.029521663063099765, 0.04380982079194965, 0.04658784309329811, 0.027921416821752934, 0.04209352645828568, 0.02604225760917428, 0.03265883024273943, 0.026632289538876672, 0.029103800492129336, 0.035515838698746215, 0.031212739074033945, 0.02512073204517522, 0.02462364041066593, 0.029805306693994477, 0.018946631647517784, 0.02220433599951536, 0.019018310603516466, 0.013129970740004071, 0.015371479730543867, 0.018851012575344776, 0.013113472423968677, 0.016243813783628953, 0.014902490688384118, 0.016368594598419908, 0.01801002446777196, 0.014713447446416717, 0.01847812014622431, 0.019417837761779588, 0.01551582736227034, 0.015695662810081997, 0.01721756641012348, 0.018107586405120713, 0.014618228527969608, 0.013548093531072343, 0.013018702538329017, 0.014745741010636549, 0.02201325711971119, 0.01973099191750953, 0.019286683243598723, 0.01635894827763608, 0.019954380976774357, 0.01721104540044925, 0.016178735735884558, 0.01687920861128223]"
9,12,Mixed,Causal Forest,2.0657679191590024,2.217896514217031,"[0.015011731213803779, 0.020821400191239344, 0.01093752497844328, 0.017933447785925625, 0.012834618879321366, 0.012581265019440688, 0.013876719230561692, 0.015997109995684183, 0.013008460035585215, 0.013577991611337143, 0.014389428444594668, 0.012876112256185733, 0.016790226509967733, 0.01336339704059386, 0.015341534850510027, 0.015245687736826871, 0.013087428848687153, 0.012445706971488397, 0.05752692168275608, 0.055453513667550476, 0.04281311651744026, 0.01871031358537999, 0.0912953428184983, 0.0589845420193398, 0.03471164779628046, 0.07366511139240173, 0.044111857737337064, 0.01395075074066206, 0.011448545520513808, 0.013512214299395253, 0.016498782820386037, 0.015648639765900432, 0.016232046568022428, 0.010463882326568594, 0.018903753859438835, 0.01194160910529968, 0.01671812665967985, 0.011994460066420598, 0.012365781748164884, 0.020462340796780453, 0.014985163556184948, 0.019017171714827485, 0.015063341510884976, 0.010762708172451483, 0.012638521951237295]"
9,4,Interaction,Causal Forest,1.8100885273294682,2.260092791467645,"[0.03153549981795039, 0.025640512707706287, 0.02901008032681485, 0.03247821262761978, 0.031822528504876886, 0.03214236695667942, 0.02451422602687191, 0.019466170192058735, 0.03205168222062659, 0.020933401553049617, 0.022858273806184083, 0.02029521057703592, 0.03787032947023199, 0.024228230381595675, 0.03690311184324834, 0.03804979000166367, 0.02307083729156385, 0.019679496218285162, 0.0165641705081332, 0.019121961631553528, 0.021740416902614825, 0.017136986284828726, 0.02133254260980718, 0.016195078233810153, 0.014847922664366298, 0.02059704726736956, 0.016946045044568245, 0.01557298478847455, 0.018170019093930113, 0.021903143211891695, 0.018818273294289742, 0.02538394668474857, 0.017634234889366572, 0.021950866322664086, 0.015470777047230249, 0.017141567895302787, 0.017371128181214196, 0.012802758186166574, 0.017328601015558515, 0.019576313187720056, 0.01650777608978493, 0.01870071034621924, 0.01695596602634906, 0.0217753481603319, 0.019903453907642282]"
9,4,LSS confounding,Causal Forest,1.8102378985796228,2.5991584177224407,"[0.05110916698001755, 0.06013051427795168, 0.03250804263321997, 0.053464079998613266, 0.033808545176008474, 0.041531178627285226, 0.031852921283447015, 0.02767956742141752, 0.03232874377395214, 0.014734573195970711, 0.017176812861465853, 0.02130242053413887, 0.017609970930109863, 0.021921637377572075, 0.01698158609256079, 0.020762452395197115, 0.023349172804388887, 0.020613363951239246, 0.015515230242611318, 0.017580521096001403, 0.015599227044064825, 0.016399380231678716, 0.01788354524954898, 0.01572174045203028, 0.01629304300758031, 0.014741200936058718, 0.014622375598021403, 0.01909724268255945, 0.01544606771941108, 0.01868300480261825, 0.014822219536627148, 0.016648757972907616, 0.017070885681679995, 0.020836748236227432, 0.017222305405737024, 0.01779214080725824, 0.017068622345654042, 0.013587738045154476, 0.017773132319614512, 0.017859943923642003, 0.017551669029894645, 0.01733737055508941, 0.018851894446644413, 0.01829784688389713, 0.02083139543323115]"
9,4,Linear,Causal Forest,0.6295306185756263,0.7647776203994368,"[0.041129892178403044, 0.053251483148651184, 0.03079950052821775, 0.03417073371131393, 0.03363714520543206, 0.03199061390403283, 0.05370379654271162, 0.04620946349536116, 0.06130720139977327, 0.01964121540508752, 0.0189258010789561, 0.01684789947892949, 0.02044368864890202, 0.021910755175557853, 0.026154321644362967, 0.020146457081556768, 0.024515685944612814, 0.013790584918179926, 0.013913683440702429, 0.017330290959395075, 0.012692287556747324, 0.01821793820599626, 0.01322932523935019, 0.015438080949009343, 0.016219489674568974, 0.016796751037071723, 0.016080218360845572, 0.015581750684892079, 0.01753450453332389, 0.012862830021881497, 0.017610471639093437, 0.01441858423533607, 0.01733344513745099, 0.01614975597200465, 0.014231081333302807, 0.014472685291352436, 0.015132991903993158, 0.02056976356333077, 0.014894066028686457, 0.016936034948988165, 0.015839065618398554, 0.017888408916710254, 0.0156958557922281, 0.01733693989148142, 0.017017459573816233]"
9,4,Mixed,Causal Forest,2.0388175124414754,2.177814302681449,"[0.011957857227150035, 0.025038614603276103, 0.019500612034763203, 0.011384186289556026, 0.013436459910608626, 0.011792399694522717, 0.011982427395039817, 0.018021496579371733, 0.013984229847627632, 0.016301565253767906, 0.013513783245581518, 0.017521229831941203, 0.015033234169339495, 0.016210789572186916, 0.018224767852209584, 0.014365691956119489, 0.016315957599536787, 0.021554868802602285, 0.07339070753915483, 0.044313792726531666, 0.020815538489443796, 0.03578640598821523, 0.054412095980008034, 0.040769122216107866, 0.0625203678682568, 0.05149361242605002, 0.06448206262744353, 0.014122714267209282, 0.015398486454285798, 0.012465605209394602, 0.01762849055961885, 0.016227193678463883, 0.01157633266548251, 0.010993970332276387, 0.014307284347266483, 0.013919374575064454, 0.013917333355379164, 0.017079630156995623, 0.01410877095906071, 0.013436429001668016, 0.017987983987062993, 0.015471457478919677, 0.014586400134678192, 0.01557926829154564, 0.017069396819214894]"
9,11,Interaction,Causal Forest,1.8185120718824321,2.2556345875383235,"[0.03293037626130165, 0.026840581603216358, 0.03169397840870766, 0.021407961098636557, 0.025107639898195894, 0.026528433892021773, 0.026265737575631866, 0.042141597896151475, 0.03803672968280495, 0.023203285932055714, 0.024295148016398708, 0.02390651656847932, 0.026034349374319313, 0.02535473322996993, 0.02234181126951467, 0.024625702293963915, 0.023684201631560507, 0.03267358710281252, 0.01965226929814473, 0.022870849956232137, 0.020009511188980075, 0.016325075148975018, 0.015617737401758591, 0.016795237584750516, 0.01408156852160038, 0.019178662108954112, 0.01624182369218946, 0.01762099436228536, 0.024382936817293335, 0.024043941145634205, 0.016248948300803267, 0.018404913527459175, 0.017735797271360255, 0.019744555533291644, 0.015110627335326816, 0.016802274135644765, 0.0150585382480461, 0.02240585941919519, 0.014913617543220127, 0.01982427744857756, 0.019608763325330132, 0.017045989278924745, 0.013836066487174978, 0.024801701506101722, 0.024565091677002618]"
9,11,LSS confounding,Causal Forest,1.8047906361214643,2.661505267738835,"[0.051058144167942035, 0.03225618801502571, 0.038479827918270655, 0.048866876303633344, 0.03162609798401242, 0.03114903587208619, 0.0471931106907659, 0.038119957967471564, 0.03539258872514055, 0.016175894396214762, 0.026864895209781622, 0.01539291511163577, 0.021284067276988783, 0.018766194056432085, 0.01316660961676715, 0.015604595659609685, 0.01989100498281625, 0.017937721043609595, 0.01575683652688259, 0.018812532552575416, 0.01508111306814439, 0.017077271199731882, 0.015603654311309403, 0.015648530971720916, 0.020956479743548622, 0.01844824366883866, 0.022971754418538454, 0.02318727771204769, 0.01947816577953279, 0.02136779273030839, 0.015254778429476597, 0.01760793316631459, 0.019874657155688615, 0.016910524407389126, 0.020927055479688077, 0.018071430061834863, 0.016760249807186683, 0.015564549417290631, 0.014645011454950911, 0.018012066513240242, 0.017082021195151634, 0.01752360103212623, 0.014143722777341366, 0.01616609238969908, 0.017840929031237955]"
9,11,Linear,Causal Forest,0.664228136165493,0.7883832030604857,"[0.04143929835080324, 0.05050290907261945, 0.02694162122479265, 0.09027760781366988, 0.043580013748289466, 0.018705139087715754, 0.026600106163843895, 0.026696087964244247, 0.0365171455134226, 0.029002122005809178, 0.014957513914606334, 0.025539056211728407, 0.020803763264661473, 0.016011665839736625, 0.017661777133158803, 0.028885191175001493, 0.03186573446466659, 0.02295108039801574, 0.014172528668579027, 0.015497126555491838, 0.017067084166983527, 0.017250320421578248, 0.016895750894697362, 0.01603605018792092, 0.014062797311373998, 0.01476365971305003, 0.018680735214705882, 0.01538146763090578, 0.018175127202274634, 0.018959516327174238, 0.01239183492924174, 0.01984527835947211, 0.01406459747781337, 0.01778538140189844, 0.014485069853622736, 0.015285889312964296, 0.015427869976609561, 0.01572462638671515, 0.01526256964570056, 0.016430905161798424, 0.01607849834419545, 0.0163438020701301, 0.017832033130175312, 0.01384380606905648, 0.013317840239085029]"
9,11,Mixed,Causal Forest,2.031935504012548,2.1884336236556527,"[0.013623479999114244, 0.014463193408894076, 0.014607292764708653, 0.014816839683909991, 0.012587132411883186, 0.01345421911216493, 0.017367396594239855, 0.013395544278560163, 0.013992052498793135, 0.01153988392259851, 0.011798013953551388, 0.024756532571983115, 0.009879116184020771, 0.0177909619819462, 0.017489454235605557, 0.013973704439627326, 0.018077542748164293, 0.012971316414401596, 0.0333753525287016, 0.05531291074730671, 0.03874318307181872, 0.025912119738776107, 0.03903445049077381, 0.04801501793934947, 0.040214513795636356, 0.06297711761683372, 0.12883350731680518, 0.014093180099198115, 0.016912115712528458, 0.015254346625722386, 0.015175931872056996, 0.013489060092427457, 0.013733166276926112, 0.011376877585787934, 0.018260948183640047, 0.01294048163221073, 0.013850029714328619, 0.017767206589864543, 0.013568190613167299, 0.012961974013588106, 0.013318889004472817, 0.015020121255302514, 0.01187184163407794, 0.012904066952136022, 0.018499721692395193]"
9,15,Interaction,Causal Forest,1.7736645897373953,2.258850339207422,"[0.02854346137745252, 0.02449870684386689, 0.030085314171694418, 0.02248057537711937, 0.0237700214964998, 0.02540766158542288, 0.01641841141468883, 0.026502150373687052, 0.05473501955729868, 0.037206368834465584, 0.027915206252079612, 0.036309744698402, 0.03271630407110406, 0.03441509508509783, 0.027045310503257314, 0.030084422128677363, 0.019831626654886993, 0.01927709707652173, 0.014445005154684316, 0.021203011536234877, 0.02183729106819447, 0.025774996191832003, 0.018811804923234234, 0.018690803362328798, 0.013607788299828451, 0.01639262791031842, 0.016696863729255274, 0.01599354401089372, 0.019731673142691364, 0.01670714750188825, 0.016762054615237453, 0.01626685381793237, 0.01952232992318331, 0.017863508201171205, 0.017367940029024153, 0.020904496025163588, 0.01406901184350262, 0.018967503218108445, 0.017344464244885817, 0.018112473560600244, 0.019857530831145165, 0.012231328384829706, 0.017675626273927544, 0.019086035380025734, 0.01683378931765573]"
9,15,LSS confounding,Causal Forest,1.6047074797095011,2.535993905070574,"[0.052251460325383976, 0.04411646212206908, 0.03672542625544234, 0.06044318392303679, 0.02475768542946803, 0.052170146021108435, 0.0342988427767067, 0.022125807821389485, 0.03344840948270482, 0.019017206109029235, 0.014113661177961558, 0.0150873127306371, 0.02135972562856406, 0.018244364003389992, 0.027808862247054218, 0.015359839943803607, 0.034199806058726724, 0.0187457052291841, 0.01898321179387851, 0.016388764845207574, 0.01510255713960322, 0.01409029849036088, 0.01638262901479435, 0.012887473693864815, 0.014858818617692133, 0.013815347194770273, 0.017011072966799066, 0.02026610115163023, 0.016852306154364474, 0.018380166238678768, 0.01568980329565932, 0.017374519622197174, 0.018946276741275064, 0.017419005255526553, 0.01674169787149324, 0.016921286918249595, 0.018478611471377474, 0.01712419971850076, 0.01743810469119992, 0.01736905665281373, 0.014586147399937698, 0.0186444236886314, 0.018925494539955626, 0.019471839125341884, 0.015576878420535964]"
9,15,Linear,Causal Forest,0.6204073208064483,0.7906471181981458,"[0.03166234613096301, 0.02363414188332276, 0.04148942305824259, 0.03400863340410618, 0.04130008928578433, 0.06984917003123894, 0.027741567011390744, 0.024434387895721325, 0.023588112591319804, 0.022824115758071632, 0.0387652917784824, 0.023664011062491316, 0.027627505852943032, 0.032806050018074524, 0.017955479722696063, 0.019660592248077265, 0.021197314681415304, 0.030174553592091376, 0.013629890004173112, 0.023247404690810804, 0.013939915620397852, 0.01468113072559051, 0.01384435353087321, 0.015369333676035421, 0.01833118339008089, 0.01660382203024924, 0.01977447006562131, 0.02224578021200357, 0.017155230665700072, 0.01644327050163339, 0.013449499161190707, 0.01944782062345736, 0.01789112014133013, 0.017221689837726654, 0.014327775405619391, 0.012880249218017014, 0.015277281388499087, 0.01794927521362908, 0.018082294745735885, 0.01990991796915128, 0.01421791602813434, 0.014984970354560045, 0.017418969173172556, 0.013902192472060863, 0.015390457148113736]"
9,15,Mixed,Causal Forest,2.0339664037979657,2.201907977688886,"[0.013684764330700159, 0.013574442528427452, 0.014582882084249791, 0.01471834880029471, 0.013309869825092796, 0.012596739183436359, 0.016257810113757754, 0.015183623514901108, 0.016391420454053028, 0.016581495611364343, 0.020509463169823636, 0.015901092338121623, 0.019453532553688025, 0.013527370273851681, 0.018766404433485893, 0.014134893951725224, 0.012747524780863757, 0.014514732997966568, 0.06758245157806628, 0.06235181940661713, 0.08265566554139343, 0.04457457236375358, 0.040287679029220626, 0.03999737404168776, 0.04150025003736502, 0.03733153748254387, 0.04068994524361242, 0.01404116392951264, 0.014735342088325764, 0.016617601685394466, 0.011108707083988244, 0.01764327916302718, 0.012767952442332167, 0.012465324606219666, 0.01939704117879655, 0.011450643868070546, 0.017113505894970685, 0.010184624120721443, 0.017818912709679433, 0.015637670547048843, 0.01632212507684146, 0.01066747664684104, 0.014751197819070467, 0.01375762343540122, 0.020112102033694314]"
9,19,Interaction,Causal Forest,1.8330064232422079,2.260834114956181,"[0.027454395683129847, 0.03414210024366946, 0.026679215153302644, 0.022653730741006343, 0.017459812298396226, 0.01836489242183761, 0.023185937698554898, 0.030311571986397275, 0.033677601782425015, 0.02563414926132168, 0.03993813789343925, 0.02554655629775619, 0.02623960665365551, 0.0289454102063362, 0.027334130017370773, 0.0319017034760207, 0.02518710040407587, 0.03447992291104637, 0.019784171988418548, 0.022588774208198197, 0.015363342670210832, 0.017054617314412712, 0.02014481927905488, 0.01691611631441405, 0.01915174638949382, 0.02016422706263555, 0.019236345260209245, 0.014528974703592372, 0.016050238720828804, 0.016259729850983642, 0.025389193852663933, 0.02378798002381645, 0.01668263467807951, 0.015457572762179746, 0.01635839896386125, 0.02252686636660402, 0.01823039097863265, 0.015571029595147787, 0.019013294574467154, 0.024381768684712604, 0.01940423363866828, 0.01830057045061821, 0.01624616897036748, 0.016613482083156675, 0.01565733548482988]"
9,19,LSS confounding,Causal Forest,1.8986165465706535,2.6623898734613753,"[0.031065221154688252, 0.035574358299273114, 0.02898058107071307, 0.03238246359791098, 0.035568191344460126, 0.020743668840212025, 0.036751172277212175, 0.06422638076954428, 0.03541224117679513, 0.02139835624114239, 0.02042045925809419, 0.031372882601171284, 0.016412405983281263, 0.019662921322734755, 0.01898861986388519, 0.026492088010099637, 0.016126739258964774, 0.018232070356739568, 0.021350775971113112, 0.01955124438448586, 0.020271332025291824, 0.018756826230070606, 0.019999897075359426, 0.01760832041130783, 0.015702908031454493, 0.021703008298983716, 0.01794381426931663, 0.01547234222124663, 0.017632965449836096, 0.016910731972801657, 0.017225497085858788, 0.019531886190923765, 0.015034859109234102, 0.017310022364615808, 0.014431837952229184, 0.016586174244628816, 0.020996541693508536, 0.02103990910911725, 0.015363254221988108, 0.023561750278928227, 0.016466174127740967, 0.016830673531751356, 0.01882129076005224, 0.01764713612294453, 0.016438005438288168]"
9,19,Linear,Causal Forest,0.6147069223962817,0.762159715917616,"[0.019927582362916623, 0.042132512146951615, 0.03735138664556179, 0.04599575137470331, 0.0507407731523657, 0.030455526207819265, 0.05215207624198047, 0.025903415481182572, 0.02970833084093698, 0.015136214874010774, 0.021335829481062867, 0.022349302265535387, 0.022960581223910644, 0.021360378888990925, 0.022889716767427605, 0.02230109855682287, 0.03143798622668183, 0.027808794393761983, 0.016055479733731635, 0.024280570065224102, 0.019213018690368622, 0.014783865394913807, 0.01752184991049079, 0.01919099694653132, 0.014724206396531147, 0.015583375511295688, 0.014806843819622812, 0.016435847438386993, 0.015093594618099141, 0.01735183517501161, 0.015490327146242272, 0.02115787422062357, 0.021959938948593823, 0.015335839028301355, 0.014901355882167193, 0.012833702756517594, 0.01853294868808383, 0.01721902973399636, 0.015858669732459946, 0.02007605798656783, 0.017220474528789605, 0.016161392064450435, 0.016296153865209804, 0.01669771273768908, 0.01326978184747665]"
9,19,Mixed,Causal Forest,2.0071980267659457,2.1751937205802254,"[0.024706394525405847, 0.01567975690551001, 0.016040796578047224, 0.014375946071045333, 0.018475168336120836, 0.016618068170505103, 0.01635577544314286, 0.014259339227290634, 0.014105801037239461, 0.01798879502147056, 0.013008762538001588, 0.013997054974541871, 0.017018446240831417, 0.016783367777974973, 0.016623154871836486, 0.013528071916902258, 0.01626888144660427, 0.011952066268237424, 0.03695809266025817, 0.06515149472107094, 0.04912591517637063, 0.04514868509367029, 0.023947091591243693, 0.09671018175211006, 0.027662853111960005, 0.04121905529951845, 0.05661938289229005, 0.012500752720568891, 0.01097165862769253, 0.013799514942438605, 0.0170500590485203, 0.022477678226328613, 0.014073265353008665, 0.015814697119347784, 0.014902728701715294, 0.012792091786830693, 0.01795721161423874, 0.011890763234134696, 0.01371262319024295, 0.01687313005498991, 0.016106333938252636, 0.013319189084095493, 0.015008052863631065, 0.015438126802655095, 0.014983723042107648]"
9,10,Interaction,Causal Forest,1.818534344646032,2.25600711190582,"[0.02398151752324623, 0.022648136941084824, 0.03529146239352112, 0.027217694848353697, 0.017348482183824697, 0.03075798665371454, 0.0332459146251144, 0.054120149663663034, 0.023025731297184153, 0.02528638809363298, 0.03611280272111624, 0.03955047666190604, 0.02173461760958892, 0.01855927552594748, 0.025220509506052834, 0.024375152702478597, 0.031046492945071277, 0.01686103457313237, 0.012808185959328557, 0.0163946289058063, 0.018216131805678423, 0.022092465788170087, 0.02308832403914385, 0.017847435293271437, 0.01602575700075199, 0.027518645510951227, 0.016424127398872505, 0.018806731858457312, 0.01619676777804213, 0.018871125336235122, 0.018851317495038485, 0.019361579462552327, 0.016467134687357665, 0.014696252674345711, 0.022463424253559402, 0.02050554720232181, 0.015299081278470178, 0.01659238913741513, 0.01787523627642418, 0.018030273993186817, 0.01893739056057682, 0.014531383464735996, 0.017098387594916355, 0.016423894735868715, 0.022192554039887992]"
9,10,LSS confounding,Causal Forest,1.833241620173873,2.652579176919769,"[0.02997730682792346, 0.04860067252290876, 0.03658807795034976, 0.04758705639673455, 0.028632522091945983, 0.033145838770230786, 0.033636366954037114, 0.05512011796697282, 0.03449986145928765, 0.023834330114912754, 0.016290322664772646, 0.016634133514142124, 0.0208915149415456, 0.021589338125902822, 0.02024792548774779, 0.020300870775551847, 0.0196153546562271, 0.018975201949287902, 0.01316983141436718, 0.01697778666277306, 0.01912860899487001, 0.01630680249030293, 0.019505582252615852, 0.01762730832989594, 0.022246098098462792, 0.01829701835748443, 0.01630258725123676, 0.01741958268347633, 0.015775698478161113, 0.015142192106126353, 0.019898329918139612, 0.01724794275925922, 0.01568759192454845, 0.018700817443304988, 0.018460973499708603, 0.015956948878370344, 0.016251528673019676, 0.01647120766558948, 0.017380884863494764, 0.015570003139919901, 0.018250941454606925, 0.02451780585652554, 0.015829472675396538, 0.017129032522592683, 0.018580608435269166]"
9,10,Linear,Causal Forest,0.6002426158895291,0.7872767256999221,"[0.02509461272083789, 0.02836687894537628, 0.02636435054328579, 0.030141334792865074, 0.04148901975397097, 0.027955878660578904, 0.041295605986760825, 0.04104077952854083, 0.055779985500290605, 0.0223859314250387, 0.0277267041004562, 0.02304283209329048, 0.02603785051650083, 0.030303721463972966, 0.01721599857087354, 0.027181332236321288, 0.03074217120237436, 0.027713816499448526, 0.014677210952690575, 0.015994673365798934, 0.017143376438148693, 0.026056249458568062, 0.017696106685799084, 0.01649012421623152, 0.01426122742880865, 0.020126557460850857, 0.015307174135706205, 0.013016875374058054, 0.015370163125165717, 0.016042114121630698, 0.015653085109383832, 0.015851715375727188, 0.014040540081354554, 0.016265028031784427, 0.020054129272688945, 0.014152474269185533, 0.019344959314577956, 0.014256699068972761, 0.014516168509326455, 0.0141926070764378, 0.017577672442872984, 0.02076528254197486, 0.02068792598550925, 0.016269810866516878, 0.014311244749445465]"
9,10,Mixed,Causal Forest,2.0571389293609297,2.200152303819262,"[0.0151001803897229, 0.016659031172891713, 0.01813292898122866, 0.014735500216637025, 0.018239913163666473, 0.014952943288434956, 0.013021323835807948, 0.012670614040036653, 0.01878591187048018, 0.012506338591177247, 0.016857986709394743, 0.010285193203873928, 0.0194601665075766, 0.013686612882253873, 0.016656648778658543, 0.019396537133650832, 0.01663302840682139, 0.01512638532771971, 0.03632581947667428, 0.06605721238504611, 0.03349727454332931, 0.02754033346783524, 0.07027328915783818, 0.029642181035031436, 0.0948598366429893, 0.05130383068624618, 0.04079487327391555, 0.014304603302656265, 0.014692314163185269, 0.009934163964931944, 0.01806862234191878, 0.02057647989787884, 0.013025068618651938, 0.01774012457622534, 0.01574079971121845, 0.012233161949034699, 0.016244012217210124, 0.015379217385676108, 0.013611291325049018, 0.012477516413577984, 0.013417147649758437, 0.015485979189478728, 0.013201872236865704, 0.01509036976703776, 0.015575360120705555]"
9,14,Interaction,Causal Forest,1.7983535367922852,2.2550808025640907,"[0.0432335877056378, 0.03497066125121096, 0.02295824936672515, 0.04310853477479133, 0.026418696061137777, 0.031192681986466665, 0.038706320586176214, 0.02421294182007036, 0.021645095971766965, 0.037834884080919395, 0.02878460159594644, 0.018674194805568825, 0.016241620600928156, 0.018618591767740472, 0.033021090316386136, 0.038501841222104316, 0.02353962395779311, 0.024106544343908277, 0.016479899330738217, 0.0184536237956663, 0.015754196638449493, 0.013949738750330572, 0.018538319356860677, 0.02000790821458698, 0.017422254579682644, 0.016956656857732923, 0.018484963093023464, 0.01684053758691467, 0.02219071950373773, 0.01964506559400725, 0.01989362519947709, 0.018571164779940023, 0.01710454989215657, 0.022017340068297128, 0.016176608852205364, 0.016833942154098724, 0.01894212830124398, 0.015432728257497778, 0.015891926279757437, 0.015980257428174598, 0.01847325923149307, 0.015498450826009624, 0.01683548208412616, 0.018513978081801052, 0.01334091304671183]"
9,14,LSS confounding,Causal Forest,1.7969457810176732,2.5461277964104214,"[0.06567332388112647, 0.035826388282453235, 0.023539778347476538, 0.028965577785854065, 0.030277700412273824, 0.05769398513032871, 0.03087294764427208, 0.03343507780938152, 0.03348619288510844, 0.021683132868960193, 0.03079760136188485, 0.017497694907436488, 0.022778912569063697, 0.015383982579320752, 0.020836311595134608, 0.019609002308112893, 0.0221322498411512, 0.01673241846539137, 0.019686582860501966, 0.015382881093184288, 0.015328771123353103, 0.021009657053115808, 0.021517296928454124, 0.014961906082524547, 0.017016836756464773, 0.014840941597608893, 0.019456816523657775, 0.020951507033972486, 0.015030287890890493, 0.017718024830777546, 0.015274378567524748, 0.01674704858941511, 0.017256862219463032, 0.013860017288340035, 0.018711550696893196, 0.017297599579414714, 0.02046888398599979, 0.019748025558547894, 0.014880132762416492, 0.017279912710785543, 0.016246266787409945, 0.01908799865662919, 0.015793162094388982, 0.019887199886054772, 0.017337172167479768]"
9,14,Linear,Causal Forest,0.6250660981239237,0.773193803025656,"[0.03913502048830053, 0.03427014787356974, 0.056296421024232, 0.023647101909836852, 0.030986501705869075, 0.03446814905280366, 0.038236146844587024, 0.041529785471983466, 0.039037408663158205, 0.02429967190412415, 0.015294709537056157, 0.017321280155844884, 0.029977220133036, 0.016066450895550765, 0.020993036184691928, 0.03146317378555243, 0.023247695005829516, 0.028389007090288906, 0.015462487404165845, 0.016160277906363044, 0.015924035793063788, 0.016377787187213954, 0.01562613901544164, 0.01468808817217945, 0.015909274769445137, 0.015236042029242367, 0.016765773511346022, 0.01741285869610111, 0.01593468254172116, 0.01559444991027531, 0.01572002836509483, 0.016672329660949697, 0.017726242316793837, 0.021328260085133707, 0.014418657587053687, 0.017111786433875648, 0.017821614181583595, 0.016386183705772207, 0.015509838858624494, 0.017237237326608444, 0.020630281561166128, 0.01516886388269647, 0.02060426587647201, 0.01845675293132823, 0.019456832563972716]"
9,14,Mixed,Causal Forest,2.063254060928493,2.2236539483291944,"[0.014421857396150517, 0.013983182381507248, 0.01434369629854698, 0.014919539834778785, 0.01750701592469917, 0.019532670123402717, 0.012166120427177931, 0.016590997030385867, 0.01759683488233272, 0.015386010979422785, 0.011483325499291715, 0.019506003956377155, 0.014868767646258036, 0.014705416634359472, 0.0203136701057254, 0.017608630351895645, 0.01404447614861345, 0.013502000211341207, 0.043548119671201355, 0.029982853759603037, 0.02866806253921099, 0.06186106767973456, 0.04854143246865188, 0.06931005377198912, 0.06737359065286194, 0.04463606496572204, 0.06140785404438793, 0.014950579130269918, 0.01776245818308813, 0.013878478327594992, 0.010881839157796032, 0.014348665878455666, 0.013850776029870344, 0.0122204807644481, 0.014204495277404037, 0.01247630843974475, 0.012627500290906328, 0.013526001562299923, 0.01783435225361383, 0.020182220433555945, 0.015415880468720191, 0.012789244450960979, 0.015497925684311686, 0.01670234687786805, 0.013041131403461406]"
9,13,Interaction,Causal Forest,1.8065489771154417,2.2618820810436127,"[0.025762342569122826, 0.024886618043336958, 0.03089176774974949, 0.029603812112537806, 0.028606037779984685, 0.023185533773620218, 0.020840572158885413, 0.025399536259013398, 0.034663706462931355, 0.020036461866038115, 0.034416740320604565, 0.0291765130231476, 0.02064112073186525, 0.022745642583948577, 0.030035509277516956, 0.06781475424675923, 0.018893794264006405, 0.021199857227310527, 0.019825780376772323, 0.015333759560390276, 0.014662710848170078, 0.018925970847481263, 0.0211674762758034, 0.015263349401498687, 0.016551775340172, 0.017080506406526863, 0.0211604062584004, 0.01933837810836649, 0.02090763691925211, 0.014200124762874364, 0.02580851061069905, 0.01455848982193932, 0.015543223159326616, 0.0146304435504696, 0.014368387059156947, 0.016061708203741153, 0.015030281399783418, 0.020633399924710968, 0.017788543095143654, 0.031302387643903126, 0.01679753041537824, 0.01523265206576482, 0.017002896765731784, 0.017785171134744683, 0.024238179593419007]"
9,13,LSS confounding,Causal Forest,1.8860295082577554,2.6107508607276277,"[0.04465694408881475, 0.027509630999019114, 0.029609455015646373, 0.03381332753223283, 0.06511598529752359, 0.0227893787401474, 0.03672995300618212, 0.04483429459432814, 0.04016305343070394, 0.019196625876439395, 0.013769149873219928, 0.028814363509669375, 0.019941222493792553, 0.01945239830153849, 0.021089567359345758, 0.01898626249682197, 0.02167169439762161, 0.02101043347548181, 0.01785547745768087, 0.018308141467958512, 0.015578103504599752, 0.014105438101526582, 0.017154197136699204, 0.019321939997256423, 0.020660033744001053, 0.01741239384979889, 0.01669931773235939, 0.014289539778944312, 0.01576616287767871, 0.013467197993857377, 0.015271611245231142, 0.016886207098733425, 0.016050014980370446, 0.0159856111311989, 0.017720979324131664, 0.02172417995581754, 0.01849489328395813, 0.01851215441521199, 0.021115833567915746, 0.018494319375759537, 0.01542285324276925, 0.0183674550606478, 0.017216211096724814, 0.02064910757635419, 0.018316884514285016]"
9,13,Linear,Causal Forest,0.5987316019017052,0.774778401444737,"[0.05178080730428631, 0.02540542236473206, 0.03517600834848258, 0.03685769507993279, 0.02330259523763199, 0.05158093583257668, 0.04121808820383501, 0.027036216258585842, 0.04959931000617874, 0.039186505353210166, 0.02200636030628533, 0.02280826208130926, 0.02553888507144236, 0.020294673703563134, 0.038974977320702646, 0.01859215845163819, 0.019953214769918123, 0.022024457213385626, 0.014981539323267602, 0.018115590951475087, 0.015231521530976355, 0.012603620102837445, 0.01590124589633058, 0.012940221184771783, 0.014860465382547476, 0.0139124634631886, 0.014324073043794744, 0.017616105776079274, 0.01679580987119762, 0.015150836486776717, 0.01693935229783099, 0.012035731589026342, 0.016019848366610065, 0.014695691005948953, 0.017525293932479105, 0.017009602073745127, 0.015183588009936412, 0.02097661373505999, 0.018747727418149177, 0.016690331522289933, 0.013654332110098649, 0.01690014416426864, 0.016575111321965704, 0.013696747230119356, 0.01957981930153146]"
9,13,Mixed,Causal Forest,2.0372374595249325,2.1515001133797886,"[0.014641428274753154, 0.01757907231521261, 0.015477126331527903, 0.0162725053850662, 0.016997879075731123, 0.013295438172674251, 0.0147589396012125, 0.014727717855601516, 0.012675989394843998, 0.019007295075764284, 0.014684564787788679, 0.014241835856668415, 0.010580913634155024, 0.017217951544431703, 0.01489946017162747, 0.015011353804885153, 0.019592619682166565, 0.016496707958893856, 0.03366883452904932, 0.04247757667675247, 0.04405822471308314, 0.04455141028637158, 0.0238794576715938, 0.07338281401567881, 0.06850042148130822, 0.05784418150096528, 0.05876562270599044, 0.014859167790666192, 0.018095490726516877, 0.012154937548698645, 0.01607997387209376, 0.012344686868479102, 0.015563875905710501, 0.012850792538199162, 0.01838317134244, 0.01930102964951545, 0.014002434067951368, 0.012459621913869923, 0.013879869342748452, 0.01645120572060849, 0.0135705546061834, 0.019562683743229933, 0.013475219639413692, 0.017564061470747575, 0.014113880749130076]"
9,9,Interaction,Causal Forest,1.840911589540951,2.2584994472644984,"[0.03116774138004733, 0.02557604148461115, 0.015317869118510727, 0.016647070801094094, 0.03437345516769791, 0.02551881257262213, 0.03161210211277625, 0.01851457003550951, 0.02500616348422842, 0.02285701320665173, 0.03238604255016487, 0.02639809453265154, 0.025344669464417418, 0.029404780922158178, 0.04833995013019917, 0.022812120658619463, 0.03846073412857398, 0.019948635465845157, 0.019662883653145256, 0.02246633430906408, 0.02087612400138231, 0.019598482937060006, 0.020010690607005988, 0.021015625923702312, 0.02193878408028106, 0.016723508646225432, 0.018085434846560756, 0.021526311314212402, 0.017528912621627066, 0.01735566110862499, 0.019200999000457235, 0.02077590043219112, 0.016923650182480623, 0.022219624628198945, 0.01809156213558866, 0.017925930895291094, 0.018638845057814345, 0.014833843274464702, 0.0177248441304117, 0.012388250177883727, 0.01781007433957871, 0.018021028456949927, 0.020181790908914133, 0.02029409503041453, 0.018494940084090094]"
9,9,LSS confounding,Causal Forest,1.9342672423933587,2.5906376137258955,"[0.022606516449275645, 0.034210993960707335, 0.05673995646339306, 0.03765762821667883, 0.030392443105921423, 0.0456186779999542, 0.027502315996065865, 0.03209525050062358, 0.02369301575243644, 0.023696074857113694, 0.02516645179495564, 0.01865934103590871, 0.017752319173040855, 0.017643574882938034, 0.02311495754040177, 0.024298937349852473, 0.020636683408534015, 0.02973308630280082, 0.016406481840554786, 0.016469249544571716, 0.017072561650902724, 0.01752673838876976, 0.01864604359616436, 0.02013537839820654, 0.018907542344808067, 0.01935219322806564, 0.018133241294244647, 0.018400928787078445, 0.019815445870675217, 0.016230376348221977, 0.015857392475822213, 0.018253729622656808, 0.021333485689296966, 0.016479823312138882, 0.0155671426211906, 0.022865818909663372, 0.01660896984959901, 0.017375741634586352, 0.019370686133648837, 0.02039753298951122, 0.016180275005126386, 0.017046463340432874, 0.014970945811005698, 0.020617596865297697, 0.018759989657156768]"
9,9,Linear,Causal Forest,0.6162878750780915,0.761660950983466,"[0.04034613553990439, 0.024420226819237667, 0.027657895179932394, 0.0814600585388309, 0.034612834259422104, 0.037862829884525925, 0.028041733228438576, 0.029985049683598147, 0.03382748524862425, 0.021389871239142884, 0.02276377721119215, 0.02266205612220852, 0.029906997644512382, 0.019465197172042863, 0.017813679578697943, 0.02053451099592824, 0.025354299087434338, 0.023445096093933367, 0.018408231629554846, 0.01624405178907304, 0.01791356853626022, 0.016420280942537245, 0.0145134755877666, 0.0179146712037521, 0.01714660208218981, 0.014421522117997554, 0.01631606130990364, 0.021231474243748383, 0.014980423783615191, 0.0168290746115097, 0.016814266085620453, 0.016983052873402998, 0.017941712117384143, 0.018171952335692302, 0.015479864543395425, 0.021966308815733675, 0.023004633169803338, 0.013961029505435324, 0.013494400154969425, 0.017173775635010245, 0.016431501790698567, 0.016701914159393802, 0.013284845706248811, 0.014041987941278717, 0.02065958380041727]"
9,9,Mixed,Causal Forest,2.0197676210177975,2.169527330943631,"[0.012100379889160448, 0.015013652404373422, 0.011779623505906835, 0.020048848873055265, 0.015039024527613463, 0.012666504568092627, 0.019186590966085583, 0.016482497796422527, 0.01536859243287602, 0.019153937182784856, 0.011741798413747676, 0.01633993186586589, 0.012486934977833545, 0.014513379146692493, 0.012814914939895053, 0.018162626486983066, 0.012902835774507257, 0.010969011493201088, 0.07414700576267748, 0.055288790547013786, 0.034333085801298534, 0.048698877031565474, 0.03217572435651562, 0.032226777721548784, 0.09521584947591052, 0.07397881308653066, 0.05200624764693419, 0.014492811715774757, 0.01528345853907895, 0.011796746077681207, 0.01098398618747819, 0.01710422575161443, 0.012179633816326729, 0.013180446417034539, 0.014503110369367134, 0.012310652096022424, 0.011598578759350565, 0.011530055443754472, 0.012113620154346924, 0.012525294437766845, 0.014073984392891878, 0.013755305598123949, 0.012945829038073346, 0.013551622142988766, 0.011228382387232814]"
9,16,Interaction,Causal Forest,1.7804814079150695,2.2604404234069295,"[0.017539788156792996, 0.018754976402309886, 0.02377704224421406, 0.019119743675814805, 0.025897666673695353, 0.01690720238330145, 0.03994129670547689, 0.022711314791117612, 0.031304290530223516, 0.03196997992928938, 0.023647768296631146, 0.027232784919451403, 0.035372020767708165, 0.05166284045328605, 0.029523542237678835, 0.02144287804196855, 0.03073883688011612, 0.027460162968008, 0.021995676583770447, 0.01801328779954651, 0.01893189567531561, 0.012324372060253, 0.02141901452268364, 0.018806975658968193, 0.019049227175305158, 0.020245800413418467, 0.018032184895626392, 0.023023230607443126, 0.018329877718780106, 0.015579705680181678, 0.01784879761259917, 0.023558413374206087, 0.016870074872084397, 0.01615574571763211, 0.01648959957961064, 0.018833844416806036, 0.020021478436933436, 0.018691653599833068, 0.017420188464738508, 0.017900849327661377, 0.01618464606945132, 0.019008698895134013, 0.019524575292390368, 0.0214914377260556, 0.019244611766487132]"
9,16,LSS confounding,Causal Forest,1.803962005983257,2.5289548761185845,"[0.03423545219509891, 0.019824076286538258, 0.05253501900138745, 0.030256389274257632, 0.026505925856145304, 0.03808876632530752, 0.02473010722944881, 0.04492342621425209, 0.056563285843146634, 0.025245657543031933, 0.021582056259273976, 0.01704930128685682, 0.024003204272059347, 0.02076711371546919, 0.015224204179981349, 0.017378508973793127, 0.015845297102562324, 0.01842419923767025, 0.015723674514542128, 0.01677389390783083, 0.031245069445013426, 0.01765339732019504, 0.016265873371599477, 0.018440159258898487, 0.019950159202096873, 0.019450068294561078, 0.019294089900789603, 0.017807626846037802, 0.015802358877514598, 0.020429544514859267, 0.020268255132489817, 0.01904180790303421, 0.0203562859083571, 0.015802876556604763, 0.01811836894902853, 0.014608205552534939, 0.014934030255620673, 0.017674252724557495, 0.021054774281649216, 0.01567167993320656, 0.016962277157871557, 0.015363972856613648, 0.018701423043325473, 0.01953284451238603, 0.019891038982500456]"
9,16,Linear,Causal Forest,0.5885309423665525,0.760285411868994,"[0.03477000828317078, 0.04071672570765814, 0.034878416638985464, 0.03543312683961533, 0.03422243735757404, 0.046367447742658746, 0.039408492681324014, 0.027942114390388982, 0.029791162283457902, 0.02783815608764209, 0.030786518635200398, 0.024871304824921316, 0.02331364379660186, 0.0343955562817763, 0.017746042688215644, 0.021636350344856094, 0.017211953415703335, 0.024072722667577207, 0.015605778497827237, 0.017034793564444924, 0.015516931864388718, 0.016614352893510924, 0.021708505469281575, 0.019141683248580815, 0.014811208714335115, 0.014615981666717737, 0.01434201960161931, 0.01875487913463489, 0.013588785905715963, 0.012201007490006459, 0.02027092693116116, 0.01525003907673029, 0.018216733238395608, 0.015206483162932438, 0.015615364621009575, 0.016083936670160944, 0.015174406810754316, 0.023387986694449133, 0.01660892226880896, 0.02520364433422701, 0.013578387898350383, 0.014450656033236824, 0.01527791433231126, 0.016562357740092255, 0.019774131468988647]"
9,16,Mixed,Causal Forest,2.0702647957573426,2.2243055254139072,"[0.01618867131873722, 0.016252386456965178, 0.013934485206705944, 0.02007743849518437, 0.012043154140617622, 0.015814410175540815, 0.014636021035281842, 0.014485603960941071, 0.015741489809018086, 0.014741196328697364, 0.013259145294473047, 0.015197864073293536, 0.018464466398844345, 0.014709276379667019, 0.012970393135375919, 0.012294134795403068, 0.011617575529313407, 0.016714566359907528, 0.04804882070227197, 0.05174535798124449, 0.12048882511027337, 0.032223351403775476, 0.045758677133336374, 0.06432405383652524, 0.030425830283271685, 0.03727595245713503, 0.04319050116693064, 0.011652463856116006, 0.01644896256771628, 0.011677004949527732, 0.018763988082471122, 0.01201663319993417, 0.010552517141259791, 0.013029154250658943, 0.01083118004092736, 0.015076254814140561, 0.0145002150026378, 0.01170749847171298, 0.01790046146783691, 0.016618757136301756, 0.012439662342777769, 0.018878373663029097, 0.01643218005039559, 0.014144247320982916, 0.014706796672841613]"
10,11,Interaction,Causal Forest,2.0037683545244196,2.505649804549344,"[0.022088843623451426, 0.031373124978020535, 0.029127479871049546, 0.024827621585504677, 0.025240431417683895, 0.025800868329929394, 0.018016600153415042, 0.028699533488930146, 0.02128178905015931, 0.03360101807547648, 0.024077204240767654, 0.022442676450860042, 0.02038892809970397, 0.021688241542635125, 0.02414230206005631, 0.02955446226653784, 0.02303143274719278, 0.028925328016153863, 0.034167587545619466, 0.022274829118055606, 0.01741043858838174, 0.014559803644839706, 0.01604825273964937, 0.014536058189548917, 0.017358574366325104, 0.014306537786824535, 0.014591053371607748, 0.016726857872279222, 0.018617696045530624, 0.020534948207616886, 0.016148171294766533, 0.013565515296415635, 0.019473781188688498, 0.015163367771957283, 0.014607578339012167, 0.01522952877607779, 0.01609479581957374, 0.014422270489639129, 0.017744541308812874, 0.01753979173040393, 0.016087020873952657, 0.017616556227944485, 0.01654393458681552, 0.01617639923137784, 0.024698277945502656, 0.014841519166240992, 0.012229221954827257, 0.013567675076810129, 0.019328150076332894, 0.013481379371040932]"
10,11,LSS confounding,Causal Forest,2.0956393567589005,2.976599423770659,"[0.029371315429577684, 0.05903458163812563, 0.03834795011342666, 0.02685352112008847, 0.036122355106051586, 0.057292248199934434, 0.03841480510762027, 0.01980279402169886, 0.018069480015387666, 0.02661016328463511, 0.016489630628749394, 0.017193026534510065, 0.0175538777894264, 0.019175952906703164, 0.016855897099482615, 0.016726585198199525, 0.017920810306363364, 0.01303690135081223, 0.01827041050207387, 0.018917799849405302, 0.01928718034978513, 0.015680240373768355, 0.01559687917121537, 0.01449624411013863, 0.016177145855854815, 0.01695969788903076, 0.012974346205134681, 0.017811138688704736, 0.014728348371595375, 0.015858245026139573, 0.014872280474305945, 0.02028083233243609, 0.017531564304685388, 0.013843090764999053, 0.015364867345367319, 0.011296399265404634, 0.016742268558950994, 0.01735693689175629, 0.02012530117751166, 0.012502846741054063, 0.014624860416027537, 0.014157152263230423, 0.016161728680902588, 0.01662854884136514, 0.014482405493138291, 0.01870267485471395, 0.014604924365258187, 0.016002744494544554, 0.02042114206384191, 0.012667858426866442]"
10,11,Linear,Causal Forest,0.7173254592802091,0.8613015073553327,"[0.03289429584155241, 0.02163762369513521, 0.02177917730326691, 0.02048136662597773, 0.02803021296323751, 0.043126222010428615, 0.054141049908512026, 0.025566596238559655, 0.032242890541935555, 0.03834389546238774, 0.030472871708385762, 0.0193485952053706, 0.026151465114129798, 0.01703390714052532, 0.015545146137870853, 0.018460275099686518, 0.02184353279488355, 0.030436604686038194, 0.01636373536588473, 0.0213501068335938, 0.013998962058299395, 0.016460915538213772, 0.018063423376671633, 0.017132321560440585, 0.012137546590161785, 0.015259714957380552, 0.02295322758880277, 0.017203254445496183, 0.014807835689748073, 0.014374371990321098, 0.014861876127882374, 0.013720642364979514, 0.015390330804056478, 0.01328844282221816, 0.016515293688772345, 0.012201999219295575, 0.015576156835615656, 0.018700356362301038, 0.013030591046368683, 0.01809892005658347, 0.0159308970684543, 0.01305858734541638, 0.015154810008127734, 0.01434080368926099, 0.015341606668413993, 0.016212141857339043, 0.0182894452460315, 0.012673642970353583, 0.016970833994404147, 0.013001477351226729]"
10,11,Mixed,Causal Forest,2.286289421255239,2.4331020089363005,"[0.010566506783357346, 0.014580336556928176, 0.014458608698553414, 0.014080577456411647, 0.011189922324352779, 0.013612461309998127, 0.012772795308951621, 0.016070966159525815, 0.012632126618986132, 0.013387940262807076, 0.01142563855201278, 0.012556633539761872, 0.015205916697082012, 0.013710511120011228, 0.0116680157595528, 0.018241986403976184, 0.018357672428363364, 0.009913104822489421, 0.017017738280092433, 0.015716465264637693, 0.026085434606374754, 0.05137422918329208, 0.06647568964715654, 0.03601332357160457, 0.026032302970048878, 0.08359930091733567, 0.025253566273474554, 0.06167657618204903, 0.029044633846112566, 0.04224718350615852, 0.010376450818164186, 0.014090424789242493, 0.01247661101515788, 0.014832972870718641, 0.015373026698643408, 0.011905472569470383, 0.0134480603363124, 0.01203787681954952, 0.013802420747267055, 0.012609449870794718, 0.016188515711793024, 0.0134085234340878, 0.01145434539041006, 0.01175713279340379, 0.019540891896287892, 0.014104521274573803, 0.01628954355620225, 0.01333360234867057, 0.015486773455301164, 0.01251521855248984]"
10,2,Interaction,Causal Forest,2.0712093237867215,2.5014990789040827,"[0.019797915828399442, 0.020621770494803196, 0.03183405441511536, 0.04999406165640091, 0.027683964386070955, 0.026606576074849085, 0.020312084855725825, 0.01857258712825169, 0.017581374782315876, 0.02691483962361789, 0.015969552805924006, 0.019859292147779994, 0.023395835306464174, 0.025055843723567745, 0.016305982613428745, 0.018990628527623427, 0.023495706866220857, 0.022776811705357995, 0.0227031491364923, 0.024950285292271696, 0.01983723938060657, 0.028693303056450636, 0.015827160373276444, 0.017927892979995527, 0.022017426155374466, 0.01376503897176854, 0.018326654314529404, 0.01942359611769909, 0.012580082602876885, 0.01675460047499669, 0.013816524494948412, 0.020825691968002772, 0.026311618657953822, 0.01568933342983521, 0.017688135227855794, 0.015649258445544698, 0.013624935924324033, 0.01459874436619066, 0.015904857641420994, 0.015315587207119195, 0.02080462967503949, 0.01675747532168457, 0.011780668559135779, 0.01596368355508397, 0.016011157430816148, 0.017053775770813465, 0.013582998340145315, 0.025499794272231268, 0.016926019425822558, 0.017619798487776398]"
10,2,LSS confounding,Causal Forest,2.3032654292868937,2.878768544771061,"[0.03658939840000973, 0.03108953615452164, 0.027133843763612303, 0.03766160565576713, 0.02320916048280249, 0.03168353322600233, 0.018202457948669135, 0.02290820864366918, 0.029202299429097977, 0.0221068894650823, 0.029205368615889574, 0.01699761200137209, 0.016402602766327927, 0.0181221123200235, 0.014197364404051222, 0.01943396531870095, 0.034513448714763036, 0.018524702875718745, 0.01775570910794593, 0.024549825349963767, 0.015613575778883938, 0.017886990920185978, 0.01952036501182186, 0.015966076307413774, 0.01441936448877562, 0.016750345048155584, 0.019292300753930673, 0.018411976446397835, 0.014692863653257856, 0.015934227377735435, 0.013901835183064953, 0.01867408214269299, 0.02029130983071793, 0.01458669877795479, 0.02109684693426316, 0.015478574823863733, 0.01860488948469578, 0.016606804968318498, 0.01700846077300054, 0.016759511148576507, 0.018757081512477396, 0.015456330267980267, 0.014599674779776781, 0.019965207867774514, 0.014419819119470365, 0.020679977086096757, 0.02057376740487323, 0.013660384573444997, 0.016000640418093112, 0.01490037247231431]"
10,2,Linear,Causal Forest,0.7035592561850954,0.8368319129650954,"[0.05028556045992323, 0.023997071721388822, 0.04024555486115077, 0.03719825753458389, 0.03853274873889624, 0.04782787070363623, 0.02657867589734118, 0.04154367685865787, 0.023664275811668092, 0.03206481243503212, 0.014731304056148255, 0.02746603026022475, 0.01871603670081383, 0.016580868687179232, 0.023148535196505966, 0.01763934532796431, 0.01798125561695787, 0.023897076180966276, 0.021110092513465045, 0.019510799737472464, 0.018901236880380458, 0.016157961636177286, 0.013018764954827091, 0.01444135210627186, 0.013168080787412913, 0.013633362130491806, 0.01679123681991892, 0.010820058064498518, 0.013044850159339818, 0.011516263658042617, 0.0170524088331404, 0.013668994884690555, 0.013949056801490198, 0.01392210408777101, 0.019229310501029762, 0.013420108479297206, 0.01426261213546176, 0.016905941393069925, 0.01557170782269533, 0.017233748091491433, 0.014993718072413125, 0.012226686146227166, 0.014549632452855446, 0.014747954282752846, 0.013948993523682205, 0.014269590712439592, 0.01207248007233296, 0.01609690759726088, 0.015384294097170141, 0.012280733515390312]"
10,2,Mixed,Causal Forest,2.2790963486723887,2.407613368832971,"[0.014560477774547475, 0.013775881356441226, 0.011628782489944504, 0.017999317691628536, 0.014778347108870899, 0.01310178862869354, 0.01071354550995353, 0.011352871311322664, 0.012400471111778777, 0.012914968760329097, 0.012468523472975558, 0.011298245876071903, 0.012363382169935159, 0.019170625347027626, 0.011792817201113116, 0.011818915551130413, 0.014011828812059885, 0.014749824040636675, 0.013519268894454286, 0.012297830978155703, 0.06595114323831655, 0.04560073344022402, 0.059745511857245186, 0.05958209496051301, 0.041112566255532106, 0.024993927653349006, 0.03357087977754046, 0.037359655889152917, 0.04049081567558443, 0.06361261353544895, 0.015978698686464798, 0.011896914984504802, 0.02026672535140825, 0.010949364922219889, 0.013526029901084915, 0.015241712455612193, 0.011446104415890472, 0.011446741397605863, 0.011895313327444744, 0.010337430446466012, 0.012118512002226824, 0.016138882621399914, 0.012492880252097067, 0.016307782463809272, 0.010722674294227106, 0.010157375483160414, 0.0112802565051488, 0.011311262343551537, 0.012329098285815972, 0.015418583489884043]"
10,3,Interaction,Causal Forest,2.1141470182745836,2.501296260470839,"[0.020093450959548505, 0.021187719577508708, 0.029889831217028616, 0.01818474851591509, 0.0270635406568866, 0.017476635075327696, 0.02490282851346167, 0.019200742722513424, 0.034679499306888184, 0.023023689911206603, 0.025014108989849803, 0.027879880872115622, 0.021168256000283533, 0.024799758988813713, 0.0233467155665196, 0.030788708910154967, 0.031148749662103157, 0.02643795421546384, 0.02489464809267904, 0.02590045824916037, 0.01474512684859504, 0.016631017375714884, 0.016701094485188094, 0.01545506762923179, 0.016605943634744238, 0.016145799732765167, 0.021300502719845193, 0.022314826199639804, 0.017817945631302137, 0.016232980126920683, 0.023169520705042572, 0.013352487190646136, 0.015190538688665682, 0.01662760619844663, 0.015925055325722182, 0.018128265399833178, 0.016242544268276385, 0.018497038856906477, 0.017866530190988113, 0.016013515033705704, 0.015929232727327314, 0.01991935398871991, 0.013552949746505696, 0.017551196425140577, 0.018710999403878794, 0.013913205051774109, 0.013046453627555235, 0.013582266825238165, 0.01532701699145553, 0.01642199296679589]"
10,3,LSS confounding,Causal Forest,2.2307289191210407,2.981394897395914,"[0.024831608206395114, 0.0343154038280422, 0.03191017214833074, 0.05324006086748325, 0.03222514596913001, 0.025908426881496204, 0.0244184814625907, 0.028597292399004347, 0.03351857245100949, 0.022473959783975546, 0.02240048992816969, 0.020824707448206775, 0.01770191072030271, 0.016048283227831316, 0.013905777994262057, 0.022033971970390757, 0.014262244094618843, 0.025106057006679793, 0.015950303342044687, 0.02326962915041312, 0.015194947836578522, 0.016680844753666792, 0.01918208791065341, 0.01590897492641243, 0.015256075314969739, 0.022709137783868922, 0.01570929011363634, 0.017137610657922887, 0.017901706406528363, 0.017313886105286284, 0.017113751864952002, 0.016417328345785593, 0.016177167620049143, 0.014914884563437494, 0.012684728990502495, 0.0173376606881866, 0.015916233674073226, 0.018872864432715856, 0.014778223017792986, 0.0157239150459895, 0.012518373344617795, 0.017778971535296874, 0.01738941357912977, 0.016349608735651458, 0.01849001464007419, 0.01697108220070647, 0.012582748796325599, 0.015423160741951469, 0.015677461800389255, 0.020945345692471334]"
10,3,Linear,Causal Forest,0.7007406442431362,0.8536595216202165,"[0.025908911413108013, 0.026837792547158356, 0.03441178813406501, 0.03718334234929078, 0.035547097609551825, 0.03528328975821117, 0.03822381800951476, 0.025816381792630554, 0.04674676085412881, 0.024086517573371963, 0.030673240987941358, 0.023691879398246508, 0.025603482203106286, 0.017942283643416893, 0.027050550093222648, 0.018414512111897315, 0.026576226385388667, 0.017035791678658794, 0.014909550907201377, 0.018839182492899845, 0.017271483569128374, 0.014145620654022053, 0.014790446573773895, 0.01494774335483681, 0.01418410552910397, 0.01252386627302762, 0.013564077317483783, 0.023723728766356027, 0.013712641741641433, 0.015056412049950124, 0.011983505698933685, 0.012092933178233787, 0.016850030811477165, 0.012885484681514956, 0.015584726384772388, 0.018029950758985728, 0.01734963818286496, 0.013610940420804489, 0.01581797489844669, 0.014492316058449271, 0.012215872830122298, 0.01432500635738086, 0.014293045394269876, 0.01513455526450078, 0.012836539828770636, 0.016598337920840332, 0.016638018370222534, 0.013440833301850651, 0.014325817961930474, 0.016791945923293448]"
10,3,Mixed,Causal Forest,2.2850020088240712,2.4438927045582606,"[0.010689362552599242, 0.016335987736650407, 0.015550048534556573, 0.013880617775028305, 0.01161515156910604, 0.013966570410157631, 0.012609761783902213, 0.014242311937083956, 0.012850277654592986, 0.014302592890560177, 0.014609799030360984, 0.015191206325332027, 0.010900564253422708, 0.014670731859500344, 0.015804754364319523, 0.01935107912131889, 0.012257623254400551, 0.01681774181930789, 0.011950044434067147, 0.016881166372768562, 0.03148134127343734, 0.047562183357136786, 0.027508191241578585, 0.04213525321814351, 0.03545017044886232, 0.023180246798778767, 0.023746443162596286, 0.05241341050375215, 0.13515411320255874, 0.04394546544547165, 0.011752777481708377, 0.011675886500378397, 0.017516207760899846, 0.01181720124770227, 0.013734912890208475, 0.011972228764988683, 0.012639035873716856, 0.012603081423372879, 0.01320699979366689, 0.010642604343197255, 0.014211660639877357, 0.01133091723006366, 0.014271634831587072, 0.011542679006614232, 0.011488138053253917, 0.00988191153665678, 0.012727995712867797, 0.01145471228867504, 0.014123582230586634, 0.014351620058625161]"
10,6,Interaction,Causal Forest,1.9857533222474397,2.5072817912420575,"[0.03813063336738358, 0.017945985163343534, 0.028823506160132534, 0.038262596609735536, 0.025647525749650915, 0.029067506729340407, 0.022078603567397975, 0.02025185752983787, 0.018048282623449322, 0.023952590781963365, 0.022704040851246998, 0.021019357317088556, 0.02567653071464997, 0.020638971104689034, 0.038945324470495764, 0.018238985350873548, 0.024192960192120947, 0.024403987882889677, 0.02177836083022168, 0.032330225734663307, 0.015322368659355165, 0.014024344435691685, 0.01553725547289616, 0.020855059022720192, 0.01616003557584214, 0.01680404759240654, 0.0238172471585228, 0.014389184311195525, 0.02666972194751344, 0.016057113050768332, 0.013839767169405054, 0.014889503776590114, 0.014937300947453823, 0.014866515731593196, 0.01544443632930243, 0.020793646427831478, 0.01366565084435361, 0.01319807590177011, 0.015014906829119538, 0.016515357348407346, 0.012713861968020776, 0.017576709349061838, 0.014937754899592173, 0.01477258422599596, 0.0150282269263582, 0.018687211855798934, 0.01800291675610467, 0.013491991026575216, 0.015200081745765264, 0.014649289982813663]"
10,6,LSS confounding,Causal Forest,1.9997893396528306,2.9393681193812795,"[0.02798734774411378, 0.030549560245308513, 0.030835688727908473, 0.04119675523670385, 0.02184938225891454, 0.05484267199752793, 0.03654060262799016, 0.02394733506297537, 0.03742628263012035, 0.039373119245661566, 0.02143972262792122, 0.014058656911709301, 0.020402292908004233, 0.01948646081322088, 0.015210438087099043, 0.014264865536425584, 0.018165898357389004, 0.017134633195873446, 0.02396302138223838, 0.020257895463268553, 0.016790530429062374, 0.015114988757602515, 0.011452426762070039, 0.01356579483128552, 0.020512197523053347, 0.016258943669553473, 0.015923735785909457, 0.025163863590731986, 0.018861217243337693, 0.01521459452573199, 0.01452888518559346, 0.01573535928384515, 0.013333804947742733, 0.013491996969678961, 0.01587389009691534, 0.016919198930613732, 0.014448263673402446, 0.015590361411471656, 0.01525687723933066, 0.02100246990332544, 0.015295244296784123, 0.014853190283115937, 0.012946291657584309, 0.015543411540985852, 0.014136203942750116, 0.013498722529096237, 0.016795018446344366, 0.014411004403747768, 0.014474985838302085, 0.014073895240657055]"
10,6,Linear,Causal Forest,0.6907427772359931,0.8450452940601814,"[0.025084144048321686, 0.05621860361316087, 0.027926536345357123, 0.0284148572104708, 0.037914500565596525, 0.02818904771297272, 0.026614865998149762, 0.055337459283177945, 0.028308573120030534, 0.038493787164924596, 0.017069620500710935, 0.016545202402090703, 0.01978905449447846, 0.017936233035205626, 0.02051374567482145, 0.017276924824116503, 0.026782071422422872, 0.017933867141671854, 0.021799833030053173, 0.029178783794808635, 0.013272848274581361, 0.014371591381006799, 0.013735460484203911, 0.013142518309169966, 0.015406495628559714, 0.01335351922064312, 0.017669847901050893, 0.01347566927531452, 0.02152212532577699, 0.015525705569913553, 0.016276539657538752, 0.012957340189926824, 0.012910874835766745, 0.012708029942202687, 0.013373805768037681, 0.01523041852310066, 0.014890868396546955, 0.014327896253131458, 0.016190155844457692, 0.013365456194165145, 0.017975718099335243, 0.015213823244872724, 0.014147034064703967, 0.014335675133740115, 0.01593432633930254, 0.01345629304941683, 0.016494992798021278, 0.013081571231859069, 0.012730733434446318, 0.015594954246663873]"
10,6,Mixed,Causal Forest,2.2701951684993356,2.4021894985935694,"[0.015589755495902045, 0.022030276794268465, 0.012648477818802132, 0.012426644270345118, 0.013769197746666482, 0.01824997152776624, 0.014800828322245042, 0.01388414498423467, 0.013802835700966451, 0.01450730646075111, 0.010361984896816608, 0.010622799562737126, 0.01996192771326057, 0.015824461785376946, 0.011084684863882234, 0.01742689277983717, 0.009520884657286443, 0.013397179048811872, 0.012366487452079555, 0.013643259636301077, 0.045023975173221396, 0.06150385378534499, 0.03166955901570943, 0.0332337390787108, 0.07137329964830026, 0.033150942635517176, 0.03678414882648446, 0.03448727655136467, 0.036028214881103235, 0.044913859181569794, 0.01682020575577555, 0.014676758902339899, 0.014095767972214457, 0.013688964805138471, 0.01926582172607505, 0.011733330113292964, 0.012004745299816147, 0.014076457068952046, 0.012201751247246458, 0.018789233204663164, 0.012352602547473612, 0.015852227070071875, 0.015780253225094906, 0.012813574629915612, 0.011735551557986964, 0.014414845397297786, 0.01341021709976636, 0.012671539058170622, 0.01155566503027842, 0.0179716179927659]"
10,10,Interaction,Causal Forest,1.9659716481062581,2.5026854522068906,"[0.02369249128432653, 0.025736742814269523, 0.02293081031128193, 0.019253581550697764, 0.04048909941712451, 0.03226509660299344, 0.033491756924239925, 0.020785726446805812, 0.017474449559775708, 0.014585820047396883, 0.01683953024345352, 0.01808658162696029, 0.029043743200137924, 0.05423279014320284, 0.016145541144784902, 0.03150594615930035, 0.028482247594398137, 0.022870209296583555, 0.02485874380086693, 0.016942393340411695, 0.016302645412678164, 0.01520930879249148, 0.013430640014412987, 0.015251867947744486, 0.02110661427127011, 0.012036839434878646, 0.016921911888600306, 0.013092109199836423, 0.016688601347183325, 0.02083184697942885, 0.017501528167960825, 0.013910374888544411, 0.01862380856686948, 0.016111062356353557, 0.014240946593342636, 0.017261932760130407, 0.016706796154300426, 0.013840790910107958, 0.01601265480971309, 0.021141553964691296, 0.017964632748583644, 0.014592012835885515, 0.02187504242550215, 0.018458949637939943, 0.015293466011331337, 0.013709657427318833, 0.01773065766094157, 0.01580703673568534, 0.01488545903265452, 0.013745949514606209]"
10,10,LSS confounding,Causal Forest,2.128691020850915,3.0267432723742833,"[0.03129397668391008, 0.025865885926211956, 0.04110358235902752, 0.034514864370752484, 0.03696896482998673, 0.03215452263910421, 0.019434686990207915, 0.04380556275806505, 0.03276461825989293, 0.033881707958613096, 0.017812105971152858, 0.019058939330364403, 0.02407685441950143, 0.021114628837525982, 0.012934466338423092, 0.019376585315083086, 0.019377395818892522, 0.012603101051227784, 0.014474274413526951, 0.021592842602320843, 0.017994875437247048, 0.015598170442239868, 0.014114381893430195, 0.017788090039271388, 0.02111780795388532, 0.017420864058719385, 0.01371013379852709, 0.018148157796181202, 0.01601629335056273, 0.015599006709711292, 0.01560143419052015, 0.015105326453748616, 0.01566899646769178, 0.015461149455653484, 0.016626212770999623, 0.014678513933680531, 0.015086996732103748, 0.015210004119837816, 0.017334502607343406, 0.01809611904340398, 0.01658337760324099, 0.013508324433757688, 0.021109281092904743, 0.014720739992485495, 0.015906918046804653, 0.014983246041558328, 0.015031330844099817, 0.017110455867367137, 0.014291991767115597, 0.016167730182115946]"
10,10,Linear,Causal Forest,0.6963238735477049,0.8721049605978296,"[0.023645066063242615, 0.042029659255188624, 0.04027324454927927, 0.027232005641286132, 0.04521543388893646, 0.04327890422458673, 0.03049158196215289, 0.03500235684950602, 0.037156031300823594, 0.0315236508191854, 0.04471338728284024, 0.014574733850098737, 0.01869192128899492, 0.01693464852160799, 0.020310735740339456, 0.027650355740287316, 0.017113459671811014, 0.018229337911388664, 0.021850592117720235, 0.019528638711906594, 0.012864810074813058, 0.012964831365744684, 0.014111138018302131, 0.015113017071392187, 0.014488021979277343, 0.01341964519668618, 0.01380452482973796, 0.014033228633379018, 0.01773548190907298, 0.011879305206128506, 0.012944555289950671, 0.013824503667407877, 0.016233843880760504, 0.012921676424982476, 0.01221844093923539, 0.013774048198929838, 0.012566518400295197, 0.01667552825146775, 0.01725813890389892, 0.014244235620976603, 0.013502890905526223, 0.012462588724611031, 0.01598815338933456, 0.014980788410297296, 0.011884407778078658, 0.016479513847305977, 0.01663020666979601, 0.013408772288804625, 0.013902627665616054, 0.01223881106700728]"
10,10,Mixed,Causal Forest,2.2828538912415137,2.421008840806433,"[0.015471115400438586, 0.012627300840270044, 0.015579285992950713, 0.010686492238243932, 0.010622291465974548, 0.011475121266075371, 0.012730297042272631, 0.011441137444176836, 0.016672782563776425, 0.012166889379960168, 0.010590013645844222, 0.013941612332790702, 0.012628608399463236, 0.012757514476123862, 0.014369060735173704, 0.01605391704695583, 0.014194543313515249, 0.014118459615593335, 0.014686756028248404, 0.012269876760798777, 0.05667941809026818, 0.04226891080236275, 0.038480924737183946, 0.017954810458805093, 0.07373451889182606, 0.04973342589330372, 0.04730798831792622, 0.030077703380088132, 0.06888621912703438, 0.038582076495133476, 0.012760024851939134, 0.010165085634555305, 0.014772489780848363, 0.014307196132990583, 0.011861935117849453, 0.01133204088213759, 0.011130197064970324, 0.013167859280270866, 0.015610701039150233, 0.0133887120938102, 0.015639403342454384, 0.015754784164771007, 0.0162564405484115, 0.013077373681651471, 0.011178028824055341, 0.018361804927049176, 0.01234765295704711, 0.012822136337359777, 0.015918352122180006, 0.011358709033919683]"
10,0,Interaction,Causal Forest,2.02010201606955,2.501363151524012,"[0.028644869021917693, 0.023102594869851625, 0.02291281730021932, 0.01950032536658772, 0.02166720640765507, 0.03516512894547114, 0.021179086550670956, 0.01818501062204738, 0.02676743248023556, 0.025526985621076484, 0.022265005793017108, 0.017303866434104448, 0.030182878405461758, 0.03720430236182001, 0.015604183621145209, 0.02301305970349216, 0.03639849784623724, 0.030798843141902014, 0.026622460242585452, 0.019480188153525466, 0.017786361546501463, 0.017396522978894477, 0.018180275582235977, 0.01768397683139587, 0.016032878631744824, 0.0136931685357776, 0.015693659291019527, 0.015164837623278386, 0.016829431910674916, 0.01888191012967301, 0.023116861165365377, 0.0152760548333268, 0.01583614079417802, 0.01228042365022858, 0.01544277108695921, 0.020413520125584436, 0.017478923267830935, 0.016864559818119317, 0.012952837544295248, 0.015546588496718599, 0.013781526755829521, 0.01683707742858904, 0.02233043409716461, 0.016486690251198935, 0.01422606977766187, 0.015404066474787788, 0.015072430325837029, 0.02019917530437016, 0.016017246760411857, 0.01556883609132286]"
10,0,LSS confounding,Causal Forest,2.1154587553554154,2.9265911098693795,"[0.021834905825098384, 0.019161128855350738, 0.05103465137587234, 0.050943304896644157, 0.03926787495311864, 0.031838265659189034, 0.023434920947835843, 0.028390694283433344, 0.0180772906746185, 0.022994522655458753, 0.022424394072708204, 0.015086959060588266, 0.020218230870216784, 0.015496588583410076, 0.03053776175530948, 0.014696311525946366, 0.02075135893840649, 0.015024977463554906, 0.020015994140694764, 0.01950967369036532, 0.021314720255300505, 0.011997141966034424, 0.016180777874608625, 0.016276843770889973, 0.013715286205959219, 0.014272469061403835, 0.015422713033446323, 0.012923170375236812, 0.013408059522392272, 0.016433587597623464, 0.019203879955922258, 0.011869204532751452, 0.014243363433470062, 0.01483440922484194, 0.015064950266313583, 0.016647191132938534, 0.01699910416907937, 0.019183026761285183, 0.020735450476788715, 0.01649080403026692, 0.0239843422354294, 0.018614894908274802, 0.014340528833163033, 0.019413510022537706, 0.01589383406039728, 0.016789403875793408, 0.018219500847167, 0.021742932755976423, 0.01799520611728107, 0.015049882469606144]"
10,0,Linear,Causal Forest,0.7235259890558373,0.8468333342126414,"[0.031539796895093834, 0.033508901503330434, 0.036494956520206755, 0.02202487175352276, 0.02886982086461454, 0.03680003879401173, 0.023612305345331056, 0.023998759993729687, 0.08497233858132981, 0.058240971233830034, 0.01950514359496589, 0.019644553292819868, 0.017598286802431425, 0.01578909195537763, 0.015137096466495657, 0.018888588012444536, 0.018047737533334066, 0.02021596367159274, 0.0186745485413031, 0.024314081461265773, 0.013404091009751777, 0.014100909151575325, 0.015655710726079585, 0.014667868693295066, 0.014258550244724893, 0.01434539412209612, 0.01582023701042712, 0.013081911091859022, 0.013562958788571961, 0.01302218397820746, 0.015526427581745508, 0.013392962924246084, 0.014625963523418762, 0.013582459312351596, 0.014531473872237435, 0.013072324147201116, 0.013944911289929784, 0.015296558610753403, 0.016952405011817814, 0.010633621487129484, 0.014476556459751157, 0.01295551882719789, 0.01434392339337536, 0.013473023730275853, 0.01651113083836283, 0.019519969128409125, 0.013884820757057176, 0.016106410469908995, 0.014450367623166411, 0.012921503378044536]"
10,0,Mixed,Causal Forest,2.250627675166592,2.4008386090958167,"[0.01287301244410143, 0.01274166678233257, 0.018161392944641558, 0.013798427404739567, 0.011017931237864256, 0.013752970447860724, 0.016243227874612992, 0.015731961655398922, 0.011999660505850369, 0.013877903773015145, 0.011612209901091233, 0.015730645065216285, 0.011640952111362882, 0.011887456011212117, 0.015708540352347, 0.014509532636096792, 0.020573840339058885, 0.013576723077148077, 0.012525374187698267, 0.012798210651494325, 0.05567960817539868, 0.05636756658526431, 0.023355673659172557, 0.04400565612948115, 0.031333980190155396, 0.04764977177750126, 0.07805644017038361, 0.036935650284752375, 0.046607498651913416, 0.035514707420760676, 0.011488426432644257, 0.015972258427389224, 0.013803114647001194, 0.014309171940625998, 0.01176246511673056, 0.013142401498060601, 0.01248553587288333, 0.01576260899807257, 0.00939300317988087, 0.011478565718146705, 0.018325556645749974, 0.013133547495101695, 0.011083945706853733, 0.014569497461550512, 0.011966150250612767, 0.013701460407264948, 0.011271436355330035, 0.013481745713727317, 0.015064480358429425, 0.01153643532601742]"
10,15,Interaction,Causal Forest,2.0567439918838386,2.503321065520576,"[0.016591641453807447, 0.021470531583576865, 0.017829759227918355, 0.01822663238478519, 0.03376976397298583, 0.02792560724755715, 0.019844692594101522, 0.024443792436647314, 0.02500027980421547, 0.02604374298522841, 0.029041193993193534, 0.018846632091143026, 0.02661170154164097, 0.022155940514452455, 0.021974801416998813, 0.04259285995092601, 0.022962982445033715, 0.017282564185490838, 0.021720060030973428, 0.03460527460988603, 0.019055306649967272, 0.0164562330794814, 0.019520022395292342, 0.01790117791916044, 0.015675291494525716, 0.017075732346929703, 0.01863320100792601, 0.01372407332048462, 0.015037869332697318, 0.01574023210406409, 0.019903162624160257, 0.014824548592756255, 0.017937597986521628, 0.014644602573357798, 0.017849602712055972, 0.017148539470615204, 0.015379233582308421, 0.018015156145960255, 0.025565262992766923, 0.012619507861391084, 0.01714881176126697, 0.012209556345373164, 0.011869850746159458, 0.014882626450632304, 0.024856506666753694, 0.0161910743141149, 0.01604905582407415, 0.014730009223293556, 0.02462089763292603, 0.015794802372420744]"
10,15,LSS confounding,Causal Forest,2.1404766520042715,2.9396684418179957,"[0.042394261182943455, 0.029571473564248548, 0.026138060273319164, 0.039210701834207023, 0.03219523530075457, 0.028665856338876895, 0.0306697925873981, 0.026263950216903042, 0.021377618914804275, 0.06549809705880263, 0.016314646024454017, 0.018049533766963805, 0.026179506539777898, 0.018714245418647725, 0.018385477229592856, 0.02492844106173905, 0.0169307140918493, 0.02008143070727967, 0.015995974905935635, 0.012753637375307741, 0.017794038658009628, 0.011576685237501716, 0.013567227572872133, 0.015302410161860324, 0.015369469885174451, 0.012812367114654834, 0.012440048489321955, 0.02503685642815036, 0.018510186023445226, 0.01559436267415805, 0.018801805132488615, 0.016466601483475108, 0.017053109613990942, 0.01643599827018386, 0.014095809616617926, 0.015111713817693962, 0.015434032447867022, 0.013280451921190095, 0.014610446704712822, 0.016673737584480312, 0.014957079260540962, 0.014950423323415467, 0.011676137533603392, 0.0157068288951153, 0.014262757034371607, 0.016652295647551264, 0.016070526234014483, 0.014124257050928997, 0.014813469134366559, 0.02050021265443738]"
10,15,Linear,Causal Forest,0.6682364137919307,0.8871853207630996,"[0.03888575202175887, 0.026880099596990434, 0.02568815838843578, 0.028291907065012754, 0.025180899225021435, 0.02452117252872236, 0.02672530691587417, 0.024142975864150863, 0.030519352259303235, 0.038639161470458004, 0.017735150147502786, 0.03270906192712997, 0.032031526213779256, 0.023592572217184762, 0.021580572864848588, 0.02349505897722838, 0.02499835691974239, 0.030160640873551255, 0.021165709380409257, 0.018293841540192105, 0.01642216835404689, 0.015305518133371436, 0.012918113654454371, 0.016988683743866216, 0.014337234665510006, 0.012497459633302075, 0.023525023307843965, 0.016646198974445515, 0.013473525150221296, 0.015217722452534723, 0.012996918550286531, 0.01368587631969646, 0.013257034677770634, 0.014007623687401162, 0.014756853931393811, 0.017315231954806574, 0.014971852435770299, 0.02123393436972779, 0.01670535650925983, 0.017234783657771473, 0.012877759295538537, 0.019263951539497354, 0.01554699856446222, 0.014464104352418163, 0.017261906772498753, 0.013800680947846714, 0.015410288064941068, 0.015988292142048544, 0.013770700862258279, 0.01288092689771262]"
10,15,Mixed,Causal Forest,2.2953439875593786,2.4550897913158773,"[0.01644732596652291, 0.015189025970969971, 0.01646696730095535, 0.019830900107199033, 0.012413686569648577, 0.012984180313357862, 0.01290336144796025, 0.016892973400052934, 0.014904413101044033, 0.014005246312946586, 0.011313771212061228, 0.016576641735662145, 0.011110707640839528, 0.014448473394739425, 0.013858752556707711, 0.011642263323473288, 0.014800587039208385, 0.011393591529447246, 0.014832030342208672, 0.012776329056113912, 0.05106621733800356, 0.05097081413661461, 0.04313358124760594, 0.027647305433958255, 0.04294570539445632, 0.08540917366840811, 0.03014712504976064, 0.03360644470925855, 0.03143265445772694, 0.05644286802773461, 0.011228278533476512, 0.012842633384891233, 0.011067568054813506, 0.013788423458851203, 0.01227544674405929, 0.012070249442330198, 0.012931130537700284, 0.015484826898359932, 0.015361497222903187, 0.01499870999310666, 0.01139852539000334, 0.012610110575698141, 0.011078391242071044, 0.01241734837360357, 0.014669599375128827, 0.017196603970383136, 0.014351956694225107, 0.01425593185860323, 0.01058645445159297, 0.011793196013552068]"
10,14,Interaction,Causal Forest,1.9850594058616524,2.5013398125916133,"[0.03156432218255367, 0.04879252560521562, 0.03154152645323765, 0.037073877447480745, 0.027284037220075864, 0.01948873717964064, 0.01615204683671828, 0.018560777328772694, 0.028118014177173765, 0.03084515137994591, 0.02317880454792287, 0.023807636815601486, 0.021746295438383734, 0.020953006223466665, 0.023247757623484896, 0.016808450034494243, 0.01692348107556251, 0.02725196687470653, 0.018831701716795265, 0.022640063723408585, 0.01641293167926917, 0.016475504305540865, 0.014981216723273072, 0.015089873326299418, 0.015903840192100737, 0.015219205362225943, 0.01369449572697105, 0.022286604115931318, 0.016968437690572966, 0.016538288405128818, 0.014345995960902327, 0.021157914036042075, 0.015184684384867302, 0.01887368440423019, 0.012367000175203403, 0.0164760543306244, 0.015060250795742424, 0.017666997686204847, 0.019064353930826762, 0.02430178337694836, 0.015478030192203986, 0.01619801456099856, 0.01758818194353665, 0.015667765221432567, 0.01602944355596577, 0.013614933967174205, 0.019743288684554394, 0.01414693452522721, 0.013230550482199052, 0.015423560373160497]"
10,14,LSS confounding,Causal Forest,2.081259167912869,2.9110810418373188,"[0.040214019245900845, 0.03262331312585496, 0.03443265194120644, 0.024777583011625408, 0.05122531684641936, 0.025642959526938684, 0.03156600944261549, 0.020172915905001206, 0.024951485891864158, 0.05998328280441605, 0.018293642417652925, 0.0201755231231985, 0.02443832903919712, 0.014746307495581382, 0.015821506704140172, 0.013860868786904902, 0.014850871921258375, 0.017351929204896505, 0.014721084878993056, 0.018296791749250425, 0.0138275875757881, 0.018248748432257354, 0.016889642259266216, 0.021783806061378683, 0.014578466231238672, 0.01320362522382661, 0.012890252158226713, 0.013477194512415937, 0.018183256532073176, 0.01921321107467937, 0.01505735696195613, 0.014820763590497273, 0.018481014405476885, 0.018300131223464387, 0.01572201862436502, 0.016036963447655275, 0.0148138950694454, 0.01750612372665447, 0.015173600239296576, 0.02152859056649907, 0.017033262280374172, 0.013733084940713876, 0.015425979943208401, 0.016135328739425275, 0.013929488675751256, 0.016198379750416384, 0.013499672347665572, 0.014343969929550702, 0.014887648471742055, 0.016930543941774935]"
10,14,Linear,Causal Forest,0.7234050049984365,0.857620329712978,"[0.022783109247240748, 0.03873961750604757, 0.03478732498419398, 0.05956992515900357, 0.029133068985266714, 0.038569342736223, 0.032106498516230576, 0.020003415222225675, 0.054985087440612625, 0.02662783211201255, 0.017050050100033055, 0.02444808828732652, 0.01928692103663464, 0.03193193428215833, 0.014437084412805914, 0.0192349463903858, 0.028755649964165783, 0.016547075014618925, 0.01447551353486264, 0.01608424674932223, 0.012689319094285945, 0.017237801369694848, 0.0147823254379401, 0.011802531910138676, 0.015308277577354444, 0.014883503827913376, 0.012229883542824074, 0.017242867256222573, 0.015825745833532526, 0.014605908104004185, 0.015037490152582432, 0.013729679275625127, 0.01473910354153236, 0.013433117386167618, 0.014162479727947663, 0.015907954116363178, 0.014099879484981299, 0.014619191808579264, 0.012218955954662682, 0.017205422965749097, 0.01586799693218564, 0.014367544662693545, 0.014228882949583476, 0.011894965010315783, 0.012768794272154388, 0.013429069844491888, 0.014465790369460557, 0.015489057997874896, 0.02112106442106294, 0.01504866349070455]"
10,14,Mixed,Causal Forest,2.2758669822688598,2.434500560174664,"[0.015793443364798317, 0.01449964336151268, 0.01261155723158585, 0.011129113834834434, 0.013164082202715446, 0.018931892719123794, 0.01970535584871622, 0.01069759133465205, 0.01283791331739746, 0.012088867612815836, 0.011234538159945058, 0.013025863511022426, 0.011430336358218518, 0.015593421766214467, 0.011978923883902879, 0.015441934194020245, 0.01207170820493026, 0.011872405456381033, 0.011884372631296483, 0.018486872357744103, 0.02783583944043749, 0.07145875049656433, 0.036070954327591276, 0.04011681352078772, 0.023236882443315152, 0.04211535978916811, 0.04049810660455476, 0.06476064195453927, 0.039372238897056364, 0.06257018562859824, 0.012924423428299773, 0.014733924043813034, 0.011378831281650136, 0.01647152125447365, 0.01776124434730457, 0.014091643263746359, 0.011826650954001325, 0.010521551487798876, 0.012216112570596911, 0.017793058454188607, 0.015119144730806248, 0.015707381408504115, 0.013973220938702022, 0.01684869233000561, 0.01324901875904816, 0.012785402686312319, 0.010897580244898982, 0.015026021669307435, 0.011128139047144023, 0.01303082664495756]"
10,5,Interaction,Causal Forest,2.0086364982455955,2.502327375975875,"[0.023549896022518585, 0.031986294315472494, 0.02696125689933732, 0.02788652903799321, 0.025623367516816712, 0.020151422764857988, 0.017935583913359955, 0.022720355910526676, 0.037365691963692896, 0.024714290021820733, 0.03714324013430678, 0.020287421538017436, 0.021148629831682694, 0.01520687819450873, 0.02389011913006587, 0.026888658989301848, 0.025032137634883767, 0.043514998235183414, 0.017671240891524966, 0.018820117890170285, 0.015026375460459995, 0.014967177635436611, 0.012029549024404824, 0.01454104492406437, 0.013949665789642091, 0.015366264481870109, 0.014626147516729766, 0.016955619363876205, 0.01799457310845106, 0.019519909975351638, 0.016313368715764748, 0.01954345446268758, 0.015302356541935602, 0.015782758504124594, 0.012885503916525718, 0.014842812978700595, 0.014078358934682587, 0.016335773245259477, 0.011233674346731415, 0.014571716847765658, 0.018746404464153286, 0.017491170166444893, 0.01528816034303807, 0.01631883798987686, 0.01986218455448715, 0.016706423992203633, 0.025076190214766987, 0.013791636439037379, 0.027943480928897015, 0.014411274296587697]"
10,5,LSS confounding,Causal Forest,1.9498583922070123,2.8569305788912462,"[0.05552309653655091, 0.040992152658568336, 0.030591840571736317, 0.02671455474541035, 0.054735662108755176, 0.037917271914326756, 0.029592009564133995, 0.02172580197643907, 0.022442737907201655, 0.03219771418758572, 0.016091669439827132, 0.014310459800813176, 0.016166546512108214, 0.02375282287491034, 0.014643723934528513, 0.015143549276327398, 0.018391913845119953, 0.016504294979629696, 0.01621363747303805, 0.017834885225913318, 0.015263391359973075, 0.013271186603512912, 0.014738670569087233, 0.014741764031285796, 0.018288587124933194, 0.01483392254866784, 0.019540959249864452, 0.016082098002277924, 0.0163703279028765, 0.01741151402403443, 0.014678068042997382, 0.014232145551658505, 0.010918818291030898, 0.013157543332863947, 0.015512632361037528, 0.02077598126235913, 0.014299610286735747, 0.013841515232370195, 0.011724918605670187, 0.018723199692829554, 0.01692646739859906, 0.014503023486592898, 0.01742582538573064, 0.022063164430856846, 0.016249830050815275, 0.017690036267245742, 0.016092319553819595, 0.015927519268073842, 0.020421756268578103, 0.012806858280697518]"
10,5,Linear,Causal Forest,0.7204636535725116,0.8922399884521193,"[0.03977159347995194, 0.025188917235403462, 0.032474806104519215, 0.019233892010857255, 0.06071562050632671, 0.024218411593426695, 0.038058225948377274, 0.024199719601562194, 0.0271466203477368, 0.029558657498387802, 0.023306246122191634, 0.025918198236153062, 0.024655059966862698, 0.01903664863425988, 0.02134802237634525, 0.024928212179173483, 0.023010747497689627, 0.018926506452819153, 0.017104078721295924, 0.019140828480591718, 0.012871791538285781, 0.014044703148021736, 0.01589027993755398, 0.01877393454164129, 0.016140138119205186, 0.013188437476863133, 0.0151213533846898, 0.014792533597604423, 0.01761488598579306, 0.016979918135119926, 0.014582844275023188, 0.01930934908718896, 0.01659616274282942, 0.0204866378548779, 0.017994785899174425, 0.014969777869593057, 0.011243851784745889, 0.01242553216805649, 0.014591280955869472, 0.014455985580012511, 0.01520264725784713, 0.01630926487529904, 0.012902132524022995, 0.01290533906906197, 0.016802222286175676, 0.016200867428990528, 0.012566064629228369, 0.01549164554118281, 0.017416049072994277, 0.014188570239115812]"
10,5,Mixed,Causal Forest,2.2753370758341105,2.474786542308352,"[0.013294722426871295, 0.014582997248877662, 0.01592687903705457, 0.011403659377354167, 0.01806056596364937, 0.01618291157465269, 0.013299504327499065, 0.017462533327311226, 0.01593705106431988, 0.01244641076084351, 0.012848490396182518, 0.012293587193575732, 0.011868900871163093, 0.019124698457608977, 0.019363037066761075, 0.013273153431497271, 0.013067935844395792, 0.010884302182370569, 0.013301492309160346, 0.012270247585129426, 0.06892706822465765, 0.04182390337266856, 0.032030684799502024, 0.05627232205387993, 0.04777449942023002, 0.026453905591074165, 0.03431442813910393, 0.04656751259395844, 0.059180761251558224, 0.03385333354973694, 0.012457794188423034, 0.01185777884939266, 0.015790396459760946, 0.011496506666931213, 0.012939424382810217, 0.016994133374269457, 0.012329758477157886, 0.01290312001695225, 0.016254350484550092, 0.010729023291544893, 0.012387764887575262, 0.012624514677375694, 0.011933341878507595, 0.01247386708608561, 0.016032878072128245, 0.011595480267336821, 0.013504030668979858, 0.016371218781602293, 0.012421768908174957, 0.01281134913779294]"
10,13,Interaction,Causal Forest,2.062599925349066,2.501656965296213,"[0.03346276410937102, 0.023212960036007094, 0.021555358463210304, 0.023713683955388105, 0.026465026319662747, 0.02039892678209546, 0.027538575941666196, 0.01573005765778286, 0.022255095708999226, 0.025690694483949287, 0.01764483136932002, 0.02643307327729223, 0.021780099103229353, 0.02026029080465141, 0.01965395190808869, 0.041591832050584136, 0.025547242394541054, 0.019487390651144226, 0.022678891232864918, 0.02737690811421405, 0.016242633434450867, 0.013807523895051521, 0.01854414621816786, 0.015130837358018536, 0.01711058414371655, 0.014918483923432129, 0.016769323599770136, 0.018030469049961247, 0.01447001291242534, 0.022616483212403567, 0.015542654206743342, 0.017280554830526297, 0.01635374872423657, 0.015054023111194874, 0.014443041029854903, 0.021242537306162768, 0.016304882233788752, 0.014565150629355372, 0.01650296600002087, 0.022023982851789237, 0.02291609842434714, 0.022496765664124296, 0.014591125060378535, 0.013627589631767719, 0.015682684365303554, 0.023986659702063682, 0.022131275954259292, 0.016781189920551397, 0.012747889534383692, 0.015607028707687511]"
10,13,LSS confounding,Causal Forest,1.9905571754533196,2.9011184531746155,"[0.05722501026336699, 0.05209557208824438, 0.03887083155144099, 0.04066333374962368, 0.025879516258885137, 0.025224428238512314, 0.021605164184705757, 0.02399811946814717, 0.024688581633505322, 0.033967771724724836, 0.021172461086198607, 0.01495525249386065, 0.011752501264877445, 0.017984391687421393, 0.018709254861666053, 0.020304037071787254, 0.017596787299574625, 0.01433860932144549, 0.017847045760976125, 0.013911459156994918, 0.015931191041404547, 0.015906835566916057, 0.013870127550496252, 0.0137133014422212, 0.013480881773856512, 0.0198579704508237, 0.01658379686059792, 0.017137986953589705, 0.015762390403889964, 0.015616584938703078, 0.013523724676274303, 0.016962342209015623, 0.017734261207329696, 0.013267095233631322, 0.021094388879148412, 0.01803639061705869, 0.01762057691979823, 0.013749793092112743, 0.016079394702515504, 0.013281039506160582, 0.018235188073207273, 0.01888004330564948, 0.014263565037512436, 0.014939346720534824, 0.01656300023160525, 0.019224523786150277, 0.014680150970340805, 0.015363118276137464, 0.01382265715042954, 0.022028203256929536]"
10,13,Linear,Causal Forest,0.6805900371732262,0.869704632430008,"[0.021056337844984455, 0.03605278043761318, 0.020852355573551796, 0.03182771866678627, 0.029786051344342434, 0.027079013796518402, 0.044697988084795325, 0.036616775567631085, 0.030778556859213064, 0.04411351096863436, 0.019461336237993464, 0.01648718020026499, 0.020624608622704915, 0.017737960588359594, 0.0189052793235653, 0.024435774924092976, 0.02479751718674676, 0.02020451269971387, 0.026887645429662127, 0.0273737590495342, 0.01629965228503769, 0.01363843598865654, 0.016198408754723063, 0.015604156419115223, 0.016164116228671973, 0.01633447555766466, 0.026146493339214243, 0.013361679191055678, 0.013894006236575085, 0.015611106605275456, 0.015931334080829626, 0.016299034981703563, 0.011225396228656434, 0.014380475284223218, 0.013890338165785967, 0.013909465056071558, 0.015215277164427048, 0.01527702850984286, 0.016174497078687032, 0.014369462590418857, 0.016632982805199086, 0.013973192696023382, 0.0156372992548278, 0.013307953905381031, 0.015749976454547, 0.01655626538524234, 0.01479624224591241, 0.01448573125769477, 0.014313637666909611, 0.014845215174918103]"
10,13,Mixed,Causal Forest,2.3653727579034105,2.5336944644873594,"[0.01212511998548863, 0.016918716025819288, 0.0113307059925947, 0.014703883514779366, 0.012850189123802718, 0.017728896580570034, 0.012467978814242187, 0.013281278559117355, 0.014816506061946124, 0.011763379426476683, 0.016171464267318338, 0.012375729104865198, 0.012735309773266028, 0.013586576547960425, 0.016329919264898858, 0.011563588408441463, 0.009529922778988382, 0.013563363164404513, 0.01264348900898871, 0.013733742720252457, 0.023129717129262903, 0.02405656697803403, 0.032655378032395446, 0.04130207997412566, 0.057689172407839086, 0.04030059495378251, 0.06793336373086209, 0.03195854588604367, 0.07049371146426119, 0.08457076734932856, 0.013621767506221788, 0.011137893922406054, 0.014607621031837749, 0.011360225006979918, 0.014275299101295505, 0.010940081546324146, 0.012451780597384431, 0.014336347884262173, 0.013870625543321677, 0.01029373263976371, 0.012359962898871557, 0.015937058626416808, 0.013936833408731584, 0.012597787172006904, 0.010946516144850975, 0.012543327769905643, 0.016156256656075996, 0.01082750681917357, 0.01158559385820572, 0.011904124835807627]"
10,18,Interaction,Causal Forest,2.0923654472455215,2.505583840732362,"[0.01973351860042188, 0.039288132668582144, 0.025292628602929218, 0.020686294297130942, 0.021870233003544775, 0.017384137702331864, 0.021116000749835398, 0.017775878979242092, 0.026729906618627952, 0.022362619576123288, 0.03391747171948638, 0.019420269291778723, 0.022690395301626413, 0.025849681777660755, 0.015671462655997906, 0.022971596902770293, 0.019866267296034502, 0.0219970446154291, 0.025646877673255873, 0.03522746457259544, 0.014559654903665906, 0.022344584578867063, 0.01705939271482339, 0.019579895652325797, 0.013880665278640103, 0.01654958297726215, 0.023409680353346597, 0.014705926655959236, 0.014706854762356185, 0.01739863145405722, 0.019052265619298982, 0.01659962948436646, 0.016581533898213107, 0.019717085440203477, 0.01588365174726591, 0.01670884465194351, 0.01924702895903115, 0.017549772619221426, 0.016811649782056806, 0.01660639003136, 0.020419040761455422, 0.014382983100361764, 0.01827562109105654, 0.0195190024979439, 0.015137071689459996, 0.020142612657889275, 0.02030705905805405, 0.014830927024680737, 0.014623728509989102, 0.017911349439439953]"
10,18,LSS confounding,Causal Forest,2.16692175676808,2.889871654674464,"[0.020929678134174803, 0.021394230435628332, 0.02510928681235211, 0.06595118524749584, 0.04492011374989588, 0.02237512209488122, 0.027521655407124323, 0.031168909300898776, 0.03593376214603408, 0.025369833004214123, 0.020902882611466504, 0.014170027597500762, 0.014137587871745447, 0.019324562505210082, 0.019148180676391503, 0.015371926551662236, 0.019788482291395612, 0.014909222974063432, 0.01401481566292618, 0.01939474911278046, 0.01356186847620357, 0.018553233494274884, 0.013023073427795634, 0.01587075012704068, 0.012136035798166588, 0.020011886457723813, 0.017645512451402195, 0.018001346115298175, 0.01739770190690851, 0.019071923020350684, 0.01963245123856607, 0.01439676177388002, 0.015315447458718857, 0.015148194597495166, 0.017062029487279463, 0.014223996710890847, 0.016968053375429202, 0.01605970367131687, 0.016988287528810864, 0.022634146152220994, 0.028284945216692337, 0.016073565525772084, 0.017859804599468742, 0.018247484241679407, 0.01581752177429988, 0.01680942384479978, 0.016892338552752864, 0.013542866857251687, 0.014520798738877006, 0.016412633190791493]"
10,18,Linear,Causal Forest,0.7242298433569346,0.8536519225836006,"[0.020255046003918926, 0.023459932768443294, 0.046915867282910945, 0.050112065369348896, 0.027651544399401543, 0.05881628959179079, 0.03803136778171687, 0.030915118499817186, 0.04781659876880738, 0.029667270173539748, 0.016712379162984986, 0.018339900702668343, 0.0190691120985861, 0.018125045775925396, 0.017704897251001363, 0.020443729692867216, 0.017549933665493116, 0.025430236803239577, 0.024939411102539645, 0.015168453198203124, 0.012673168535157918, 0.018026051590801333, 0.014451257131612152, 0.015397324107281389, 0.01673813753295754, 0.013722927650406598, 0.018485899594713286, 0.014206981140297116, 0.015372868541276608, 0.013799290420788372, 0.0189060867077377, 0.013340514598317818, 0.013143716256336606, 0.014505923661642314, 0.01486918221077858, 0.012649240820428431, 0.01577164795872332, 0.015435856720764453, 0.011242893815945081, 0.013257505464388284, 0.014368555408116372, 0.014470387976618123, 0.01419925459278631, 0.014145862342826814, 0.012448549011594616, 0.011317072378220903, 0.01461136756711926, 0.013858264659734734, 0.013884924852974425, 0.013575086656449175]"
10,18,Mixed,Causal Forest,2.3224065565762313,2.472461958928431,"[0.01890800326705408, 0.013641899850384678, 0.014506347705842863, 0.020866486409470236, 0.010669121757560102, 0.012465404176957493, 0.015518347994970573, 0.014038839542332631, 0.012409998728817546, 0.015360689678636805, 0.012167252669109771, 0.012506125607086332, 0.015618912343305773, 0.01387825789362522, 0.013822059832565816, 0.015726650182457284, 0.01343197593696694, 0.01010517621569403, 0.012120613400201886, 0.012760086436718198, 0.04123647284611178, 0.03407918107901542, 0.03302981526510869, 0.032250200691067744, 0.03756880881666247, 0.05441473471798696, 0.07695143254103666, 0.03670398432634175, 0.07080810389174749, 0.03135841743580934, 0.009606807111963449, 0.013160924605892237, 0.014289481216590905, 0.013680407408940982, 0.010670050457641337, 0.014235741211521826, 0.013559556468537674, 0.012799069900936228, 0.012128349424271571, 0.014997423082701227, 0.0167055627511791, 0.014007220856425693, 0.014993495541757138, 0.018180587138481356, 0.014067645399313036, 0.013181616211304151, 0.011107777645764948, 0.013712972319161586, 0.013410648886341942, 0.01258126112062714]"
10,4,Interaction,Causal Forest,2.094410272628442,2.502299367885392,"[0.02484083601376113, 0.030559110150630397, 0.02116771552543081, 0.021898839772625658, 0.016013073732610347, 0.01687512691369719, 0.02261659062566363, 0.02889018726934459, 0.024437148240943053, 0.026111465352759215, 0.01715635280638701, 0.025964707789114787, 0.02054290351287664, 0.030200641906229807, 0.020911355961015846, 0.018163686732555508, 0.020924237540648052, 0.017043811210515795, 0.05035545127113459, 0.02278622842817827, 0.01810795088645585, 0.01628101522559356, 0.013491045321270916, 0.019932625767873385, 0.016501155798853508, 0.018366351870453157, 0.015528966719761868, 0.01723610253451933, 0.01633752565259027, 0.018186249605674255, 0.018527337311974573, 0.016038742346659293, 0.02221905067918697, 0.017442538733590907, 0.018031739589036977, 0.016331568897329004, 0.016174609259143734, 0.01478991981640006, 0.013412467230677887, 0.01705547850574515, 0.022199365862685, 0.013159053851094669, 0.020147908011132493, 0.027458342780388945, 0.018385632931602964, 0.01579900603768105, 0.017100706970275367, 0.013212814236914481, 0.013395178751249872, 0.021690078058062334]"
10,4,LSS confounding,Causal Forest,1.896296684128092,2.7284373982443766,"[0.025169851092358746, 0.029463431774992725, 0.06568502537564268, 0.034548816837162134, 0.021562437738406146, 0.018420885844995474, 0.028212483014589798, 0.037956247054422854, 0.026079159788692578, 0.03974441776433214, 0.020267557914935567, 0.018431311670082006, 0.01581482379464351, 0.016363952515848268, 0.01676273539316767, 0.016355388447269126, 0.021674919369117474, 0.017639326211143794, 0.02425097217206531, 0.0164348812317462, 0.01505466140482899, 0.01850808433505836, 0.0126484924465854, 0.019672071609495242, 0.024361520157491094, 0.014258401025872338, 0.014603713748074683, 0.0179472551923814, 0.01718186493781878, 0.015257528055161307, 0.01340371598409462, 0.019042005961462237, 0.017222494258121685, 0.014715895960534586, 0.015783205377663877, 0.017461726231471793, 0.020808140618076967, 0.013024820456973134, 0.02012740907245844, 0.018715796842038245, 0.012583837488622927, 0.013005722854577653, 0.012940728623240088, 0.013632810252766496, 0.015760898628446977, 0.014995301332488532, 0.01425207143704575, 0.01919199279694221, 0.015813249260709383, 0.017185958643882594]"
10,4,Linear,Causal Forest,0.7010352034037463,0.8517794159561115,"[0.03947387528407954, 0.036588569728661764, 0.02567901701735762, 0.01508017058776161, 0.027186412504782025, 0.025359389671567905, 0.03822917387789977, 0.058938252590135305, 0.02444156248250256, 0.04542332213270874, 0.03414059098557352, 0.01593968594507187, 0.021621371832384932, 0.01688066308314472, 0.023511000036882713, 0.021170147805146054, 0.014837540666469803, 0.018165319819427247, 0.022178496681350975, 0.024374537993763056, 0.01207742767580472, 0.01412188945543771, 0.013974846510109306, 0.021021915945574746, 0.013361007544681397, 0.014235503880496285, 0.015706208765338826, 0.014591930147543121, 0.015540869674014095, 0.014562172714162634, 0.012774415542148159, 0.015687088588832155, 0.01392578170862079, 0.0131490307781179, 0.014579962444566386, 0.017220723852978407, 0.014845874111188442, 0.013303705264954193, 0.014694149350987675, 0.015573713224700947, 0.014039852780240072, 0.02159176096301809, 0.01494610811336414, 0.01652867855012829, 0.012407886679357279, 0.016483071218623007, 0.01639664523760574, 0.014878102866975034, 0.013335885196516628, 0.015224690487241985]"
10,4,Mixed,Causal Forest,2.2770401408407457,2.4156906603170043,"[0.013331373595281314, 0.011388783432491398, 0.01511500991466487, 0.012224848084094495, 0.018486626288224856, 0.016521153789941394, 0.01263574201629903, 0.011529726604364394, 0.013524320422441644, 0.011688187378967076, 0.014484576931904516, 0.012901347246123383, 0.011226323171168872, 0.016009440773424335, 0.0132583923689506, 0.011778626411817865, 0.015875322642902062, 0.014231467506345958, 0.014199721929879342, 0.012499849597553942, 0.033787991430924647, 0.05273431280078826, 0.04539081752110233, 0.031412598268916916, 0.04828311277734253, 0.04425486814984189, 0.049551514356971804, 0.02830284755340648, 0.05563185184411714, 0.04319654191417859, 0.012406882669298243, 0.013290786331057097, 0.010938618545120096, 0.015210001319300418, 0.01255853850102466, 0.018864789275858464, 0.012126587393012004, 0.01834124217326192, 0.015481427908611498, 0.014743055778997911, 0.012226409047132592, 0.02354020975527917, 0.013102778716916752, 0.01653665327559993, 0.011237606223123897, 0.015625521848574003, 0.015239027423094902, 0.015099515659880585, 0.010876883221017744, 0.01709616820940625]"
10,16,Interaction,Causal Forest,2.036330833930484,2.504645308287569,"[0.03501588274443155, 0.019546329928054617, 0.02421180867394714, 0.017568909643994064, 0.020406235037640878, 0.02323366347663615, 0.037722495031683775, 0.017704323972130568, 0.021565365035159923, 0.0187772821356782, 0.02379205791697262, 0.015544349140617838, 0.021456933495568577, 0.026790413664482635, 0.021586454667639057, 0.025445616126143374, 0.04408614816156619, 0.03826195909323155, 0.023061246573249896, 0.020135930620683338, 0.015080264591948373, 0.014771700442678322, 0.01562775542371067, 0.01933300418157715, 0.014807994551972388, 0.012445917432400574, 0.01569589919719864, 0.02010366264510317, 0.01585017913192941, 0.01797322578268615, 0.015811471821794727, 0.017870369327416223, 0.014979215749479045, 0.014324004047288307, 0.013845583121826962, 0.018127934575951358, 0.018615761469185785, 0.02104303409016301, 0.016747993591700875, 0.014250061367356886, 0.01599305429954324, 0.01816775019099987, 0.014804261582171307, 0.01397504329705424, 0.014645449248740079, 0.022132491098992436, 0.025752496846734828, 0.014436330652078238, 0.02076593731397399, 0.01610874778683179]"
10,16,LSS confounding,Causal Forest,1.993505057434778,2.7511952254555916,"[0.021133785686249053, 0.014929992332604076, 0.05102157373932201, 0.04002479978358244, 0.02392676769783448, 0.03406534044299181, 0.027736491457515895, 0.04404978580726457, 0.03227334716269926, 0.04049218953930104, 0.017779141014276186, 0.01759197572522993, 0.018464683859560266, 0.016924675787308534, 0.020186554462575973, 0.02073517169708039, 0.014735103984527933, 0.02063398112001366, 0.01982659268937143, 0.020883572214547737, 0.016516428877794614, 0.02011093977056999, 0.01827251083922917, 0.018980703105051684, 0.013655636015576823, 0.011904789005977807, 0.017198655805132235, 0.01607599084171644, 0.015391503513653268, 0.013227741515042859, 0.015454772315431502, 0.01718260916173375, 0.018524582298905266, 0.012902544923699726, 0.015161215158096436, 0.015082115391471067, 0.02231020893945237, 0.019427675194564453, 0.01734882423463495, 0.015250071337129318, 0.016230069098115068, 0.016216803694150704, 0.014521162783921378, 0.014375097529332517, 0.014560023241580284, 0.01563995266060549, 0.016534053570572645, 0.015060259230719469, 0.014767967496216025, 0.014699566246066156]"
10,16,Linear,Causal Forest,0.687426934479562,0.8720319962139149,"[0.02550974113087342, 0.040813525843806424, 0.03556881484750615, 0.025697479981035713, 0.04325244885605577, 0.0203971316038411, 0.021300167886467058, 0.029231527051106477, 0.044650034968547254, 0.025405409918562574, 0.01759811075971605, 0.03941535232862721, 0.0191827267513071, 0.01807148566131342, 0.015551083652616813, 0.013957466734688473, 0.020984426596571105, 0.02576093092177923, 0.046819314128281046, 0.019307582259633443, 0.019544959980250076, 0.01708078072068787, 0.0122750642814519, 0.014260434868005472, 0.017030456115039557, 0.018031568150232637, 0.015400242533663889, 0.017396518086096824, 0.014508896464498943, 0.013287441162077683, 0.012119299388029029, 0.013569403110781413, 0.01453617706846357, 0.01341379483675784, 0.017762318973823153, 0.013855070442092136, 0.017603630433922827, 0.01823158603976235, 0.014445893532671991, 0.014176396377084073, 0.012487413021368195, 0.017606932289986492, 0.012197245515526155, 0.01419563138344365, 0.01415993642949049, 0.017865992334093098, 0.013038820468118316, 0.013247465108493851, 0.014698138525001559, 0.013497730476749197]"
10,16,Mixed,Causal Forest,2.283450908547682,2.4355963025874052,"[0.014124420395124213, 0.012690569645723153, 0.012134486896499543, 0.017529076845688232, 0.01275796263190515, 0.01432792820870533, 0.019679363717186874, 0.015055308321922143, 0.013019566603106918, 0.010484057300110034, 0.02063220741188379, 0.018697088223462513, 0.01507012344662555, 0.016380823836689366, 0.015209002267940433, 0.012331044557663318, 0.012112053718134608, 0.011508235133135038, 0.011579133874316947, 0.01319866793525632, 0.04580831844368087, 0.038672061246272676, 0.06956344930736537, 0.05305236910669019, 0.05292109601232117, 0.02688435487538262, 0.030669629537914998, 0.05406136465870642, 0.039013782135128225, 0.043796626379827105, 0.013477216186970072, 0.009393093056231854, 0.015003081686620935, 0.009823754995958597, 0.013080946704372771, 0.012729253061083244, 0.010222606661571336, 0.014004611687090636, 0.015606939885128433, 0.009864984163949242, 0.014072293789978757, 0.01056135433922851, 0.010676260515704196, 0.013722669507692374, 0.014662404738922464, 0.011247960314041629, 0.011124136505711599, 0.01754425469090639, 0.014378467366647503, 0.01583953746782035]"
10,19,Interaction,Causal Forest,2.0545643856750253,2.513588221541746,"[0.026367016904152735, 0.03345495506561147, 0.020248911757354104, 0.018637098955970332, 0.019633144015548276, 0.022664894642393563, 0.027250566588875823, 0.019120983482795718, 0.032435074384717086, 0.02129618493457301, 0.04180370798493775, 0.028756925657702426, 0.030519073664628048, 0.017287285563178486, 0.022917997074191777, 0.023616797740572803, 0.022796164005048476, 0.01902381211202602, 0.02897853373371059, 0.02986089738720491, 0.01735422519941989, 0.01417188742989697, 0.019207692922399915, 0.013343560684755777, 0.015085345405067322, 0.014769959866703472, 0.018600858293582993, 0.016869410615002207, 0.015278673939899916, 0.017764495662061536, 0.01653663016275596, 0.014554302373592206, 0.017601832710131562, 0.017386318339490336, 0.018137181906326943, 0.014984984237578816, 0.01602955993145048, 0.02244317926622912, 0.018764822280752727, 0.015747714901360014, 0.017144631569074018, 0.01587466799889082, 0.016694012557377926, 0.0143467032498881, 0.016167448675120873, 0.013558956061582283, 0.019309182862938302, 0.01623088787851543, 0.01674849670413467, 0.012622350658825865]"
10,19,LSS confounding,Causal Forest,1.9561989796959443,2.7876895566833757,"[0.0378308421346535, 0.03935163510368073, 0.026641581025548172, 0.02236052537005708, 0.02777448166333864, 0.03785817008104045, 0.018236957677033424, 0.029371166216922658, 0.06199076655240639, 0.04238140142163308, 0.016448729229351533, 0.014415607766914851, 0.023154100431216334, 0.013199481926098166, 0.018030822613775054, 0.021203874889347402, 0.015278259684658521, 0.017689241869566462, 0.022558844560957955, 0.02203886092916766, 0.016849007852397797, 0.01588984769107487, 0.01558276620335164, 0.017094264707172686, 0.017841727496708305, 0.014723863293743861, 0.01681577379852627, 0.014507223616575471, 0.015548004233072137, 0.015207280292023936, 0.017841846290213265, 0.017528418423909745, 0.014672707633865254, 0.014067108908394617, 0.015838828458060852, 0.015318330847084989, 0.0123229847952019, 0.015301122688865847, 0.01790554381638358, 0.014011163870540848, 0.015086406161289175, 0.015202413336470908, 0.015034048150223966, 0.016168754499317678, 0.018591520924513483, 0.017848856540491162, 0.014366799596903408, 0.01496286905831329, 0.014330316903981266, 0.01572484876395969]"
10,19,Linear,Causal Forest,0.6797674353798165,0.8538875218957821,"[0.03688234633106066, 0.03251633922711391, 0.05453966495087543, 0.03364850885267622, 0.048276172603695225, 0.02255775648744838, 0.03487637806734273, 0.036910283612816286, 0.028917231877912543, 0.02967096949859312, 0.0224284738276708, 0.025977601587603674, 0.019713544970009645, 0.02195194002274888, 0.018951903110243678, 0.023487788963626972, 0.022035745008893406, 0.014741609914117918, 0.015248877143903803, 0.03011831441632756, 0.014513658756111148, 0.014640787952943634, 0.015613650242340354, 0.014870069349449828, 0.012137970681020354, 0.013859278444106405, 0.012703749092693202, 0.013528761707184415, 0.014723833460481336, 0.014990846867385325, 0.012683836965714484, 0.012713441405033395, 0.013403484541720436, 0.013049450285055046, 0.01571825772219249, 0.012653139310795964, 0.01704228695269768, 0.0177715428719921, 0.019112773988351886, 0.011439315043741247, 0.014067714760211892, 0.01324887839544529, 0.01048085345249779, 0.01272427452923365, 0.0140833133195759, 0.01671067178174151, 0.012225021150829319, 0.01707382813197594, 0.01517481361478829, 0.013589044748008757]"
10,19,Mixed,Causal Forest,2.252252756699144,2.392291443749199,"[0.010362646092944641, 0.013676257634065736, 0.011761228554155597, 0.015477130339630914, 0.01517551498410703, 0.012995780602616495, 0.0183415464640981, 0.014529696044837755, 0.015056363919169737, 0.012830290791306992, 0.014755926775151036, 0.015193103977852182, 0.01127189102482428, 0.011739328092562444, 0.012067603715135274, 0.013851449322151838, 0.012504328638809403, 0.015915571993462434, 0.015150006130143967, 0.012787516195107264, 0.03284393026961006, 0.06973208353700493, 0.052568068016058164, 0.030287105022384245, 0.060497230746790386, 0.05313639292903086, 0.05654816252276891, 0.038369431551295824, 0.045047267101697465, 0.021556382640414203, 0.016181478255015848, 0.013574400178310058, 0.01130754558602227, 0.010701847493265478, 0.011201115357619007, 0.013463776548375932, 0.012124036717848164, 0.016901117339083515, 0.013366008746165612, 0.012051334050422236, 0.011941371250750479, 0.014583234196582669, 0.014423736675202721, 0.013902633068214557, 0.012420967207343139, 0.012444622362119179, 0.014462305784786777, 0.011852404424770466, 0.011726859210946414, 0.015339969917967204]"
10,12,Interaction,Causal Forest,2.055586884067222,2.502031252640478,"[0.021068506980320575, 0.018039001296108276, 0.044261915170762986, 0.022605408706699116, 0.02683358946207723, 0.028128943871778344, 0.034844656525997046, 0.02044575679335422, 0.02688955473758765, 0.019931404875463906, 0.017696095992393353, 0.018179710567437512, 0.019013488252535644, 0.02674595575288706, 0.035596069866818875, 0.019782323962577956, 0.03162307048857904, 0.03347486577934509, 0.01980133487219964, 0.024217739331343444, 0.015423496455986141, 0.018620813556306934, 0.018098481728537875, 0.01599025189034349, 0.01759529125302896, 0.020486492716346998, 0.014944330322173162, 0.015047859065536868, 0.017376618121245597, 0.018167467790629756, 0.01349877454628538, 0.01497061216406381, 0.016161123324828962, 0.014642568164750841, 0.014043778683110617, 0.01653968437223575, 0.01467599343055805, 0.015020369123662693, 0.0167235950373685, 0.014982040133971902, 0.01721327582576423, 0.016297554056095353, 0.017955944566302524, 0.020256029578601967, 0.014520157491973527, 0.017762980724569923, 0.017642187365633444, 0.014731660136226938, 0.01558378115728804, 0.01584739393030476]"
10,12,LSS confounding,Causal Forest,2.1986567674806863,2.9415981124355226,"[0.06016514518234748, 0.035848934059923614, 0.024481059503448154, 0.03783021892908038, 0.027925471537344856, 0.019267794846026795, 0.03580077687703634, 0.028637401248161345, 0.019584947476506975, 0.020402861804445914, 0.017778600788401086, 0.019948938631385364, 0.015577152825522684, 0.017751087394595765, 0.020409521832238316, 0.014576380416888997, 0.02975582621367838, 0.02660741987236579, 0.012771828145168538, 0.014965607249569232, 0.02001802995795388, 0.016375543111456125, 0.01896648632039802, 0.01306928042898028, 0.013870149655872783, 0.01848680699024831, 0.023228485202953463, 0.017259382320239228, 0.0226924167639356, 0.01998399991245381, 0.01515983840385045, 0.015998996886910158, 0.018663730871223628, 0.014073985211048634, 0.012410377670001351, 0.01448722656272323, 0.013242181679527721, 0.015902393002498405, 0.016308258704406667, 0.020855199690964894, 0.012705963800484546, 0.014708752841604795, 0.013490327155174328, 0.0195184625638611, 0.014601735743381876, 0.018336407800086406, 0.01430487491673317, 0.016847022688365593, 0.020363798228103108, 0.013982910080422404]"
10,12,Linear,Causal Forest,0.7326852794139228,0.8740422071734861,"[0.0359409928332644, 0.031228874566508087, 0.040152337699140686, 0.023161311817417794, 0.04065160148586961, 0.03465902144362228, 0.04165243467751844, 0.029220760998630014, 0.0205196180523329, 0.05449121754031205, 0.015301873638428649, 0.018834975069298793, 0.02387126311089197, 0.01900769837809053, 0.019554716138473687, 0.017613805224884788, 0.02593442958475621, 0.023755653796092555, 0.014562526596687568, 0.021166971175101204, 0.018830983257782066, 0.012508551213266368, 0.022173500391263864, 0.01709495892869186, 0.01143156197482086, 0.015331926246144075, 0.013420452998220578, 0.012235809093551977, 0.015349283051569436, 0.016255908180039035, 0.013993317456373642, 0.015693404378027288, 0.014770481299403525, 0.015442170337854156, 0.016386142127226302, 0.01578553687230271, 0.015940827718325234, 0.015322865916598488, 0.016328429772182237, 0.014411727355867845, 0.013591582509551184, 0.013352866156284617, 0.01215921441280009, 0.014398954967534565, 0.013825961272802256, 0.016059888743556464, 0.012987142669803754, 0.013776690980217603, 0.016838821472760557, 0.013018954417855248]"
10,12,Mixed,Causal Forest,2.3276906068179577,2.492655019994986,"[0.016486491299708625, 0.01887434483260768, 0.016159197844397517, 0.016609264396227903, 0.013557009682039836, 0.01199037888948217, 0.01520718634764681, 0.019331996874690192, 0.011781999825613952, 0.011993834103334326, 0.01115799933841046, 0.01274095185213547, 0.014975148652265364, 0.010493187574541799, 0.01574196306068787, 0.014381832799988567, 0.012008105285201963, 0.014579261659172182, 0.013686222525593636, 0.01419301894651068, 0.05703691570967913, 0.03344651615224301, 0.07743384120333636, 0.03532817300960629, 0.04561918525433128, 0.0752622057553922, 0.026860151094432943, 0.0350956162403068, 0.038291681120115995, 0.028332054922159806, 0.012636944653445833, 0.015660775898370928, 0.010878441800229356, 0.01274829813539407, 0.010307677376411875, 0.018064214681072645, 0.012315115884907885, 0.012170479105004801, 0.012946619524865394, 0.01460000638748571, 0.011349650317763162, 0.019615413937185567, 0.014646027972431547, 0.015273856152805687, 0.011219019892211076, 0.011953210969121926, 0.011073710020051928, 0.00989168374099937, 0.01245024288532868, 0.011542874413051542]"
10,1,Interaction,Causal Forest,2.098067763113548,2.5024897950390423,"[0.028465693891356652, 0.020386353099035845, 0.040873631393991944, 0.02290541696322523, 0.025111449493596828, 0.020101131291314713, 0.02576673952922286, 0.02097097521048125, 0.02254084213367273, 0.0199371376181399, 0.0253470514300067, 0.01970233364094367, 0.02485784351386626, 0.023482197179122206, 0.019543158398300203, 0.01998979673960905, 0.020869383905670887, 0.051835046626167114, 0.018403267549372392, 0.023022348622491747, 0.02091521104447042, 0.01723543607963412, 0.014932029455921512, 0.01668835956033933, 0.017746495417606128, 0.02049137505142747, 0.015823835910594726, 0.017124226109490766, 0.01744223637226124, 0.019806390420302855, 0.019734464352774376, 0.014593651499442235, 0.01452952201489366, 0.01402300432756494, 0.017756778562818036, 0.017849634462370586, 0.018373986048895712, 0.015071439983215454, 0.016343426670834632, 0.0163251798104894, 0.016740333861326707, 0.01616359899779375, 0.016856154660728418, 0.01808047781331294, 0.01939591736110582, 0.01551542506545275, 0.017997983510793993, 0.012191365269381686, 0.013774030509475042, 0.016366231565692967]"
10,1,LSS confounding,Causal Forest,2.094440460197408,2.8524198456387406,"[0.019830540498638468, 0.020439016771068467, 0.029405331276496124, 0.054700569219191975, 0.10668667282810594, 0.020277135076065666, 0.029103395650990783, 0.029458420358477712, 0.024181969645193934, 0.02033258755284035, 0.015437896182877558, 0.0209408388426205, 0.014578578284805108, 0.019601223001913037, 0.023062830817837648, 0.016867655288795722, 0.018491790516612226, 0.0176447553046259, 0.0185036812358184, 0.017573593746289477, 0.011316190998351704, 0.014537753393991526, 0.015003473521074501, 0.014950248461759059, 0.016485942906236693, 0.01660889555308069, 0.01590543913200108, 0.018938340199022678, 0.014943717713657101, 0.014428816644281788, 0.014277000471368954, 0.01438531865934318, 0.01408223246247098, 0.014859851685973521, 0.015793982012716427, 0.016247081694081074, 0.016339041627447835, 0.013400343349104414, 0.014758461456091753, 0.014148432742913998, 0.016456300360393722, 0.013120161348958083, 0.017214839614954677, 0.01736460555185929, 0.014742042932742476, 0.019548920349728816, 0.013811045700243784, 0.015165358719003062, 0.015261666443426702, 0.01878601219445546]"
10,1,Linear,Causal Forest,0.7367322960558736,0.8632532658886882,"[0.026644638818330738, 0.0312780466588491, 0.04206962795627574, 0.047729507260740565, 0.03567530945700605, 0.03739302209505969, 0.03818935648945879, 0.018829728126244002, 0.04142717438775105, 0.03730802385883499, 0.028909029515929763, 0.018896635151414615, 0.020410801244418936, 0.01860094576248386, 0.021536763159726312, 0.020231985858916238, 0.021061026340720188, 0.015794736085031243, 0.0175711824796266, 0.01844791686878508, 0.015796639093873247, 0.013741531264026875, 0.02027057091117054, 0.014659035919401176, 0.016986932079856604, 0.013960375463889037, 0.015568351776416309, 0.014137295895216402, 0.01708184803132724, 0.014266034135262536, 0.01347471169554727, 0.012773056675127377, 0.013914210212449209, 0.01362085723943284, 0.012803522884440173, 0.013258639982621653, 0.014105980751304197, 0.01427474756539113, 0.012474591202135808, 0.015264332912506373, 0.014194384187133525, 0.016373155023341572, 0.015261840142039804, 0.013926808957769803, 0.01678065877939284, 0.0169223046568422, 0.014609281186117035, 0.012599664538700815, 0.012666085322934877, 0.016227093938728007]"
10,1,Mixed,Causal Forest,2.258785814293967,2.414232055715177,"[0.013562468233364882, 0.011488723585635862, 0.014694431933116708, 0.015516311442892918, 0.017898206505034632, 0.014074729124345643, 0.011996923852586943, 0.01667289413557921, 0.014410289560127854, 0.013885158873761126, 0.015269316304880026, 0.012266438113085674, 0.01313125802936018, 0.012495370806738513, 0.013282185384128358, 0.012825602488454317, 0.012088971430674922, 0.013472225910868354, 0.012497837530058691, 0.013356372056017949, 0.039916011058103086, 0.039431299167830565, 0.04732604749759636, 0.051844608535804776, 0.019404563036611616, 0.026652925272173847, 0.046014249149828046, 0.07801458745665289, 0.026639530792401285, 0.0777159061209592, 0.013070146669892415, 0.014128199175698852, 0.01306516952884061, 0.015923529220761148, 0.014947374516105871, 0.010311563268488939, 0.011772165057079287, 0.011906435782155942, 0.01086053542258418, 0.016821579309920422, 0.01155188228981038, 0.011246783617727357, 0.027242675654338716, 0.012548023375891332, 0.014348208439199326, 0.014064955118219605, 0.01274027378036729, 0.01210370655548713, 0.011563639728975702, 0.011937710099781037]"
10,8,Interaction,Causal Forest,2.0361407085268843,2.5054163833485545,"[0.02304042850196146, 0.03548551505605433, 0.02210674561777509, 0.01995416733328148, 0.018094193915774208, 0.02381073332341726, 0.025785161742280897, 0.03283572572857116, 0.020128329036733703, 0.026604135469409856, 0.016752384955904646, 0.022697736064517415, 0.04311656079711494, 0.022216209293777267, 0.01758513085051661, 0.02738087493838695, 0.023375099749556528, 0.024656645729505107, 0.02754655524861095, 0.028333788805580223, 0.016177607097028777, 0.017895752436521285, 0.01572271560237172, 0.01939615381537076, 0.014837893093625676, 0.017982111589530444, 0.016550580544992186, 0.01723526678811399, 0.017070667546485965, 0.018948962754728602, 0.01352259488137461, 0.01709132239339115, 0.01643767846097091, 0.017354407334884706, 0.017931129096972274, 0.022841437281527616, 0.014734282687661183, 0.014542594390099452, 0.013602108303377582, 0.02052646473135694, 0.01661941665925308, 0.01475075318731996, 0.015562321540255995, 0.02059913152394443, 0.01521766713486166, 0.015733861523753848, 0.014817466862574968, 0.013614551182911518, 0.013710999487997035, 0.017465977908011673]"
10,8,LSS confounding,Causal Forest,2.0324126684180395,2.874124981583291,"[0.025187474551292676, 0.06490591222353043, 0.03409358966660277, 0.026351740242280458, 0.04674963894010016, 0.020926526083851194, 0.03345147784379152, 0.023378035189478008, 0.020233039603573467, 0.055888814693563854, 0.01461556548024518, 0.018329125153354126, 0.017204283812254903, 0.014847230331458006, 0.01556163761931613, 0.017388579421395406, 0.01634893641201271, 0.015586312943933846, 0.01773313604680454, 0.020273929982649583, 0.015227784734535397, 0.017409057610145075, 0.017566654741877453, 0.013133631567576956, 0.014671451402521003, 0.018747091092684062, 0.017899989860823744, 0.01682653194489428, 0.015487319088991291, 0.017572192145466327, 0.013914044912384304, 0.018987391781916937, 0.015168424828118178, 0.015041986830459448, 0.013633376686823233, 0.020803092444122057, 0.016397786377165446, 0.013456273822538601, 0.016892334168048723, 0.01736912938819348, 0.01605195456336104, 0.01553648162936666, 0.01456201529169777, 0.016092660806446838, 0.01692299227197709, 0.01585680133492514, 0.01370495336336289, 0.012814104677524833, 0.01689350265921154, 0.01630400173135125]"
10,8,Linear,Causal Forest,0.7342178616039292,0.9127481080828624,"[0.033688268039526945, 0.01875981434785199, 0.025318788303116836, 0.02734646796250186, 0.04225507678200495, 0.028759812806422876, 0.04218013217730054, 0.02054639582307971, 0.04706672369590233, 0.034173016884670775, 0.01778252305390374, 0.04674973334924354, 0.018283077461910952, 0.014617360325248154, 0.02094294922210992, 0.017049015152539718, 0.018083603391878332, 0.01941276804180791, 0.024352595902275148, 0.025828812384248657, 0.014761456843486573, 0.01394593006520179, 0.016580994413450238, 0.014680718810334604, 0.014216413343984933, 0.013136292856576937, 0.012969279311290667, 0.012475663290429538, 0.012616208161825944, 0.012557895570976842, 0.014421878343330473, 0.015986632141408812, 0.013843716233463692, 0.012881906120472545, 0.014519278127886661, 0.013085100424570027, 0.02051396532355675, 0.014253696713077609, 0.015404980607106983, 0.017045246988452303, 0.016168950855976943, 0.015091916535234659, 0.014946984545332144, 0.017928388506546718, 0.024311948244002957, 0.015850640892878534, 0.019108617458895142, 0.01272979088526488, 0.012325065451174426, 0.018443507826264832]"
10,8,Mixed,Causal Forest,2.2909939410860405,2.4675372888068376,"[0.01753259654557606, 0.011535891218958214, 0.013333282995429248, 0.023471260159472415, 0.014275204794998464, 0.010752839083080138, 0.013505504924881952, 0.01319923030507422, 0.017299607842575192, 0.014043348857462503, 0.016304188672056182, 0.01804378941258027, 0.014969359552130562, 0.014738176957110076, 0.017438514653242584, 0.011356124931427868, 0.013800425121565063, 0.015598770768460586, 0.014246633206016586, 0.016419796167444534, 0.0345273136489733, 0.02727000893811813, 0.037975183225633716, 0.06243107098943271, 0.043275764811597756, 0.038979339339313655, 0.03472843244867904, 0.06706679964410263, 0.03995086858263583, 0.046233595377410314, 0.01478872446612717, 0.013937119131481844, 0.01223704575370698, 0.015434034626588388, 0.011126789424498226, 0.012137426574646625, 0.011106650187472951, 0.014212248727796766, 0.013113475389540727, 0.009874353881453404, 0.017658789446207575, 0.013768116358615997, 0.01213006263821188, 0.015591163968920338, 0.012920480462101029, 0.011900831582006905, 0.01194455013681144, 0.01158066062448933, 0.013154138734582727, 0.017080414709299996]"
10,9,Interaction,Causal Forest,2.0429347321472373,2.504160421543917,"[0.022003675971158335, 0.021521301850366527, 0.02511265758015643, 0.025712397987915296, 0.031126372535854298, 0.017870112469603704, 0.030677540793949767, 0.02485531955990588, 0.02842872109807762, 0.02381444247385899, 0.03812520711493278, 0.014406863874316434, 0.015272645724989008, 0.019593913613445382, 0.02750659608896447, 0.02012346500013646, 0.017050469589463914, 0.02205540357357618, 0.029361365153959516, 0.052372825338512764, 0.013994014385240417, 0.013186305211036775, 0.015222391100760018, 0.018542889281701648, 0.01940110427234347, 0.01618818867704974, 0.01743588323436953, 0.019868658297996812, 0.01819898564421444, 0.019446493355589466, 0.016264844132055603, 0.013356632442267573, 0.01702053176699791, 0.015064684063936675, 0.018053512686809783, 0.011398581113091366, 0.018388593469820008, 0.014647898454394286, 0.021363687243480704, 0.019676719655783364, 0.015275094982196959, 0.015672766958840453, 0.016910836199916155, 0.012597097954497163, 0.014487318063909602, 0.01781232427973542, 0.01776395259545387, 0.01373750358007292, 0.013107469728069688, 0.018923739775224407]"
10,9,LSS confounding,Causal Forest,2.060134857882748,2.7787271084067675,"[0.03175560455576015, 0.02779332619634175, 0.02303028030464467, 0.036844252502905066, 0.046246397290135334, 0.021410449914925144, 0.03418199176348842, 0.028961639839712738, 0.024486949411468843, 0.05058463262039331, 0.025647208694371235, 0.020944266173093064, 0.018445208305547883, 0.01624886762209441, 0.023628591830169677, 0.021070529707378834, 0.02536204270723221, 0.019673599132882996, 0.019363426118728762, 0.01591473033602965, 0.021897667776319015, 0.015762661415942403, 0.011368764318994225, 0.016345902989942544, 0.01701505406681243, 0.014746715413203278, 0.017620708273183884, 0.014324053221956406, 0.01451642849094429, 0.013978306321902043, 0.014845559138645945, 0.01596714652883487, 0.01569446731632404, 0.013471698480576328, 0.020995984393174343, 0.01722536180091215, 0.015306199201067376, 0.013406321481025947, 0.017216079066895307, 0.015866993625232816, 0.012240587083348584, 0.02030287167193962, 0.016679463205386817, 0.01650447944430933, 0.013229928527241475, 0.01447848756238489, 0.011606779906082831, 0.018123837594420485, 0.01471259729122315, 0.012954899364469072]"
10,9,Linear,Causal Forest,0.7069904505722989,0.8447400305592684,"[0.02253712705680477, 0.04416581939242933, 0.04493858073454604, 0.021725287592870766, 0.025420358702079194, 0.03522023441332937, 0.052362713692890424, 0.03730930984588555, 0.05621053192887174, 0.05189070132559318, 0.015596922022273398, 0.026580974218703167, 0.013768684832865743, 0.016832882401635833, 0.01925465765083, 0.016805431127119474, 0.017174806703609238, 0.01729809189170887, 0.018094920776415554, 0.016687909661966566, 0.016871352634237894, 0.012755979869609805, 0.01612108541097198, 0.013289493922107968, 0.014771007938846292, 0.016434069979367884, 0.012688095451501716, 0.014070315092629668, 0.015939839916679143, 0.013870780270632268, 0.012008522528137063, 0.01999132029230907, 0.015310981734321572, 0.012198121712507407, 0.013272034092426837, 0.01368736591705381, 0.01311218728368263, 0.01574935130841834, 0.01804135453543046, 0.014345031525560673, 0.012411990234796796, 0.016939114285272693, 0.012851535051596563, 0.012973345281595034, 0.016988563206181858, 0.014951412369207454, 0.008729755345204357, 0.012559024946283975, 0.011897370097279737, 0.015293651793720735]"
10,9,Mixed,Causal Forest,2.319779856720075,2.4891901808129493,"[0.01349340589563594, 0.014672332264995891, 0.016161420369587842, 0.011844537496839162, 0.014845076720894537, 0.014052381659604516, 0.015508461382324036, 0.015263253492571792, 0.020349827816757114, 0.01530782339942155, 0.013943685485825504, 0.013612941739927444, 0.014262638448691758, 0.013070822756353986, 0.013852474385453485, 0.016265453648857224, 0.012463893745588725, 0.011389448249880729, 0.014285234134625171, 0.01122738316274985, 0.03687696197967547, 0.044684925361201215, 0.054036915746107354, 0.07292498517945666, 0.039382080437826164, 0.05676806447209122, 0.0338742170857216, 0.03876680687722185, 0.03024172298948277, 0.03414285333012903, 0.013270535783859484, 0.013151263113687445, 0.012161233546390073, 0.013104836166380073, 0.01337106911167727, 0.015961692328417314, 0.01150280847779433, 0.012701435605212379, 0.015442542351902278, 0.014401970521803708, 0.0169683997069363, 0.009736681225546698, 0.016721321131689105, 0.012671661191072986, 0.012556200942923226, 0.012651820350757641, 0.010058195593567862, 0.016556399804452084, 0.012505713041734449, 0.016932190288695803]"
10,17,Interaction,Causal Forest,2.052363313756148,2.504663688379946,"[0.019649031976559005, 0.021913955133219663, 0.021247080399070903, 0.02273663844833976, 0.028067835888593313, 0.023404209092090796, 0.016698443803451857, 0.03187160290513422, 0.021747320259172743, 0.04029020563645344, 0.01509253255334349, 0.024481436704991696, 0.03458894138718962, 0.034841362091706185, 0.014758472726548193, 0.021618540606932624, 0.039687088625938456, 0.03835816516827064, 0.015720744845635393, 0.020114909664462582, 0.016127267866848975, 0.017998112696160112, 0.015328836998772896, 0.01843072078213777, 0.01775604205344491, 0.016231847794316624, 0.015291526214153377, 0.019269053218277526, 0.014832680943819194, 0.021047257651735894, 0.015027228722639436, 0.013772256191055177, 0.012839592568107388, 0.01554854968758125, 0.015919501110655744, 0.01602615995910429, 0.0167641243211646, 0.013366576380021627, 0.013346768968665892, 0.01905953142073569, 0.012516164562814482, 0.02205207767296493, 0.014101934440971037, 0.015518744526697435, 0.01721581222935168, 0.016682378176448697, 0.01972567858726626, 0.01895592887818273, 0.015230597846140398, 0.01712852961265936]"
10,17,LSS confounding,Causal Forest,2.052964386301474,2.92450386057493,"[0.030498254375093282, 0.025882605180641307, 0.0345252965788392, 0.047117490419943786, 0.03513078048882485, 0.02193603196959408, 0.046526090990275194, 0.03897692627192968, 0.02477443427006698, 0.04379392264795322, 0.01287955615982028, 0.017291574744230005, 0.01521732741398554, 0.016129806219338953, 0.01577529926050146, 0.013450568895419051, 0.013323365829017471, 0.022696420262365343, 0.016517301487565025, 0.020363581335792028, 0.013999433623182537, 0.012267851413591213, 0.015749136232322384, 0.016979643100669108, 0.015088891768825495, 0.01822536179184083, 0.015211365698557395, 0.017538786032822915, 0.014662325792268827, 0.018115492259826164, 0.02024153537343539, 0.012594906919686028, 0.017307620718940698, 0.01559737138094186, 0.016221073698711754, 0.017613528583992826, 0.013294957759738943, 0.016435352564888372, 0.013043982848423934, 0.016098217724569593, 0.013261100416875966, 0.029280960185814945, 0.013642570353108953, 0.014960288078713685, 0.021509425957928693, 0.017542472764756335, 0.015454010567771454, 0.015841668544849502, 0.01583087120290374, 0.013583161838843729]"
10,17,Linear,Causal Forest,0.6803092213104236,0.8838418813571653,"[0.018685437471700223, 0.021809176531945883, 0.04448881291992229, 0.03393099837842229, 0.02966941672700423, 0.024184372481452766, 0.0234826466547225, 0.03541656486322146, 0.022368828638083163, 0.037726391839143184, 0.029525103073213335, 0.0489692707491471, 0.030834180174499126, 0.01737455931756119, 0.01954406045984934, 0.01801406703296843, 0.018028080224911473, 0.029090632952877237, 0.019555559252623037, 0.014085842409923137, 0.013895795583808443, 0.018590827759754763, 0.014234145848239814, 0.013918077085458069, 0.01485978459204732, 0.014181568316898705, 0.014330541002531411, 0.014581531172026976, 0.013122556885037582, 0.014896235952268517, 0.013475863884719353, 0.015937675844553863, 0.024291714582458823, 0.01146544772759563, 0.019585393852779243, 0.017741295825206872, 0.016089660970275046, 0.013498112000511637, 0.01299520835586344, 0.01795242095955117, 0.014921465928914412, 0.015261294151676342, 0.01498890343739288, 0.019442465403448496, 0.013654621942191412, 0.015592574015711956, 0.015779580309621587, 0.015500728433039679, 0.016155068669882266, 0.012275437353342926]"
10,17,Mixed,Causal Forest,2.3330628051631175,2.471418124389238,"[0.018296381713816354, 0.012149797547380112, 0.015019310370005742, 0.012648108998675398, 0.012249380412743, 0.019734490508611376, 0.012358480085392495, 0.011538476848307843, 0.012664387024823014, 0.013304170326930374, 0.009938579414033245, 0.011958237338832797, 0.012019346186739995, 0.011397523083871718, 0.013717916593148444, 0.01519661536311547, 0.016128572807590766, 0.019907758591507653, 0.012349342635479769, 0.010410673274374825, 0.05800910279067241, 0.02876189953642959, 0.043710251559801974, 0.04763249677209488, 0.05132824872094401, 0.03243515903893708, 0.03769661652780081, 0.025037212441539405, 0.06667788402875988, 0.07301062557722503, 0.010812710831326513, 0.01214120733285563, 0.015587597983990058, 0.011886502453858434, 0.012518654784776963, 0.01436024031017616, 0.01433349403731157, 0.010485567704206389, 0.014470078092060945, 0.01355908308864213, 0.015202563127961321, 0.011671303540405062, 0.013901679694444375, 0.013016026520614123, 0.014641298296666442, 0.014428117888245625, 0.01282066907035547, 0.012062739673366607, 0.01213707234181939, 0.012676347107331513]"
10,7,Interaction,Causal Forest,2.023598284677385,2.501304069383822,"[0.021122845752198586, 0.02417285389426678, 0.01957874662955497, 0.02092575476669893, 0.037843130107130245, 0.025728863247409407, 0.02311477503586941, 0.033235324403003884, 0.018966279607906495, 0.026993417960867544, 0.03140439067618099, 0.02173103738967752, 0.02324026094049098, 0.022996855226060087, 0.029514256521376566, 0.018136416118243927, 0.018450361577232215, 0.016092965357229403, 0.03273261273022693, 0.031117152766561004, 0.015531900639821876, 0.01581459612963539, 0.01548209013695784, 0.016775328485128707, 0.017979320162525146, 0.016505782855704202, 0.014945208135279851, 0.019598573852847315, 0.013356851734541509, 0.014641343822149426, 0.014508535042819716, 0.014040930302576613, 0.016369890567085058, 0.01676321980508357, 0.01434254110183386, 0.017415486279855792, 0.015366432255095817, 0.019783066310743735, 0.019270946330987703, 0.020848763600285, 0.01825960065512262, 0.016092480249688523, 0.02035011415998489, 0.018017986376360352, 0.016880797933076633, 0.018121532681760758, 0.015560397432751963, 0.01687249317411577, 0.015944970626589606, 0.017460518451404807]"
10,7,LSS confounding,Causal Forest,1.9458979754608645,2.828546449505138,"[0.029717596689616977, 0.027276714557383955, 0.020263905934995195, 0.030719081684356563, 0.0466285576016509, 0.04642770500846709, 0.02545966692334682, 0.04302160042539736, 0.036788103443816285, 0.029414490875781695, 0.021147640206611105, 0.015888849789215495, 0.016044163094223813, 0.015098078981489637, 0.023420789809488626, 0.024610234929576615, 0.016018130376673642, 0.013865129008071906, 0.015860785381579808, 0.01828281407792664, 0.012388679533591572, 0.028135819418142315, 0.016401580093334246, 0.016920625601037766, 0.01681268811059257, 0.016127325003079864, 0.016190548275185047, 0.01522099100337014, 0.012601703408218356, 0.021736755190907085, 0.01457463861784124, 0.013754387125328131, 0.014607170753520637, 0.013069822511760674, 0.013538937207243248, 0.023365311659073636, 0.01631506318107831, 0.01241676104902172, 0.013992307489173244, 0.018165161411657207, 0.015139806322596896, 0.01419429821050885, 0.014987934029322495, 0.015179797800468053, 0.016879268859543477, 0.019423017790086785, 0.018068513339044766, 0.013739021815923472, 0.015337885430125557, 0.01476014095955234]"
10,7,Linear,Causal Forest,0.6939022784937445,0.856492033328248,"[0.024482763080823262, 0.05687418400222617, 0.0402991774238956, 0.024639096584299143, 0.022758900131142366, 0.028994506093298962, 0.03698470133927853, 0.024610450294138653, 0.031522596991727776, 0.03621053827885503, 0.02843479701255475, 0.016123435613058273, 0.020027423833032687, 0.029118246211968995, 0.018730589493591944, 0.018895309000209044, 0.027059784751004536, 0.02422704572494736, 0.022817195695704763, 0.02515664292005593, 0.012378227920515844, 0.017800282179447405, 0.015928652247563246, 0.01524789549403546, 0.015571902112842985, 0.012559306106279713, 0.017352121648465522, 0.018725160335165265, 0.014885239070644847, 0.01376741081362414, 0.013800669514669905, 0.01502092964171377, 0.01486141253468192, 0.012607576784761113, 0.01316174147028632, 0.01630113472483266, 0.011437502654278795, 0.014887620246854092, 0.013929081039320985, 0.012843404827553697, 0.018335926233657908, 0.013856642505299912, 0.017762353998205273, 0.01445662684409625, 0.016076405371152083, 0.013393648471830619, 0.01402002671187646, 0.01126770482497711, 0.016404157653238473, 0.013391851542314495]"
10,7,Mixed,Causal Forest,2.2965688863891,2.4714894613593468,"[0.014142120009247378, 0.016187286732692985, 0.011799136219940463, 0.01781561221979281, 0.014826955811035051, 0.01258875354949981, 0.01689047016536873, 0.014287137578550007, 0.012145288670187696, 0.01179369868114854, 0.011633240328915844, 0.013061827496360982, 0.016186184233641817, 0.011170828422865674, 0.013288151526117153, 0.021689176344986242, 0.01934469015345818, 0.017167027307025826, 0.01222994874042926, 0.012762550703214956, 0.02424968635627409, 0.032544498447197714, 0.06065297921293032, 0.042548432782006235, 0.05519330063614333, 0.0838780596727624, 0.03332737894755169, 0.03826689105452637, 0.0417374534031729, 0.03727906867500096, 0.012752844871632776, 0.014537631078641366, 0.013291400649657973, 0.010225621822491976, 0.015193416184219022, 0.016252646133415916, 0.01624772264554967, 0.009744456044942508, 0.011001670062654862, 0.010187711565335659, 0.013357144150842992, 0.010028314862857548, 0.013135987597817271, 0.013608298781263677, 0.013153783274559936, 0.014230885907569914, 0.014663192785540931, 0.014125246730982725, 0.011781832111145397, 0.011792358656832586]"
